=== fit dy_mass_c10 --unbinnedDeltaKernelForm fluctuation
param models: --paramModel UnbinnedParams
WARNING: All log messages before absl::InitializeLog() is called are written to STDERR
I0000 00:00:1789307041.097269   41338 port.cc:153] oneDNN custom operations are on. You may see slightly different numerical results due to floating-point round-off errors from different computation orders. To turn them off, set the environment variable `TF_ENABLE_ONEDNN_OPTS=0`.
WARNING: All log messages before absl::InitializeLog() is called are written to STDERR
I0000 00:00:1789307046.867196   41338 port.cc:153] oneDNN custom operations are on. You may see slightly different numerical results due to floating-point round-off errors from different computation orders. To turn them off, set the environment variable `TF_ENABLE_ONEDNN_OPTS=0`.
E0000 00:00:1789307053.925718   41338 cuda_platform.cc:52] failed call to cuInit: INTERNAL: CUDA error: Failed call to cuInit: UNKNOWN ERROR (303)
calib_dummy {'axes': [Integer(0, 1, underflow=False, overflow=False, name='bin')], 'masked': False, 'flow': False, 'start': 0, 'stop': 1}
[38;21mINFO:unbinned.py: unbinned term 'mass': 20 of 10173 candidates (0.1966 %) have |c_i/sigma_i| above corr_coeff_max = 0.08; the quadratic coefficient is bounded there[0m
[38;21mINFO:unbinned.py: Loaded unbinned term 'mass' (kind MaterialCF, channel jpsi): 10173 candidates, 1 chunk(s) of 10173, parameters ['alpha', 'material_other', 'material_beampipe', 'material_bpix_active_L1', 'material_bpix_active_L2', 'material_bpix_active_L3', 'material_bpix_services', 'material_bpix_support6', 'material_bpix_support7', 'material_fpix_active_D1', 'material_fpix_active_D2', 'material_fpix_support', 'material_tib_active_L1', 'material_tib_active_L2', 'material_tib_active_L3', 'material_tib_active_L4', 'material_tibtid_services', 'material_tib_support', 'material_tid_active_R1', 'material_tid_active_R2', 'material_tid_active_R3', 'material_tid_support', 'material_tob_active_L1', 'material_tob_active_L2', 'material_tob_active_L3', 'material_tob_active_L4', 'material_tob_active_L5', 'material_tob_active_L6', 'material_tob_services', 'material_tob_support', 'material_tec_active_R1', 'material_tec_active_R2', 'material_tec_active_R3', 'material_tec_active_R4', 'material_tec_active_R5', 'material_tec_active_R6', 'material_tec_active_R7', 'material_tec_services', 'material_tec_structure', 'material_thermal_screen', 'material_support_tube', 'material_pp1_cables', 'material_pixel_patch', 'hitres_pix_x_q0', 'hitres_pix_x_q1', 'hitres_pix_x_q2', 'hitres_pix_x_q3', 'hitres_pix_y_q0', 'hitres_pix_y_q1', 'hitres_pix_y_q2', 'hitres_pix_y_q3', 'hitres_str_N1_lo', 'hitres_str_N1_hi', 'hitres_str_N2_lo', 'hitres_str_N2_hi', 'hitres_str_N3_lo', 'hitres_str_N3_hi', 'hitres_str_N4_lo', 'hitres_str_N4_hi', 'hitres_str_N5_lo', 'hitres_str_N5_hi'][0m
[38;21mINFO:unbinned_params.py: UnbinnedParams: 61 POI(s) ['alpha', 'material_other', 'material_beampipe', 'material_bpix_active_L1', 'material_bpix_active_L2', 'material_bpix_active_L3', 'material_bpix_services', 'material_bpix_support6', 'material_bpix_support7', 'material_fpix_active_D1', 'material_fpix_active_D2', 'material_fpix_support', 'material_tib_active_L1', 'material_tib_active_L2', 'material_tib_active_L3', 'material_tib_active_L4', 'material_tibtid_services', 'material_tib_support', 'material_tid_active_R1', 'material_tid_active_R2', 'material_tid_active_R3', 'material_tid_support', 'material_tob_active_L1', 'material_tob_active_L2', 'material_tob_active_L3', 'material_tob_active_L4', 'material_tob_active_L5', 'material_tob_active_L6', 'material_tob_services', 'material_tob_support', 'material_tec_active_R1', 'material_tec_active_R2', 'material_tec_active_R3', 'material_tec_active_R4', 'material_tec_active_R5', 'material_tec_active_R6', 'material_tec_active_R7', 'material_tec_services', 'material_tec_structure', 'material_thermal_screen', 'material_support_tube', 'material_pp1_cables', 'material_pixel_patch', 'hitres_pix_x_q0', 'hitres_pix_x_q1', 'hitres_pix_x_q2', 'hitres_pix_x_q3', 'hitres_pix_y_q0', 'hitres_pix_y_q1', 'hitres_pix_y_q2', 'hitres_pix_y_q3', 'hitres_str_N1_lo', 'hitres_str_N1_hi', 'hitres_str_N2_lo', 'hitres_str_N2_hi', 'hitres_str_N3_lo', 'hitres_str_N3_hi', 'hitres_str_N4_lo', 'hitres_str_N4_hi', 'hitres_str_N5_lo', 'hitres_str_N5_hi'], 0 nuisance(s) [], 60 with a Gaussian prior[0m
[38;21mINFO:fitter.py: Unblinding 61 parameters: ['alpha', 'material_other', 'material_beampipe', 'material_bpix_active_L1', 'material_bpix_active_L2', 'material_bpix_active_L3', 'material_bpix_services', 'material_bpix_support6', 'material_bpix_support7', 'material_fpix_active_D1', 'material_fpix_active_D2', 'material_fpix_support', 'material_tib_active_L1', 'material_tib_active_L2', 'material_tib_active_L3', 'material_tib_active_L4', 'material_tibtid_services', 'material_tib_support', 'material_tid_active_R1', 'material_tid_active_R2', 'material_tid_active_R3', 'material_tid_support', 'material_tob_active_L1', 'material_tob_active_L2', 'material_tob_active_L3', 'material_tob_active_L4', 'material_tob_active_L5', 'material_tob_active_L6', 'material_tob_services', 'material_tob_support', 'material_tec_active_R1', 'material_tec_active_R2', 'material_tec_active_R3', 'material_tec_active_R4', 'material_tec_active_R5', 'material_tec_active_R6', 'material_tec_active_R7', 'material_tec_services', 'material_tec_structure', 'material_thermal_screen', 'material_support_tube', 'material_pp1_cables', 'material_pixel_patch', 'hitres_pix_x_q0', 'hitres_pix_x_q1', 'hitres_pix_x_q2', 'hitres_pix_x_q3', 'hitres_pix_y_q0', 'hitres_pix_y_q1', 'hitres_pix_y_q2', 'hitres_pix_y_q3', 'hitres_str_N1_lo', 'hitres_str_N1_hi', 'hitres_str_N2_lo', 'hitres_str_N2_hi', 'hitres_str_N3_lo', 'hitres_str_N3_hi', 'hitres_str_N4_lo', 'hitres_str_N4_hi', 'hitres_str_N5_lo', 'hitres_str_N5_hi'][0m
[38;21mINFO:fitter.py: [paramPriors] applying Gaussian priors to 60/61 ParamModel params:[0m
[38;21mINFO:fitter.py:     material_other: μ=0 σ=0.04[0m
[38;21mINFO:fitter.py:     material_beampipe: μ=0 σ=0.0001[0m
[38;21mINFO:fitter.py:     material_bpix_active_L1: μ=0 σ=0.0004[0m
[38;21mINFO:fitter.py:     material_bpix_active_L2: μ=0 σ=0.0004[0m
[38;21mINFO:fitter.py:     material_bpix_active_L3: μ=0 σ=0.0004[0m
[38;21mINFO:fitter.py:     material_bpix_services: μ=0 σ=0.01[0m
[38;21mINFO:fitter.py:     material_bpix_support6: μ=0 σ=0.0025[0m
[38;21mINFO:fitter.py:     material_bpix_support7: μ=0 σ=0.01[0m
[38;21mINFO:fitter.py:     material_fpix_active_D1: μ=0 σ=0.0004[0m
[38;21mINFO:fitter.py:     material_fpix_active_D2: μ=0 σ=0.0004[0m
[38;21mINFO:fitter.py:     material_fpix_support: μ=0 σ=0.0025[0m
[38;21mINFO:fitter.py:     material_tib_active_L1: μ=0 σ=0.0004[0m
[38;21mINFO:fitter.py:     material_tib_active_L2: μ=0 σ=0.0004[0m
[38;21mINFO:fitter.py:     material_tib_active_L3: μ=0 σ=0.0004[0m
[38;21mINFO:fitter.py:     material_tib_active_L4: μ=0 σ=0.0004[0m
[38;21mINFO:fitter.py:     material_tibtid_services: μ=0 σ=0.01[0m
[38;21mINFO:fitter.py:     material_tib_support: μ=0 σ=0.0025[0m
[38;21mINFO:fitter.py:     material_tid_active_R1: μ=0 σ=0.0004[0m
[38;21mINFO:fitter.py:     material_tid_active_R2: μ=0 σ=0.0004[0m
[38;21mINFO:fitter.py:     material_tid_active_R3: μ=0 σ=0.0004[0m
[38;21mINFO:fitter.py:     material_tid_support: μ=0 σ=0.0025[0m
[38;21mINFO:fitter.py:     material_tob_active_L1: μ=0 σ=0.0004[0m
[38;21mINFO:fitter.py:     material_tob_active_L2: μ=0 σ=0.0004[0m
[38;21mINFO:fitter.py:     material_tob_active_L3: μ=0 σ=0.0004[0m
[38;21mINFO:fitter.py:     material_tob_active_L4: μ=0 σ=0.0004[0m
[38;21mINFO:fitter.py:     material_tob_active_L5: μ=0 σ=0.0004[0m
[38;21mINFO:fitter.py:     material_tob_active_L6: μ=0 σ=0.0004[0m
[38;21mINFO:fitter.py:     material_tob_services: μ=0 σ=0.01[0m
[38;21mINFO:fitter.py:     material_tob_support: μ=0 σ=0.0025[0m
[38;21mINFO:fitter.py:     material_tec_active_R1: μ=0 σ=0.0004[0m
[38;21mINFO:fitter.py:     material_tec_active_R2: μ=0 σ=0.0004[0m
[38;21mINFO:fitter.py:     material_tec_active_R3: μ=0 σ=0.0004[0m
[38;21mINFO:fitter.py:     material_tec_active_R4: μ=0 σ=0.0004[0m
[38;21mINFO:fitter.py:     material_tec_active_R5: μ=0 σ=0.0004[0m
[38;21mINFO:fitter.py:     material_tec_active_R6: μ=0 σ=0.0004[0m
[38;21mINFO:fitter.py:     material_tec_active_R7: μ=0 σ=0.0004[0m
[38;21mINFO:fitter.py:     material_tec_services: μ=0 σ=0.01[0m
[38;21mINFO:fitter.py:     material_tec_structure: μ=0 σ=0.0025[0m
[38;21mINFO:fitter.py:     material_thermal_screen: μ=0 σ=0.0025[0m
[38;21mINFO:fitter.py:     material_support_tube: μ=0 σ=0.0025[0m
[38;21mINFO:fitter.py:     material_pp1_cables: μ=0 σ=0.01[0m
[38;21mINFO:fitter.py:     material_pixel_patch: μ=0 σ=0.01[0m
[38;21mINFO:fitter.py:     hitres_pix_x_q0: μ=0 σ=1[0m
[38;21mINFO:fitter.py:     hitres_pix_x_q1: μ=0 σ=1[0m
[38;21mINFO:fitter.py:     hitres_pix_x_q2: μ=0 σ=1[0m
[38;21mINFO:fitter.py:     hitres_pix_x_q3: μ=0 σ=1[0m
[38;21mINFO:fitter.py:     hitres_pix_y_q0: μ=0 σ=1[0m
[38;21mINFO:fitter.py:     hitres_pix_y_q1: μ=0 σ=1[0m
[38;21mINFO:fitter.py:     hitres_pix_y_q2: μ=0 σ=1[0m
[38;21mINFO:fitter.py:     hitres_pix_y_q3: μ=0 σ=1[0m
[38;21mINFO:fitter.py:     hitres_str_N1_lo: μ=0 σ=1[0m
[38;21mINFO:fitter.py:     hitres_str_N1_hi: μ=0 σ=1[0m
[38;21mINFO:fitter.py:     hitres_str_N2_lo: μ=0 σ=1[0m
[38;21mINFO:fitter.py:     hitres_str_N2_hi: μ=0 σ=1[0m
[38;21mINFO:fitter.py:     hitres_str_N3_lo: μ=0 σ=1[0m
[38;21mINFO:fitter.py:     hitres_str_N3_hi: μ=0 σ=1[0m
[38;21mINFO:fitter.py:     hitres_str_N4_lo: μ=0 σ=1[0m
[38;21mINFO:fitter.py:     hitres_str_N4_hi: μ=0 σ=1[0m
[38;21mINFO:fitter.py:     hitres_str_N5_lo: μ=0 σ=1[0m
[38;21mINFO:fitter.py:     hitres_str_N5_hi: μ=0 σ=1[0m
[38;21mINFO:fitter.py: unbinned term 'mass': 10173 candidates in 1 chunk(s) of 10173, graph loop[0m
[38;21mINFO:fitter.py: 1 unbinned term(s): the Hessian is assembled from Hessian-vector products rather than from the vectorised jacobian, and the HVP is revrev.[0m
[38;21mINFO:fitter.py: Perform iterative fit[0m
[38;21mINFO:fitter.py: [minimize] method=trust-krylov options={}[0m
[38;21mINFO:rabbit_fit.py: profile beta[0m
[38;21mINFO:rabbit_fit.py: edmval: 4.570302283768356e-16[0m
[38;21mINFO:rabbit_fit.py: Unbinned likelihood terms contribute 30218.238488 to the NLL; the saturated chi2 below is for the binned likelihood only[0m
[38;21mINFO:rabbit_fit.py: Saturated chi2:[0m
[38;21mINFO:rabbit_fit.py:     ndof: -60[0m
[38;21mINFO:rabbit_fit.py:     2*deltaNLL: 1.52[0m
[38;21mINFO:rabbit_fit.py:     p-value: nan%[0m
/work/submit/david_w/WRemnants_dev/wums/wums/ioutils.py:160: FutureWarning: .metadata was not set, returning None instead of Attribute error, boost-histogram 1.7+ will error.
  metadata = obj.metadata if hasattr(obj, "metadata") else None
Results written in file /ceph/submit/data/user/d/david_w/ZMass/cvh/runs_vtxres_260911/chi2cut/runs/fits/dy_mass_c10/fitresults.hdf5
[38;21mINFO:rabbit_fit.py: 355.30 seconds total time[0m
=== fit dy_mass_c3 --unbinnedDeltaKernelForm fluctuation
param models: --paramModel UnbinnedParams
WARNING: All log messages before absl::InitializeLog() is called are written to STDERR
I0000 00:00:1789307412.207907   43973 port.cc:153] oneDNN custom operations are on. You may see slightly different numerical results due to floating-point round-off errors from different computation orders. To turn them off, set the environment variable `TF_ENABLE_ONEDNN_OPTS=0`.
WARNING: All log messages before absl::InitializeLog() is called are written to STDERR
I0000 00:00:1789307418.330011   43973 port.cc:153] oneDNN custom operations are on. You may see slightly different numerical results due to floating-point round-off errors from different computation orders. To turn them off, set the environment variable `TF_ENABLE_ONEDNN_OPTS=0`.
E0000 00:00:1789307425.698947   43973 cuda_platform.cc:52] failed call to cuInit: INTERNAL: CUDA error: Failed call to cuInit: UNKNOWN ERROR (303)
calib_dummy {'axes': [Integer(0, 1, underflow=False, overflow=False, name='bin')], 'masked': False, 'flow': False, 'start': 0, 'stop': 1}
[38;21mINFO:unbinned.py: unbinned term 'mass': 20 of 10129 candidates (0.1975 %) have |c_i/sigma_i| above corr_coeff_max = 0.08; the quadratic coefficient is bounded there[0m
[38;21mINFO:unbinned.py: Loaded unbinned term 'mass' (kind MaterialCF, channel jpsi): 10129 candidates, 1 chunk(s) of 10129, parameters ['alpha', 'material_other', 'material_beampipe', 'material_bpix_active_L1', 'material_bpix_active_L2', 'material_bpix_active_L3', 'material_bpix_services', 'material_bpix_support6', 'material_bpix_support7', 'material_fpix_active_D1', 'material_fpix_active_D2', 'material_fpix_support', 'material_tib_active_L1', 'material_tib_active_L2', 'material_tib_active_L3', 'material_tib_active_L4', 'material_tibtid_services', 'material_tib_support', 'material_tid_active_R1', 'material_tid_active_R2', 'material_tid_active_R3', 'material_tid_support', 'material_tob_active_L1', 'material_tob_active_L2', 'material_tob_active_L3', 'material_tob_active_L4', 'material_tob_active_L5', 'material_tob_active_L6', 'material_tob_services', 'material_tob_support', 'material_tec_active_R1', 'material_tec_active_R2', 'material_tec_active_R3', 'material_tec_active_R4', 'material_tec_active_R5', 'material_tec_active_R6', 'material_tec_active_R7', 'material_tec_services', 'material_tec_structure', 'material_thermal_screen', 'material_support_tube', 'material_pp1_cables', 'material_pixel_patch', 'hitres_pix_x_q0', 'hitres_pix_x_q1', 'hitres_pix_x_q2', 'hitres_pix_x_q3', 'hitres_pix_y_q0', 'hitres_pix_y_q1', 'hitres_pix_y_q2', 'hitres_pix_y_q3', 'hitres_str_N1_lo', 'hitres_str_N1_hi', 'hitres_str_N2_lo', 'hitres_str_N2_hi', 'hitres_str_N3_lo', 'hitres_str_N3_hi', 'hitres_str_N4_lo', 'hitres_str_N4_hi', 'hitres_str_N5_lo', 'hitres_str_N5_hi'][0m
[38;21mINFO:unbinned_params.py: UnbinnedParams: 61 POI(s) ['alpha', 'material_other', 'material_beampipe', 'material_bpix_active_L1', 'material_bpix_active_L2', 'material_bpix_active_L3', 'material_bpix_services', 'material_bpix_support6', 'material_bpix_support7', 'material_fpix_active_D1', 'material_fpix_active_D2', 'material_fpix_support', 'material_tib_active_L1', 'material_tib_active_L2', 'material_tib_active_L3', 'material_tib_active_L4', 'material_tibtid_services', 'material_tib_support', 'material_tid_active_R1', 'material_tid_active_R2', 'material_tid_active_R3', 'material_tid_support', 'material_tob_active_L1', 'material_tob_active_L2', 'material_tob_active_L3', 'material_tob_active_L4', 'material_tob_active_L5', 'material_tob_active_L6', 'material_tob_services', 'material_tob_support', 'material_tec_active_R1', 'material_tec_active_R2', 'material_tec_active_R3', 'material_tec_active_R4', 'material_tec_active_R5', 'material_tec_active_R6', 'material_tec_active_R7', 'material_tec_services', 'material_tec_structure', 'material_thermal_screen', 'material_support_tube', 'material_pp1_cables', 'material_pixel_patch', 'hitres_pix_x_q0', 'hitres_pix_x_q1', 'hitres_pix_x_q2', 'hitres_pix_x_q3', 'hitres_pix_y_q0', 'hitres_pix_y_q1', 'hitres_pix_y_q2', 'hitres_pix_y_q3', 'hitres_str_N1_lo', 'hitres_str_N1_hi', 'hitres_str_N2_lo', 'hitres_str_N2_hi', 'hitres_str_N3_lo', 'hitres_str_N3_hi', 'hitres_str_N4_lo', 'hitres_str_N4_hi', 'hitres_str_N5_lo', 'hitres_str_N5_hi'], 0 nuisance(s) [], 60 with a Gaussian prior[0m
[38;21mINFO:fitter.py: Unblinding 61 parameters: ['alpha', 'material_other', 'material_beampipe', 'material_bpix_active_L1', 'material_bpix_active_L2', 'material_bpix_active_L3', 'material_bpix_services', 'material_bpix_support6', 'material_bpix_support7', 'material_fpix_active_D1', 'material_fpix_active_D2', 'material_fpix_support', 'material_tib_active_L1', 'material_tib_active_L2', 'material_tib_active_L3', 'material_tib_active_L4', 'material_tibtid_services', 'material_tib_support', 'material_tid_active_R1', 'material_tid_active_R2', 'material_tid_active_R3', 'material_tid_support', 'material_tob_active_L1', 'material_tob_active_L2', 'material_tob_active_L3', 'material_tob_active_L4', 'material_tob_active_L5', 'material_tob_active_L6', 'material_tob_services', 'material_tob_support', 'material_tec_active_R1', 'material_tec_active_R2', 'material_tec_active_R3', 'material_tec_active_R4', 'material_tec_active_R5', 'material_tec_active_R6', 'material_tec_active_R7', 'material_tec_services', 'material_tec_structure', 'material_thermal_screen', 'material_support_tube', 'material_pp1_cables', 'material_pixel_patch', 'hitres_pix_x_q0', 'hitres_pix_x_q1', 'hitres_pix_x_q2', 'hitres_pix_x_q3', 'hitres_pix_y_q0', 'hitres_pix_y_q1', 'hitres_pix_y_q2', 'hitres_pix_y_q3', 'hitres_str_N1_lo', 'hitres_str_N1_hi', 'hitres_str_N2_lo', 'hitres_str_N2_hi', 'hitres_str_N3_lo', 'hitres_str_N3_hi', 'hitres_str_N4_lo', 'hitres_str_N4_hi', 'hitres_str_N5_lo', 'hitres_str_N5_hi'][0m
[38;21mINFO:fitter.py: [paramPriors] applying Gaussian priors to 60/61 ParamModel params:[0m
[38;21mINFO:fitter.py:     material_other: μ=0 σ=0.04[0m
[38;21mINFO:fitter.py:     material_beampipe: μ=0 σ=0.0001[0m
[38;21mINFO:fitter.py:     material_bpix_active_L1: μ=0 σ=0.0004[0m
[38;21mINFO:fitter.py:     material_bpix_active_L2: μ=0 σ=0.0004[0m
[38;21mINFO:fitter.py:     material_bpix_active_L3: μ=0 σ=0.0004[0m
[38;21mINFO:fitter.py:     material_bpix_services: μ=0 σ=0.01[0m
[38;21mINFO:fitter.py:     material_bpix_support6: μ=0 σ=0.0025[0m
[38;21mINFO:fitter.py:     material_bpix_support7: μ=0 σ=0.01[0m
[38;21mINFO:fitter.py:     material_fpix_active_D1: μ=0 σ=0.0004[0m
[38;21mINFO:fitter.py:     material_fpix_active_D2: μ=0 σ=0.0004[0m
[38;21mINFO:fitter.py:     material_fpix_support: μ=0 σ=0.0025[0m
[38;21mINFO:fitter.py:     material_tib_active_L1: μ=0 σ=0.0004[0m
[38;21mINFO:fitter.py:     material_tib_active_L2: μ=0 σ=0.0004[0m
[38;21mINFO:fitter.py:     material_tib_active_L3: μ=0 σ=0.0004[0m
[38;21mINFO:fitter.py:     material_tib_active_L4: μ=0 σ=0.0004[0m
[38;21mINFO:fitter.py:     material_tibtid_services: μ=0 σ=0.01[0m
[38;21mINFO:fitter.py:     material_tib_support: μ=0 σ=0.0025[0m
[38;21mINFO:fitter.py:     material_tid_active_R1: μ=0 σ=0.0004[0m
[38;21mINFO:fitter.py:     material_tid_active_R2: μ=0 σ=0.0004[0m
[38;21mINFO:fitter.py:     material_tid_active_R3: μ=0 σ=0.0004[0m
[38;21mINFO:fitter.py:     material_tid_support: μ=0 σ=0.0025[0m
[38;21mINFO:fitter.py:     material_tob_active_L1: μ=0 σ=0.0004[0m
[38;21mINFO:fitter.py:     material_tob_active_L2: μ=0 σ=0.0004[0m
[38;21mINFO:fitter.py:     material_tob_active_L3: μ=0 σ=0.0004[0m
[38;21mINFO:fitter.py:     material_tob_active_L4: μ=0 σ=0.0004[0m
[38;21mINFO:fitter.py:     material_tob_active_L5: μ=0 σ=0.0004[0m
[38;21mINFO:fitter.py:     material_tob_active_L6: μ=0 σ=0.0004[0m
[38;21mINFO:fitter.py:     material_tob_services: μ=0 σ=0.01[0m
[38;21mINFO:fitter.py:     material_tob_support: μ=0 σ=0.0025[0m
[38;21mINFO:fitter.py:     material_tec_active_R1: μ=0 σ=0.0004[0m
[38;21mINFO:fitter.py:     material_tec_active_R2: μ=0 σ=0.0004[0m
[38;21mINFO:fitter.py:     material_tec_active_R3: μ=0 σ=0.0004[0m
[38;21mINFO:fitter.py:     material_tec_active_R4: μ=0 σ=0.0004[0m
[38;21mINFO:fitter.py:     material_tec_active_R5: μ=0 σ=0.0004[0m
[38;21mINFO:fitter.py:     material_tec_active_R6: μ=0 σ=0.0004[0m
[38;21mINFO:fitter.py:     material_tec_active_R7: μ=0 σ=0.0004[0m
[38;21mINFO:fitter.py:     material_tec_services: μ=0 σ=0.01[0m
[38;21mINFO:fitter.py:     material_tec_structure: μ=0 σ=0.0025[0m
[38;21mINFO:fitter.py:     material_thermal_screen: μ=0 σ=0.0025[0m
[38;21mINFO:fitter.py:     material_support_tube: μ=0 σ=0.0025[0m
[38;21mINFO:fitter.py:     material_pp1_cables: μ=0 σ=0.01[0m
[38;21mINFO:fitter.py:     material_pixel_patch: μ=0 σ=0.01[0m
[38;21mINFO:fitter.py:     hitres_pix_x_q0: μ=0 σ=1[0m
[38;21mINFO:fitter.py:     hitres_pix_x_q1: μ=0 σ=1[0m
[38;21mINFO:fitter.py:     hitres_pix_x_q2: μ=0 σ=1[0m
[38;21mINFO:fitter.py:     hitres_pix_x_q3: μ=0 σ=1[0m
[38;21mINFO:fitter.py:     hitres_pix_y_q0: μ=0 σ=1[0m
[38;21mINFO:fitter.py:     hitres_pix_y_q1: μ=0 σ=1[0m
[38;21mINFO:fitter.py:     hitres_pix_y_q2: μ=0 σ=1[0m
[38;21mINFO:fitter.py:     hitres_pix_y_q3: μ=0 σ=1[0m
[38;21mINFO:fitter.py:     hitres_str_N1_lo: μ=0 σ=1[0m
[38;21mINFO:fitter.py:     hitres_str_N1_hi: μ=0 σ=1[0m
[38;21mINFO:fitter.py:     hitres_str_N2_lo: μ=0 σ=1[0m
[38;21mINFO:fitter.py:     hitres_str_N2_hi: μ=0 σ=1[0m
[38;21mINFO:fitter.py:     hitres_str_N3_lo: μ=0 σ=1[0m
[38;21mINFO:fitter.py:     hitres_str_N3_hi: μ=0 σ=1[0m
[38;21mINFO:fitter.py:     hitres_str_N4_lo: μ=0 σ=1[0m
[38;21mINFO:fitter.py:     hitres_str_N4_hi: μ=0 σ=1[0m
[38;21mINFO:fitter.py:     hitres_str_N5_lo: μ=0 σ=1[0m
[38;21mINFO:fitter.py:     hitres_str_N5_hi: μ=0 σ=1[0m
[38;21mINFO:fitter.py: unbinned term 'mass': 10129 candidates in 1 chunk(s) of 10129, graph loop[0m
[38;21mINFO:fitter.py: 1 unbinned term(s): the Hessian is assembled from Hessian-vector products rather than from the vectorised jacobian, and the HVP is revrev.[0m
[38;21mINFO:fitter.py: Perform iterative fit[0m
[38;21mINFO:fitter.py: [minimize] method=trust-krylov options={}[0m
[38;21mINFO:rabbit_fit.py: profile beta[0m
[38;21mINFO:rabbit_fit.py: edmval: 1.1117785725047128e-15[0m
[38;21mINFO:rabbit_fit.py: Unbinned likelihood terms contribute 30095.642926 to the NLL; the saturated chi2 below is for the binned likelihood only[0m
[38;21mINFO:rabbit_fit.py: Saturated chi2:[0m
[38;21mINFO:rabbit_fit.py:     ndof: -60[0m
[38;21mINFO:rabbit_fit.py:     2*deltaNLL: 1.47[0m
[38;21mINFO:rabbit_fit.py:     p-value: nan%[0m
/work/submit/david_w/WRemnants_dev/wums/wums/ioutils.py:160: FutureWarning: .metadata was not set, returning None instead of Attribute error, boost-histogram 1.7+ will error.
  metadata = obj.metadata if hasattr(obj, "metadata") else None
Results written in file /ceph/submit/data/user/d/david_w/ZMass/cvh/runs_vtxres_260911/chi2cut/runs/fits/dy_mass_c3/fitresults.hdf5
[38;21mINFO:rabbit_fit.py: 336.20 seconds total time[0m
=== fit dy_mass_c5 --unbinnedDeltaKernelForm fluctuation
param models: --paramModel UnbinnedParams
WARNING: All log messages before absl::InitializeLog() is called are written to STDERR
I0000 00:00:1789307764.776206   48248 port.cc:153] oneDNN custom operations are on. You may see slightly different numerical results due to floating-point round-off errors from different computation orders. To turn them off, set the environment variable `TF_ENABLE_ONEDNN_OPTS=0`.
WARNING: All log messages before absl::InitializeLog() is called are written to STDERR
I0000 00:00:1789307770.634621   48248 port.cc:153] oneDNN custom operations are on. You may see slightly different numerical results due to floating-point round-off errors from different computation orders. To turn them off, set the environment variable `TF_ENABLE_ONEDNN_OPTS=0`.
E0000 00:00:1789307777.767521   48248 cuda_platform.cc:52] failed call to cuInit: INTERNAL: CUDA error: Failed call to cuInit: UNKNOWN ERROR (303)
calib_dummy {'axes': [Integer(0, 1, underflow=False, overflow=False, name='bin')], 'masked': False, 'flow': False, 'start': 0, 'stop': 1}
[38;21mINFO:unbinned.py: unbinned term 'mass': 20 of 10172 candidates (0.1966 %) have |c_i/sigma_i| above corr_coeff_max = 0.08; the quadratic coefficient is bounded there[0m
[38;21mINFO:unbinned.py: Loaded unbinned term 'mass' (kind MaterialCF, channel jpsi): 10172 candidates, 1 chunk(s) of 10172, parameters ['alpha', 'material_other', 'material_beampipe', 'material_bpix_active_L1', 'material_bpix_active_L2', 'material_bpix_active_L3', 'material_bpix_services', 'material_bpix_support6', 'material_bpix_support7', 'material_fpix_active_D1', 'material_fpix_active_D2', 'material_fpix_support', 'material_tib_active_L1', 'material_tib_active_L2', 'material_tib_active_L3', 'material_tib_active_L4', 'material_tibtid_services', 'material_tib_support', 'material_tid_active_R1', 'material_tid_active_R2', 'material_tid_active_R3', 'material_tid_support', 'material_tob_active_L1', 'material_tob_active_L2', 'material_tob_active_L3', 'material_tob_active_L4', 'material_tob_active_L5', 'material_tob_active_L6', 'material_tob_services', 'material_tob_support', 'material_tec_active_R1', 'material_tec_active_R2', 'material_tec_active_R3', 'material_tec_active_R4', 'material_tec_active_R5', 'material_tec_active_R6', 'material_tec_active_R7', 'material_tec_services', 'material_tec_structure', 'material_thermal_screen', 'material_support_tube', 'material_pp1_cables', 'material_pixel_patch', 'hitres_pix_x_q0', 'hitres_pix_x_q1', 'hitres_pix_x_q2', 'hitres_pix_x_q3', 'hitres_pix_y_q0', 'hitres_pix_y_q1', 'hitres_pix_y_q2', 'hitres_pix_y_q3', 'hitres_str_N1_lo', 'hitres_str_N1_hi', 'hitres_str_N2_lo', 'hitres_str_N2_hi', 'hitres_str_N3_lo', 'hitres_str_N3_hi', 'hitres_str_N4_lo', 'hitres_str_N4_hi', 'hitres_str_N5_lo', 'hitres_str_N5_hi'][0m
[38;21mINFO:unbinned_params.py: UnbinnedParams: 61 POI(s) ['alpha', 'material_other', 'material_beampipe', 'material_bpix_active_L1', 'material_bpix_active_L2', 'material_bpix_active_L3', 'material_bpix_services', 'material_bpix_support6', 'material_bpix_support7', 'material_fpix_active_D1', 'material_fpix_active_D2', 'material_fpix_support', 'material_tib_active_L1', 'material_tib_active_L2', 'material_tib_active_L3', 'material_tib_active_L4', 'material_tibtid_services', 'material_tib_support', 'material_tid_active_R1', 'material_tid_active_R2', 'material_tid_active_R3', 'material_tid_support', 'material_tob_active_L1', 'material_tob_active_L2', 'material_tob_active_L3', 'material_tob_active_L4', 'material_tob_active_L5', 'material_tob_active_L6', 'material_tob_services', 'material_tob_support', 'material_tec_active_R1', 'material_tec_active_R2', 'material_tec_active_R3', 'material_tec_active_R4', 'material_tec_active_R5', 'material_tec_active_R6', 'material_tec_active_R7', 'material_tec_services', 'material_tec_structure', 'material_thermal_screen', 'material_support_tube', 'material_pp1_cables', 'material_pixel_patch', 'hitres_pix_x_q0', 'hitres_pix_x_q1', 'hitres_pix_x_q2', 'hitres_pix_x_q3', 'hitres_pix_y_q0', 'hitres_pix_y_q1', 'hitres_pix_y_q2', 'hitres_pix_y_q3', 'hitres_str_N1_lo', 'hitres_str_N1_hi', 'hitres_str_N2_lo', 'hitres_str_N2_hi', 'hitres_str_N3_lo', 'hitres_str_N3_hi', 'hitres_str_N4_lo', 'hitres_str_N4_hi', 'hitres_str_N5_lo', 'hitres_str_N5_hi'], 0 nuisance(s) [], 60 with a Gaussian prior[0m
[38;21mINFO:fitter.py: Unblinding 61 parameters: ['alpha', 'material_other', 'material_beampipe', 'material_bpix_active_L1', 'material_bpix_active_L2', 'material_bpix_active_L3', 'material_bpix_services', 'material_bpix_support6', 'material_bpix_support7', 'material_fpix_active_D1', 'material_fpix_active_D2', 'material_fpix_support', 'material_tib_active_L1', 'material_tib_active_L2', 'material_tib_active_L3', 'material_tib_active_L4', 'material_tibtid_services', 'material_tib_support', 'material_tid_active_R1', 'material_tid_active_R2', 'material_tid_active_R3', 'material_tid_support', 'material_tob_active_L1', 'material_tob_active_L2', 'material_tob_active_L3', 'material_tob_active_L4', 'material_tob_active_L5', 'material_tob_active_L6', 'material_tob_services', 'material_tob_support', 'material_tec_active_R1', 'material_tec_active_R2', 'material_tec_active_R3', 'material_tec_active_R4', 'material_tec_active_R5', 'material_tec_active_R6', 'material_tec_active_R7', 'material_tec_services', 'material_tec_structure', 'material_thermal_screen', 'material_support_tube', 'material_pp1_cables', 'material_pixel_patch', 'hitres_pix_x_q0', 'hitres_pix_x_q1', 'hitres_pix_x_q2', 'hitres_pix_x_q3', 'hitres_pix_y_q0', 'hitres_pix_y_q1', 'hitres_pix_y_q2', 'hitres_pix_y_q3', 'hitres_str_N1_lo', 'hitres_str_N1_hi', 'hitres_str_N2_lo', 'hitres_str_N2_hi', 'hitres_str_N3_lo', 'hitres_str_N3_hi', 'hitres_str_N4_lo', 'hitres_str_N4_hi', 'hitres_str_N5_lo', 'hitres_str_N5_hi'][0m
[38;21mINFO:fitter.py: [paramPriors] applying Gaussian priors to 60/61 ParamModel params:[0m
[38;21mINFO:fitter.py:     material_other: μ=0 σ=0.04[0m
[38;21mINFO:fitter.py:     material_beampipe: μ=0 σ=0.0001[0m
[38;21mINFO:fitter.py:     material_bpix_active_L1: μ=0 σ=0.0004[0m
[38;21mINFO:fitter.py:     material_bpix_active_L2: μ=0 σ=0.0004[0m
[38;21mINFO:fitter.py:     material_bpix_active_L3: μ=0 σ=0.0004[0m
[38;21mINFO:fitter.py:     material_bpix_services: μ=0 σ=0.01[0m
[38;21mINFO:fitter.py:     material_bpix_support6: μ=0 σ=0.0025[0m
[38;21mINFO:fitter.py:     material_bpix_support7: μ=0 σ=0.01[0m
[38;21mINFO:fitter.py:     material_fpix_active_D1: μ=0 σ=0.0004[0m
[38;21mINFO:fitter.py:     material_fpix_active_D2: μ=0 σ=0.0004[0m
[38;21mINFO:fitter.py:     material_fpix_support: μ=0 σ=0.0025[0m
[38;21mINFO:fitter.py:     material_tib_active_L1: μ=0 σ=0.0004[0m
[38;21mINFO:fitter.py:     material_tib_active_L2: μ=0 σ=0.0004[0m
[38;21mINFO:fitter.py:     material_tib_active_L3: μ=0 σ=0.0004[0m
[38;21mINFO:fitter.py:     material_tib_active_L4: μ=0 σ=0.0004[0m
[38;21mINFO:fitter.py:     material_tibtid_services: μ=0 σ=0.01[0m
[38;21mINFO:fitter.py:     material_tib_support: μ=0 σ=0.0025[0m
[38;21mINFO:fitter.py:     material_tid_active_R1: μ=0 σ=0.0004[0m
[38;21mINFO:fitter.py:     material_tid_active_R2: μ=0 σ=0.0004[0m
[38;21mINFO:fitter.py:     material_tid_active_R3: μ=0 σ=0.0004[0m
[38;21mINFO:fitter.py:     material_tid_support: μ=0 σ=0.0025[0m
[38;21mINFO:fitter.py:     material_tob_active_L1: μ=0 σ=0.0004[0m
[38;21mINFO:fitter.py:     material_tob_active_L2: μ=0 σ=0.0004[0m
[38;21mINFO:fitter.py:     material_tob_active_L3: μ=0 σ=0.0004[0m
[38;21mINFO:fitter.py:     material_tob_active_L4: μ=0 σ=0.0004[0m
[38;21mINFO:fitter.py:     material_tob_active_L5: μ=0 σ=0.0004[0m
[38;21mINFO:fitter.py:     material_tob_active_L6: μ=0 σ=0.0004[0m
[38;21mINFO:fitter.py:     material_tob_services: μ=0 σ=0.01[0m
[38;21mINFO:fitter.py:     material_tob_support: μ=0 σ=0.0025[0m
[38;21mINFO:fitter.py:     material_tec_active_R1: μ=0 σ=0.0004[0m
[38;21mINFO:fitter.py:     material_tec_active_R2: μ=0 σ=0.0004[0m
[38;21mINFO:fitter.py:     material_tec_active_R3: μ=0 σ=0.0004[0m
[38;21mINFO:fitter.py:     material_tec_active_R4: μ=0 σ=0.0004[0m
[38;21mINFO:fitter.py:     material_tec_active_R5: μ=0 σ=0.0004[0m
[38;21mINFO:fitter.py:     material_tec_active_R6: μ=0 σ=0.0004[0m
[38;21mINFO:fitter.py:     material_tec_active_R7: μ=0 σ=0.0004[0m
[38;21mINFO:fitter.py:     material_tec_services: μ=0 σ=0.01[0m
[38;21mINFO:fitter.py:     material_tec_structure: μ=0 σ=0.0025[0m
[38;21mINFO:fitter.py:     material_thermal_screen: μ=0 σ=0.0025[0m
[38;21mINFO:fitter.py:     material_support_tube: μ=0 σ=0.0025[0m
[38;21mINFO:fitter.py:     material_pp1_cables: μ=0 σ=0.01[0m
[38;21mINFO:fitter.py:     material_pixel_patch: μ=0 σ=0.01[0m
[38;21mINFO:fitter.py:     hitres_pix_x_q0: μ=0 σ=1[0m
[38;21mINFO:fitter.py:     hitres_pix_x_q1: μ=0 σ=1[0m
[38;21mINFO:fitter.py:     hitres_pix_x_q2: μ=0 σ=1[0m
[38;21mINFO:fitter.py:     hitres_pix_x_q3: μ=0 σ=1[0m
[38;21mINFO:fitter.py:     hitres_pix_y_q0: μ=0 σ=1[0m
[38;21mINFO:fitter.py:     hitres_pix_y_q1: μ=0 σ=1[0m
[38;21mINFO:fitter.py:     hitres_pix_y_q2: μ=0 σ=1[0m
[38;21mINFO:fitter.py:     hitres_pix_y_q3: μ=0 σ=1[0m
[38;21mINFO:fitter.py:     hitres_str_N1_lo: μ=0 σ=1[0m
[38;21mINFO:fitter.py:     hitres_str_N1_hi: μ=0 σ=1[0m
[38;21mINFO:fitter.py:     hitres_str_N2_lo: μ=0 σ=1[0m
[38;21mINFO:fitter.py:     hitres_str_N2_hi: μ=0 σ=1[0m
[38;21mINFO:fitter.py:     hitres_str_N3_lo: μ=0 σ=1[0m
[38;21mINFO:fitter.py:     hitres_str_N3_hi: μ=0 σ=1[0m
[38;21mINFO:fitter.py:     hitres_str_N4_lo: μ=0 σ=1[0m
[38;21mINFO:fitter.py:     hitres_str_N4_hi: μ=0 σ=1[0m
[38;21mINFO:fitter.py:     hitres_str_N5_lo: μ=0 σ=1[0m
[38;21mINFO:fitter.py:     hitres_str_N5_hi: μ=0 σ=1[0m
[38;21mINFO:fitter.py: unbinned term 'mass': 10172 candidates in 1 chunk(s) of 10172, graph loop[0m
[38;21mINFO:fitter.py: 1 unbinned term(s): the Hessian is assembled from Hessian-vector products rather than from the vectorised jacobian, and the HVP is revrev.[0m
[38;21mINFO:fitter.py: Perform iterative fit[0m
[38;21mINFO:fitter.py: [minimize] method=trust-krylov options={}[0m
[38;21mINFO:rabbit_fit.py: profile beta[0m
[38;21mINFO:rabbit_fit.py: edmval: 6.978333212123127e-16[0m
[38;21mINFO:rabbit_fit.py: Unbinned likelihood terms contribute 30216.310496 to the NLL; the saturated chi2 below is for the binned likelihood only[0m
[38;21mINFO:rabbit_fit.py: Saturated chi2:[0m
[38;21mINFO:rabbit_fit.py:     ndof: -60[0m
[38;21mINFO:rabbit_fit.py:     2*deltaNLL: 1.52[0m
[38;21mINFO:rabbit_fit.py:     p-value: nan%[0m
/work/submit/david_w/WRemnants_dev/wums/wums/ioutils.py:160: FutureWarning: .metadata was not set, returning None instead of Attribute error, boost-histogram 1.7+ will error.
  metadata = obj.metadata if hasattr(obj, "metadata") else None
Results written in file /ceph/submit/data/user/d/david_w/ZMass/cvh/runs_vtxres_260911/chi2cut/runs/fits/dy_mass_c5/fitresults.hdf5
[38;21mINFO:rabbit_fit.py: 324.70 seconds total time[0m
=== fit dy_mass_off --unbinnedDeltaKernelForm fluctuation
param models: --paramModel UnbinnedParams
WARNING: All log messages before absl::InitializeLog() is called are written to STDERR
I0000 00:00:1789308105.288012   65321 port.cc:153] oneDNN custom operations are on. You may see slightly different numerical results due to floating-point round-off errors from different computation orders. To turn them off, set the environment variable `TF_ENABLE_ONEDNN_OPTS=0`.
WARNING: All log messages before absl::InitializeLog() is called are written to STDERR
I0000 00:00:1789308111.194600   65321 port.cc:153] oneDNN custom operations are on. You may see slightly different numerical results due to floating-point round-off errors from different computation orders. To turn them off, set the environment variable `TF_ENABLE_ONEDNN_OPTS=0`.
E0000 00:00:1789308118.353741   65321 cuda_platform.cc:52] failed call to cuInit: INTERNAL: CUDA error: Failed call to cuInit: UNKNOWN ERROR (303)
calib_dummy {'axes': [Integer(0, 1, underflow=False, overflow=False, name='bin')], 'masked': False, 'flow': False, 'start': 0, 'stop': 1}
[38;21mINFO:unbinned.py: unbinned term 'mass': 20 of 10177 candidates (0.1965 %) have |c_i/sigma_i| above corr_coeff_max = 0.08; the quadratic coefficient is bounded there[0m
[38;21mINFO:unbinned.py: Loaded unbinned term 'mass' (kind MaterialCF, channel jpsi): 10177 candidates, 1 chunk(s) of 10177, parameters ['alpha', 'material_other', 'material_beampipe', 'material_bpix_active_L1', 'material_bpix_active_L2', 'material_bpix_active_L3', 'material_bpix_services', 'material_bpix_support6', 'material_bpix_support7', 'material_fpix_active_D1', 'material_fpix_active_D2', 'material_fpix_support', 'material_tib_active_L1', 'material_tib_active_L2', 'material_tib_active_L3', 'material_tib_active_L4', 'material_tibtid_services', 'material_tib_support', 'material_tid_active_R1', 'material_tid_active_R2', 'material_tid_active_R3', 'material_tid_support', 'material_tob_active_L1', 'material_tob_active_L2', 'material_tob_active_L3', 'material_tob_active_L4', 'material_tob_active_L5', 'material_tob_active_L6', 'material_tob_services', 'material_tob_support', 'material_tec_active_R1', 'material_tec_active_R2', 'material_tec_active_R3', 'material_tec_active_R4', 'material_tec_active_R5', 'material_tec_active_R6', 'material_tec_active_R7', 'material_tec_services', 'material_tec_structure', 'material_thermal_screen', 'material_support_tube', 'material_pp1_cables', 'material_pixel_patch', 'hitres_pix_x_q0', 'hitres_pix_x_q1', 'hitres_pix_x_q2', 'hitres_pix_x_q3', 'hitres_pix_y_q0', 'hitres_pix_y_q1', 'hitres_pix_y_q2', 'hitres_pix_y_q3', 'hitres_str_N1_lo', 'hitres_str_N1_hi', 'hitres_str_N2_lo', 'hitres_str_N2_hi', 'hitres_str_N3_lo', 'hitres_str_N3_hi', 'hitres_str_N4_lo', 'hitres_str_N4_hi', 'hitres_str_N5_lo', 'hitres_str_N5_hi'][0m
[38;21mINFO:unbinned_params.py: UnbinnedParams: 61 POI(s) ['alpha', 'material_other', 'material_beampipe', 'material_bpix_active_L1', 'material_bpix_active_L2', 'material_bpix_active_L3', 'material_bpix_services', 'material_bpix_support6', 'material_bpix_support7', 'material_fpix_active_D1', 'material_fpix_active_D2', 'material_fpix_support', 'material_tib_active_L1', 'material_tib_active_L2', 'material_tib_active_L3', 'material_tib_active_L4', 'material_tibtid_services', 'material_tib_support', 'material_tid_active_R1', 'material_tid_active_R2', 'material_tid_active_R3', 'material_tid_support', 'material_tob_active_L1', 'material_tob_active_L2', 'material_tob_active_L3', 'material_tob_active_L4', 'material_tob_active_L5', 'material_tob_active_L6', 'material_tob_services', 'material_tob_support', 'material_tec_active_R1', 'material_tec_active_R2', 'material_tec_active_R3', 'material_tec_active_R4', 'material_tec_active_R5', 'material_tec_active_R6', 'material_tec_active_R7', 'material_tec_services', 'material_tec_structure', 'material_thermal_screen', 'material_support_tube', 'material_pp1_cables', 'material_pixel_patch', 'hitres_pix_x_q0', 'hitres_pix_x_q1', 'hitres_pix_x_q2', 'hitres_pix_x_q3', 'hitres_pix_y_q0', 'hitres_pix_y_q1', 'hitres_pix_y_q2', 'hitres_pix_y_q3', 'hitres_str_N1_lo', 'hitres_str_N1_hi', 'hitres_str_N2_lo', 'hitres_str_N2_hi', 'hitres_str_N3_lo', 'hitres_str_N3_hi', 'hitres_str_N4_lo', 'hitres_str_N4_hi', 'hitres_str_N5_lo', 'hitres_str_N5_hi'], 0 nuisance(s) [], 60 with a Gaussian prior[0m
[38;21mINFO:fitter.py: Unblinding 61 parameters: ['alpha', 'material_other', 'material_beampipe', 'material_bpix_active_L1', 'material_bpix_active_L2', 'material_bpix_active_L3', 'material_bpix_services', 'material_bpix_support6', 'material_bpix_support7', 'material_fpix_active_D1', 'material_fpix_active_D2', 'material_fpix_support', 'material_tib_active_L1', 'material_tib_active_L2', 'material_tib_active_L3', 'material_tib_active_L4', 'material_tibtid_services', 'material_tib_support', 'material_tid_active_R1', 'material_tid_active_R2', 'material_tid_active_R3', 'material_tid_support', 'material_tob_active_L1', 'material_tob_active_L2', 'material_tob_active_L3', 'material_tob_active_L4', 'material_tob_active_L5', 'material_tob_active_L6', 'material_tob_services', 'material_tob_support', 'material_tec_active_R1', 'material_tec_active_R2', 'material_tec_active_R3', 'material_tec_active_R4', 'material_tec_active_R5', 'material_tec_active_R6', 'material_tec_active_R7', 'material_tec_services', 'material_tec_structure', 'material_thermal_screen', 'material_support_tube', 'material_pp1_cables', 'material_pixel_patch', 'hitres_pix_x_q0', 'hitres_pix_x_q1', 'hitres_pix_x_q2', 'hitres_pix_x_q3', 'hitres_pix_y_q0', 'hitres_pix_y_q1', 'hitres_pix_y_q2', 'hitres_pix_y_q3', 'hitres_str_N1_lo', 'hitres_str_N1_hi', 'hitres_str_N2_lo', 'hitres_str_N2_hi', 'hitres_str_N3_lo', 'hitres_str_N3_hi', 'hitres_str_N4_lo', 'hitres_str_N4_hi', 'hitres_str_N5_lo', 'hitres_str_N5_hi'][0m
[38;21mINFO:fitter.py: [paramPriors] applying Gaussian priors to 60/61 ParamModel params:[0m
[38;21mINFO:fitter.py:     material_other: μ=0 σ=0.04[0m
[38;21mINFO:fitter.py:     material_beampipe: μ=0 σ=0.0001[0m
[38;21mINFO:fitter.py:     material_bpix_active_L1: μ=0 σ=0.0004[0m
[38;21mINFO:fitter.py:     material_bpix_active_L2: μ=0 σ=0.0004[0m
[38;21mINFO:fitter.py:     material_bpix_active_L3: μ=0 σ=0.0004[0m
[38;21mINFO:fitter.py:     material_bpix_services: μ=0 σ=0.01[0m
[38;21mINFO:fitter.py:     material_bpix_support6: μ=0 σ=0.0025[0m
[38;21mINFO:fitter.py:     material_bpix_support7: μ=0 σ=0.01[0m
[38;21mINFO:fitter.py:     material_fpix_active_D1: μ=0 σ=0.0004[0m
[38;21mINFO:fitter.py:     material_fpix_active_D2: μ=0 σ=0.0004[0m
[38;21mINFO:fitter.py:     material_fpix_support: μ=0 σ=0.0025[0m
[38;21mINFO:fitter.py:     material_tib_active_L1: μ=0 σ=0.0004[0m
[38;21mINFO:fitter.py:     material_tib_active_L2: μ=0 σ=0.0004[0m
[38;21mINFO:fitter.py:     material_tib_active_L3: μ=0 σ=0.0004[0m
[38;21mINFO:fitter.py:     material_tib_active_L4: μ=0 σ=0.0004[0m
[38;21mINFO:fitter.py:     material_tibtid_services: μ=0 σ=0.01[0m
[38;21mINFO:fitter.py:     material_tib_support: μ=0 σ=0.0025[0m
[38;21mINFO:fitter.py:     material_tid_active_R1: μ=0 σ=0.0004[0m
[38;21mINFO:fitter.py:     material_tid_active_R2: μ=0 σ=0.0004[0m
[38;21mINFO:fitter.py:     material_tid_active_R3: μ=0 σ=0.0004[0m
[38;21mINFO:fitter.py:     material_tid_support: μ=0 σ=0.0025[0m
[38;21mINFO:fitter.py:     material_tob_active_L1: μ=0 σ=0.0004[0m
[38;21mINFO:fitter.py:     material_tob_active_L2: μ=0 σ=0.0004[0m
[38;21mINFO:fitter.py:     material_tob_active_L3: μ=0 σ=0.0004[0m
[38;21mINFO:fitter.py:     material_tob_active_L4: μ=0 σ=0.0004[0m
[38;21mINFO:fitter.py:     material_tob_active_L5: μ=0 σ=0.0004[0m
[38;21mINFO:fitter.py:     material_tob_active_L6: μ=0 σ=0.0004[0m
[38;21mINFO:fitter.py:     material_tob_services: μ=0 σ=0.01[0m
[38;21mINFO:fitter.py:     material_tob_support: μ=0 σ=0.0025[0m
[38;21mINFO:fitter.py:     material_tec_active_R1: μ=0 σ=0.0004[0m
[38;21mINFO:fitter.py:     material_tec_active_R2: μ=0 σ=0.0004[0m
[38;21mINFO:fitter.py:     material_tec_active_R3: μ=0 σ=0.0004[0m
[38;21mINFO:fitter.py:     material_tec_active_R4: μ=0 σ=0.0004[0m
[38;21mINFO:fitter.py:     material_tec_active_R5: μ=0 σ=0.0004[0m
[38;21mINFO:fitter.py:     material_tec_active_R6: μ=0 σ=0.0004[0m
[38;21mINFO:fitter.py:     material_tec_active_R7: μ=0 σ=0.0004[0m
[38;21mINFO:fitter.py:     material_tec_services: μ=0 σ=0.01[0m
[38;21mINFO:fitter.py:     material_tec_structure: μ=0 σ=0.0025[0m
[38;21mINFO:fitter.py:     material_thermal_screen: μ=0 σ=0.0025[0m
[38;21mINFO:fitter.py:     material_support_tube: μ=0 σ=0.0025[0m
[38;21mINFO:fitter.py:     material_pp1_cables: μ=0 σ=0.01[0m
[38;21mINFO:fitter.py:     material_pixel_patch: μ=0 σ=0.01[0m
[38;21mINFO:fitter.py:     hitres_pix_x_q0: μ=0 σ=1[0m
[38;21mINFO:fitter.py:     hitres_pix_x_q1: μ=0 σ=1[0m
[38;21mINFO:fitter.py:     hitres_pix_x_q2: μ=0 σ=1[0m
[38;21mINFO:fitter.py:     hitres_pix_x_q3: μ=0 σ=1[0m
[38;21mINFO:fitter.py:     hitres_pix_y_q0: μ=0 σ=1[0m
[38;21mINFO:fitter.py:     hitres_pix_y_q1: μ=0 σ=1[0m
[38;21mINFO:fitter.py:     hitres_pix_y_q2: μ=0 σ=1[0m
[38;21mINFO:fitter.py:     hitres_pix_y_q3: μ=0 σ=1[0m
[38;21mINFO:fitter.py:     hitres_str_N1_lo: μ=0 σ=1[0m
[38;21mINFO:fitter.py:     hitres_str_N1_hi: μ=0 σ=1[0m
[38;21mINFO:fitter.py:     hitres_str_N2_lo: μ=0 σ=1[0m
[38;21mINFO:fitter.py:     hitres_str_N2_hi: μ=0 σ=1[0m
[38;21mINFO:fitter.py:     hitres_str_N3_lo: μ=0 σ=1[0m
[38;21mINFO:fitter.py:     hitres_str_N3_hi: μ=0 σ=1[0m
[38;21mINFO:fitter.py:     hitres_str_N4_lo: μ=0 σ=1[0m
[38;21mINFO:fitter.py:     hitres_str_N4_hi: μ=0 σ=1[0m
[38;21mINFO:fitter.py:     hitres_str_N5_lo: μ=0 σ=1[0m
[38;21mINFO:fitter.py:     hitres_str_N5_hi: μ=0 σ=1[0m
[38;21mINFO:fitter.py: unbinned term 'mass': 10177 candidates in 1 chunk(s) of 10177, graph loop[0m
[38;21mINFO:fitter.py: 1 unbinned term(s): the Hessian is assembled from Hessian-vector products rather than from the vectorised jacobian, and the HVP is revrev.[0m
[38;21mINFO:fitter.py: Perform iterative fit[0m
[38;21mINFO:fitter.py: [minimize] method=trust-krylov options={}[0m
[38;21mINFO:rabbit_fit.py: profile beta[0m
[38;21mINFO:rabbit_fit.py: edmval: 3.2936188650561695e-15[0m
[38;21mINFO:rabbit_fit.py: Unbinned likelihood terms contribute 30227.837469 to the NLL; the saturated chi2 below is for the binned likelihood only[0m
[38;21mINFO:rabbit_fit.py: Saturated chi2:[0m
[38;21mINFO:rabbit_fit.py:     ndof: -60[0m
[38;21mINFO:rabbit_fit.py:     2*deltaNLL: 1.55[0m
[38;21mINFO:rabbit_fit.py:     p-value: nan%[0m
/work/submit/david_w/WRemnants_dev/wums/wums/ioutils.py:160: FutureWarning: .metadata was not set, returning None instead of Attribute error, boost-histogram 1.7+ will error.
  metadata = obj.metadata if hasattr(obj, "metadata") else None
Results written in file /ceph/submit/data/user/d/david_w/ZMass/cvh/runs_vtxres_260911/chi2cut/runs/fits/dy_mass_off/fitresults.hdf5
[38;21mINFO:rabbit_fit.py: 328.07 seconds total time[0m
=== fit dy_vtx_bothoff 
param models: --paramModel UnbinnedParams
WARNING: All log messages before absl::InitializeLog() is called are written to STDERR
I0000 00:00:1789308449.057504   71261 port.cc:153] oneDNN custom operations are on. You may see slightly different numerical results due to floating-point round-off errors from different computation orders. To turn them off, set the environment variable `TF_ENABLE_ONEDNN_OPTS=0`.
WARNING: All log messages before absl::InitializeLog() is called are written to STDERR
I0000 00:00:1789308454.899879   71261 port.cc:153] oneDNN custom operations are on. You may see slightly different numerical results due to floating-point round-off errors from different computation orders. To turn them off, set the environment variable `TF_ENABLE_ONEDNN_OPTS=0`.
E0000 00:00:1789308462.015813   71261 cuda_platform.cc:52] failed call to cuInit: INTERNAL: CUDA error: Failed call to cuInit: UNKNOWN ERROR (303)
calib_dummy {'axes': [Integer(0, 1, underflow=False, overflow=False, name='bin')], 'masked': False, 'flow': False, 'start': 0, 'stop': 1}
[38;21mINFO:unbinned.py: Loaded unbinned term 'vtx' (kind MaterialCF, channel jpsi): 10297 candidates, 1 chunk(s) of 10297, parameters ['material_other', 'material_beampipe', 'material_bpix_active_L1', 'material_bpix_active_L2', 'material_bpix_active_L3', 'material_bpix_services', 'material_bpix_support6', 'material_bpix_support7', 'material_fpix_active_D1', 'material_fpix_active_D2', 'material_fpix_support', 'material_tib_active_L1', 'material_tib_active_L2', 'material_tib_active_L3', 'material_tib_active_L4', 'material_tibtid_services', 'material_tib_support', 'material_tid_active_R1', 'material_tid_active_R2', 'material_tid_active_R3', 'material_tid_support', 'material_tob_active_L1', 'material_tob_active_L2', 'material_tob_active_L3', 'material_tob_active_L4', 'material_tob_active_L5', 'material_tob_active_L6', 'material_tob_services', 'material_tob_support', 'material_tec_active_R1', 'material_tec_active_R2', 'material_tec_active_R3', 'material_tec_active_R4', 'material_tec_active_R5', 'material_tec_active_R6', 'material_tec_active_R7', 'material_tec_services', 'material_tec_structure', 'material_thermal_screen', 'material_support_tube', 'material_pp1_cables', 'material_pixel_patch', 'hitres_pix_x_q0', 'hitres_pix_x_q1', 'hitres_pix_x_q2', 'hitres_pix_x_q3', 'hitres_pix_y_q0', 'hitres_pix_y_q1', 'hitres_pix_y_q2', 'hitres_pix_y_q3', 'hitres_str_N1_lo', 'hitres_str_N1_hi', 'hitres_str_N2_lo', 'hitres_str_N2_hi', 'hitres_str_N3_lo', 'hitres_str_N3_hi', 'hitres_str_N4_lo', 'hitres_str_N4_hi', 'hitres_str_N5_lo', 'hitres_str_N5_hi'][0m
[38;21mINFO:unbinned_params.py: UnbinnedParams: 60 POI(s) ['material_other', 'material_beampipe', 'material_bpix_active_L1', 'material_bpix_active_L2', 'material_bpix_active_L3', 'material_bpix_services', 'material_bpix_support6', 'material_bpix_support7', 'material_fpix_active_D1', 'material_fpix_active_D2', 'material_fpix_support', 'material_tib_active_L1', 'material_tib_active_L2', 'material_tib_active_L3', 'material_tib_active_L4', 'material_tibtid_services', 'material_tib_support', 'material_tid_active_R1', 'material_tid_active_R2', 'material_tid_active_R3', 'material_tid_support', 'material_tob_active_L1', 'material_tob_active_L2', 'material_tob_active_L3', 'material_tob_active_L4', 'material_tob_active_L5', 'material_tob_active_L6', 'material_tob_services', 'material_tob_support', 'material_tec_active_R1', 'material_tec_active_R2', 'material_tec_active_R3', 'material_tec_active_R4', 'material_tec_active_R5', 'material_tec_active_R6', 'material_tec_active_R7', 'material_tec_services', 'material_tec_structure', 'material_thermal_screen', 'material_support_tube', 'material_pp1_cables', 'material_pixel_patch', 'hitres_pix_x_q0', 'hitres_pix_x_q1', 'hitres_pix_x_q2', 'hitres_pix_x_q3', 'hitres_pix_y_q0', 'hitres_pix_y_q1', 'hitres_pix_y_q2', 'hitres_pix_y_q3', 'hitres_str_N1_lo', 'hitres_str_N1_hi', 'hitres_str_N2_lo', 'hitres_str_N2_hi', 'hitres_str_N3_lo', 'hitres_str_N3_hi', 'hitres_str_N4_lo', 'hitres_str_N4_hi', 'hitres_str_N5_lo', 'hitres_str_N5_hi'], 0 nuisance(s) [], 60 with a Gaussian prior[0m
[38;21mINFO:fitter.py: Unblinding 60 parameters: ['material_other', 'material_beampipe', 'material_bpix_active_L1', 'material_bpix_active_L2', 'material_bpix_active_L3', 'material_bpix_services', 'material_bpix_support6', 'material_bpix_support7', 'material_fpix_active_D1', 'material_fpix_active_D2', 'material_fpix_support', 'material_tib_active_L1', 'material_tib_active_L2', 'material_tib_active_L3', 'material_tib_active_L4', 'material_tibtid_services', 'material_tib_support', 'material_tid_active_R1', 'material_tid_active_R2', 'material_tid_active_R3', 'material_tid_support', 'material_tob_active_L1', 'material_tob_active_L2', 'material_tob_active_L3', 'material_tob_active_L4', 'material_tob_active_L5', 'material_tob_active_L6', 'material_tob_services', 'material_tob_support', 'material_tec_active_R1', 'material_tec_active_R2', 'material_tec_active_R3', 'material_tec_active_R4', 'material_tec_active_R5', 'material_tec_active_R6', 'material_tec_active_R7', 'material_tec_services', 'material_tec_structure', 'material_thermal_screen', 'material_support_tube', 'material_pp1_cables', 'material_pixel_patch', 'hitres_pix_x_q0', 'hitres_pix_x_q1', 'hitres_pix_x_q2', 'hitres_pix_x_q3', 'hitres_pix_y_q0', 'hitres_pix_y_q1', 'hitres_pix_y_q2', 'hitres_pix_y_q3', 'hitres_str_N1_lo', 'hitres_str_N1_hi', 'hitres_str_N2_lo', 'hitres_str_N2_hi', 'hitres_str_N3_lo', 'hitres_str_N3_hi', 'hitres_str_N4_lo', 'hitres_str_N4_hi', 'hitres_str_N5_lo', 'hitres_str_N5_hi'][0m
[38;21mINFO:fitter.py: [paramPriors] applying Gaussian priors to 60/60 ParamModel params:[0m
[38;21mINFO:fitter.py:     material_other: μ=0 σ=0.04[0m
[38;21mINFO:fitter.py:     material_beampipe: μ=0 σ=0.0001[0m
[38;21mINFO:fitter.py:     material_bpix_active_L1: μ=0 σ=0.0004[0m
[38;21mINFO:fitter.py:     material_bpix_active_L2: μ=0 σ=0.0004[0m
[38;21mINFO:fitter.py:     material_bpix_active_L3: μ=0 σ=0.0004[0m
[38;21mINFO:fitter.py:     material_bpix_services: μ=0 σ=0.01[0m
[38;21mINFO:fitter.py:     material_bpix_support6: μ=0 σ=0.0025[0m
[38;21mINFO:fitter.py:     material_bpix_support7: μ=0 σ=0.01[0m
[38;21mINFO:fitter.py:     material_fpix_active_D1: μ=0 σ=0.0004[0m
[38;21mINFO:fitter.py:     material_fpix_active_D2: μ=0 σ=0.0004[0m
[38;21mINFO:fitter.py:     material_fpix_support: μ=0 σ=0.0025[0m
[38;21mINFO:fitter.py:     material_tib_active_L1: μ=0 σ=0.0004[0m
[38;21mINFO:fitter.py:     material_tib_active_L2: μ=0 σ=0.0004[0m
[38;21mINFO:fitter.py:     material_tib_active_L3: μ=0 σ=0.0004[0m
[38;21mINFO:fitter.py:     material_tib_active_L4: μ=0 σ=0.0004[0m
[38;21mINFO:fitter.py:     material_tibtid_services: μ=0 σ=0.01[0m
[38;21mINFO:fitter.py:     material_tib_support: μ=0 σ=0.0025[0m
[38;21mINFO:fitter.py:     material_tid_active_R1: μ=0 σ=0.0004[0m
[38;21mINFO:fitter.py:     material_tid_active_R2: μ=0 σ=0.0004[0m
[38;21mINFO:fitter.py:     material_tid_active_R3: μ=0 σ=0.0004[0m
[38;21mINFO:fitter.py:     material_tid_support: μ=0 σ=0.0025[0m
[38;21mINFO:fitter.py:     material_tob_active_L1: μ=0 σ=0.0004[0m
[38;21mINFO:fitter.py:     material_tob_active_L2: μ=0 σ=0.0004[0m
[38;21mINFO:fitter.py:     material_tob_active_L3: μ=0 σ=0.0004[0m
[38;21mINFO:fitter.py:     material_tob_active_L4: μ=0 σ=0.0004[0m
[38;21mINFO:fitter.py:     material_tob_active_L5: μ=0 σ=0.0004[0m
[38;21mINFO:fitter.py:     material_tob_active_L6: μ=0 σ=0.0004[0m
[38;21mINFO:fitter.py:     material_tob_services: μ=0 σ=0.01[0m
[38;21mINFO:fitter.py:     material_tob_support: μ=0 σ=0.0025[0m
[38;21mINFO:fitter.py:     material_tec_active_R1: μ=0 σ=0.0004[0m
[38;21mINFO:fitter.py:     material_tec_active_R2: μ=0 σ=0.0004[0m
[38;21mINFO:fitter.py:     material_tec_active_R3: μ=0 σ=0.0004[0m
[38;21mINFO:fitter.py:     material_tec_active_R4: μ=0 σ=0.0004[0m
[38;21mINFO:fitter.py:     material_tec_active_R5: μ=0 σ=0.0004[0m
[38;21mINFO:fitter.py:     material_tec_active_R6: μ=0 σ=0.0004[0m
[38;21mINFO:fitter.py:     material_tec_active_R7: μ=0 σ=0.0004[0m
[38;21mINFO:fitter.py:     material_tec_services: μ=0 σ=0.01[0m
[38;21mINFO:fitter.py:     material_tec_structure: μ=0 σ=0.0025[0m
[38;21mINFO:fitter.py:     material_thermal_screen: μ=0 σ=0.0025[0m
[38;21mINFO:fitter.py:     material_support_tube: μ=0 σ=0.0025[0m
[38;21mINFO:fitter.py:     material_pp1_cables: μ=0 σ=0.01[0m
[38;21mINFO:fitter.py:     material_pixel_patch: μ=0 σ=0.01[0m
[38;21mINFO:fitter.py:     hitres_pix_x_q0: μ=0 σ=1[0m
[38;21mINFO:fitter.py:     hitres_pix_x_q1: μ=0 σ=1[0m
[38;21mINFO:fitter.py:     hitres_pix_x_q2: μ=0 σ=1[0m
[38;21mINFO:fitter.py:     hitres_pix_x_q3: μ=0 σ=1[0m
[38;21mINFO:fitter.py:     hitres_pix_y_q0: μ=0 σ=1[0m
[38;21mINFO:fitter.py:     hitres_pix_y_q1: μ=0 σ=1[0m
[38;21mINFO:fitter.py:     hitres_pix_y_q2: μ=0 σ=1[0m
[38;21mINFO:fitter.py:     hitres_pix_y_q3: μ=0 σ=1[0m
[38;21mINFO:fitter.py:     hitres_str_N1_lo: μ=0 σ=1[0m
[38;21mINFO:fitter.py:     hitres_str_N1_hi: μ=0 σ=1[0m
[38;21mINFO:fitter.py:     hitres_str_N2_lo: μ=0 σ=1[0m
[38;21mINFO:fitter.py:     hitres_str_N2_hi: μ=0 σ=1[0m
[38;21mINFO:fitter.py:     hitres_str_N3_lo: μ=0 σ=1[0m
[38;21mINFO:fitter.py:     hitres_str_N3_hi: μ=0 σ=1[0m
[38;21mINFO:fitter.py:     hitres_str_N4_lo: μ=0 σ=1[0m
[38;21mINFO:fitter.py:     hitres_str_N4_hi: μ=0 σ=1[0m
[38;21mINFO:fitter.py:     hitres_str_N5_lo: μ=0 σ=1[0m
[38;21mINFO:fitter.py:     hitres_str_N5_hi: μ=0 σ=1[0m
[38;21mINFO:fitter.py: unbinned term 'vtx': 10297 candidates in 1 chunk(s) of 10297, graph loop[0m
[38;21mINFO:fitter.py: 1 unbinned term(s): the Hessian is assembled from Hessian-vector products rather than from the vectorised jacobian, and the HVP is revrev.[0m
[38;21mINFO:fitter.py: Perform iterative fit[0m
[38;21mINFO:fitter.py: [minimize] method=trust-krylov options={}[0m
/opt/venv/lib/python3.13/site-packages/scipy/optimize/_trustregion.py:54: RuntimeWarning: overflow encountered in dot
  return self.fun + np.dot(self.jac, p) + 0.5 * np.dot(p, self.hessp(p))
[38;21mINFO:rabbit_fit.py: profile beta[0m
[38;21mINFO:rabbit_fit.py: edmval: 8.027380024562966e-09[0m
[38;21mINFO:rabbit_fit.py: Unbinned likelihood terms contribute -44068.095563 to the NLL; the saturated chi2 below is for the binned likelihood only[0m
[38;21mINFO:rabbit_fit.py: Saturated chi2:[0m
[38;21mINFO:rabbit_fit.py:     ndof: -59[0m
[38;21mINFO:rabbit_fit.py:     2*deltaNLL: 7.66[0m
[38;21mINFO:rabbit_fit.py:     p-value: nan%[0m
/work/submit/david_w/WRemnants_dev/wums/wums/ioutils.py:160: FutureWarning: .metadata was not set, returning None instead of Attribute error, boost-histogram 1.7+ will error.
  metadata = obj.metadata if hasattr(obj, "metadata") else None
Results written in file /ceph/submit/data/user/d/david_w/ZMass/cvh/runs_vtxres_260911/chi2cut/runs/fits/dy_vtx_bothoff/fitresults.hdf5
[38;21mINFO:rabbit_fit.py: 342.69 seconds total time[0m
=== fit dy_vtx_c10 
param models: --paramModel UnbinnedParams
WARNING: All log messages before absl::InitializeLog() is called are written to STDERR
I0000 00:00:1789308807.114495   77897 port.cc:153] oneDNN custom operations are on. You may see slightly different numerical results due to floating-point round-off errors from different computation orders. To turn them off, set the environment variable `TF_ENABLE_ONEDNN_OPTS=0`.
WARNING: All log messages before absl::InitializeLog() is called are written to STDERR
I0000 00:00:1789308812.942754   77897 port.cc:153] oneDNN custom operations are on. You may see slightly different numerical results due to floating-point round-off errors from different computation orders. To turn them off, set the environment variable `TF_ENABLE_ONEDNN_OPTS=0`.
E0000 00:00:1789308820.058502   77897 cuda_platform.cc:52] failed call to cuInit: INTERNAL: CUDA error: Failed call to cuInit: UNKNOWN ERROR (303)
calib_dummy {'axes': [Integer(0, 1, underflow=False, overflow=False, name='bin')], 'masked': False, 'flow': False, 'start': 0, 'stop': 1}
[38;21mINFO:unbinned.py: Loaded unbinned term 'vtx' (kind MaterialCF, channel jpsi): 10272 candidates, 1 chunk(s) of 10272, parameters ['material_other', 'material_beampipe', 'material_bpix_active_L1', 'material_bpix_active_L2', 'material_bpix_active_L3', 'material_bpix_services', 'material_bpix_support6', 'material_bpix_support7', 'material_fpix_active_D1', 'material_fpix_active_D2', 'material_fpix_support', 'material_tib_active_L1', 'material_tib_active_L2', 'material_tib_active_L3', 'material_tib_active_L4', 'material_tibtid_services', 'material_tib_support', 'material_tid_active_R1', 'material_tid_active_R2', 'material_tid_active_R3', 'material_tid_support', 'material_tob_active_L1', 'material_tob_active_L2', 'material_tob_active_L3', 'material_tob_active_L4', 'material_tob_active_L5', 'material_tob_active_L6', 'material_tob_services', 'material_tob_support', 'material_tec_active_R1', 'material_tec_active_R2', 'material_tec_active_R3', 'material_tec_active_R4', 'material_tec_active_R5', 'material_tec_active_R6', 'material_tec_active_R7', 'material_tec_services', 'material_tec_structure', 'material_thermal_screen', 'material_support_tube', 'material_pp1_cables', 'material_pixel_patch', 'hitres_pix_x_q0', 'hitres_pix_x_q1', 'hitres_pix_x_q2', 'hitres_pix_x_q3', 'hitres_pix_y_q0', 'hitres_pix_y_q1', 'hitres_pix_y_q2', 'hitres_pix_y_q3', 'hitres_str_N1_lo', 'hitres_str_N1_hi', 'hitres_str_N2_lo', 'hitres_str_N2_hi', 'hitres_str_N3_lo', 'hitres_str_N3_hi', 'hitres_str_N4_lo', 'hitres_str_N4_hi', 'hitres_str_N5_lo', 'hitres_str_N5_hi'][0m
[38;21mINFO:unbinned_params.py: UnbinnedParams: 60 POI(s) ['material_other', 'material_beampipe', 'material_bpix_active_L1', 'material_bpix_active_L2', 'material_bpix_active_L3', 'material_bpix_services', 'material_bpix_support6', 'material_bpix_support7', 'material_fpix_active_D1', 'material_fpix_active_D2', 'material_fpix_support', 'material_tib_active_L1', 'material_tib_active_L2', 'material_tib_active_L3', 'material_tib_active_L4', 'material_tibtid_services', 'material_tib_support', 'material_tid_active_R1', 'material_tid_active_R2', 'material_tid_active_R3', 'material_tid_support', 'material_tob_active_L1', 'material_tob_active_L2', 'material_tob_active_L3', 'material_tob_active_L4', 'material_tob_active_L5', 'material_tob_active_L6', 'material_tob_services', 'material_tob_support', 'material_tec_active_R1', 'material_tec_active_R2', 'material_tec_active_R3', 'material_tec_active_R4', 'material_tec_active_R5', 'material_tec_active_R6', 'material_tec_active_R7', 'material_tec_services', 'material_tec_structure', 'material_thermal_screen', 'material_support_tube', 'material_pp1_cables', 'material_pixel_patch', 'hitres_pix_x_q0', 'hitres_pix_x_q1', 'hitres_pix_x_q2', 'hitres_pix_x_q3', 'hitres_pix_y_q0', 'hitres_pix_y_q1', 'hitres_pix_y_q2', 'hitres_pix_y_q3', 'hitres_str_N1_lo', 'hitres_str_N1_hi', 'hitres_str_N2_lo', 'hitres_str_N2_hi', 'hitres_str_N3_lo', 'hitres_str_N3_hi', 'hitres_str_N4_lo', 'hitres_str_N4_hi', 'hitres_str_N5_lo', 'hitres_str_N5_hi'], 0 nuisance(s) [], 60 with a Gaussian prior[0m
[38;21mINFO:fitter.py: Unblinding 60 parameters: ['material_other', 'material_beampipe', 'material_bpix_active_L1', 'material_bpix_active_L2', 'material_bpix_active_L3', 'material_bpix_services', 'material_bpix_support6', 'material_bpix_support7', 'material_fpix_active_D1', 'material_fpix_active_D2', 'material_fpix_support', 'material_tib_active_L1', 'material_tib_active_L2', 'material_tib_active_L3', 'material_tib_active_L4', 'material_tibtid_services', 'material_tib_support', 'material_tid_active_R1', 'material_tid_active_R2', 'material_tid_active_R3', 'material_tid_support', 'material_tob_active_L1', 'material_tob_active_L2', 'material_tob_active_L3', 'material_tob_active_L4', 'material_tob_active_L5', 'material_tob_active_L6', 'material_tob_services', 'material_tob_support', 'material_tec_active_R1', 'material_tec_active_R2', 'material_tec_active_R3', 'material_tec_active_R4', 'material_tec_active_R5', 'material_tec_active_R6', 'material_tec_active_R7', 'material_tec_services', 'material_tec_structure', 'material_thermal_screen', 'material_support_tube', 'material_pp1_cables', 'material_pixel_patch', 'hitres_pix_x_q0', 'hitres_pix_x_q1', 'hitres_pix_x_q2', 'hitres_pix_x_q3', 'hitres_pix_y_q0', 'hitres_pix_y_q1', 'hitres_pix_y_q2', 'hitres_pix_y_q3', 'hitres_str_N1_lo', 'hitres_str_N1_hi', 'hitres_str_N2_lo', 'hitres_str_N2_hi', 'hitres_str_N3_lo', 'hitres_str_N3_hi', 'hitres_str_N4_lo', 'hitres_str_N4_hi', 'hitres_str_N5_lo', 'hitres_str_N5_hi'][0m
[38;21mINFO:fitter.py: [paramPriors] applying Gaussian priors to 60/60 ParamModel params:[0m
[38;21mINFO:fitter.py:     material_other: μ=0 σ=0.04[0m
[38;21mINFO:fitter.py:     material_beampipe: μ=0 σ=0.0001[0m
[38;21mINFO:fitter.py:     material_bpix_active_L1: μ=0 σ=0.0004[0m
[38;21mINFO:fitter.py:     material_bpix_active_L2: μ=0 σ=0.0004[0m
[38;21mINFO:fitter.py:     material_bpix_active_L3: μ=0 σ=0.0004[0m
[38;21mINFO:fitter.py:     material_bpix_services: μ=0 σ=0.01[0m
[38;21mINFO:fitter.py:     material_bpix_support6: μ=0 σ=0.0025[0m
[38;21mINFO:fitter.py:     material_bpix_support7: μ=0 σ=0.01[0m
[38;21mINFO:fitter.py:     material_fpix_active_D1: μ=0 σ=0.0004[0m
[38;21mINFO:fitter.py:     material_fpix_active_D2: μ=0 σ=0.0004[0m
[38;21mINFO:fitter.py:     material_fpix_support: μ=0 σ=0.0025[0m
[38;21mINFO:fitter.py:     material_tib_active_L1: μ=0 σ=0.0004[0m
[38;21mINFO:fitter.py:     material_tib_active_L2: μ=0 σ=0.0004[0m
[38;21mINFO:fitter.py:     material_tib_active_L3: μ=0 σ=0.0004[0m
[38;21mINFO:fitter.py:     material_tib_active_L4: μ=0 σ=0.0004[0m
[38;21mINFO:fitter.py:     material_tibtid_services: μ=0 σ=0.01[0m
[38;21mINFO:fitter.py:     material_tib_support: μ=0 σ=0.0025[0m
[38;21mINFO:fitter.py:     material_tid_active_R1: μ=0 σ=0.0004[0m
[38;21mINFO:fitter.py:     material_tid_active_R2: μ=0 σ=0.0004[0m
[38;21mINFO:fitter.py:     material_tid_active_R3: μ=0 σ=0.0004[0m
[38;21mINFO:fitter.py:     material_tid_support: μ=0 σ=0.0025[0m
[38;21mINFO:fitter.py:     material_tob_active_L1: μ=0 σ=0.0004[0m
[38;21mINFO:fitter.py:     material_tob_active_L2: μ=0 σ=0.0004[0m
[38;21mINFO:fitter.py:     material_tob_active_L3: μ=0 σ=0.0004[0m
[38;21mINFO:fitter.py:     material_tob_active_L4: μ=0 σ=0.0004[0m
[38;21mINFO:fitter.py:     material_tob_active_L5: μ=0 σ=0.0004[0m
[38;21mINFO:fitter.py:     material_tob_active_L6: μ=0 σ=0.0004[0m
[38;21mINFO:fitter.py:     material_tob_services: μ=0 σ=0.01[0m
[38;21mINFO:fitter.py:     material_tob_support: μ=0 σ=0.0025[0m
[38;21mINFO:fitter.py:     material_tec_active_R1: μ=0 σ=0.0004[0m
[38;21mINFO:fitter.py:     material_tec_active_R2: μ=0 σ=0.0004[0m
[38;21mINFO:fitter.py:     material_tec_active_R3: μ=0 σ=0.0004[0m
[38;21mINFO:fitter.py:     material_tec_active_R4: μ=0 σ=0.0004[0m
[38;21mINFO:fitter.py:     material_tec_active_R5: μ=0 σ=0.0004[0m
[38;21mINFO:fitter.py:     material_tec_active_R6: μ=0 σ=0.0004[0m
[38;21mINFO:fitter.py:     material_tec_active_R7: μ=0 σ=0.0004[0m
[38;21mINFO:fitter.py:     material_tec_services: μ=0 σ=0.01[0m
[38;21mINFO:fitter.py:     material_tec_structure: μ=0 σ=0.0025[0m
[38;21mINFO:fitter.py:     material_thermal_screen: μ=0 σ=0.0025[0m
[38;21mINFO:fitter.py:     material_support_tube: μ=0 σ=0.0025[0m
[38;21mINFO:fitter.py:     material_pp1_cables: μ=0 σ=0.01[0m
[38;21mINFO:fitter.py:     material_pixel_patch: μ=0 σ=0.01[0m
[38;21mINFO:fitter.py:     hitres_pix_x_q0: μ=0 σ=1[0m
[38;21mINFO:fitter.py:     hitres_pix_x_q1: μ=0 σ=1[0m
[38;21mINFO:fitter.py:     hitres_pix_x_q2: μ=0 σ=1[0m
[38;21mINFO:fitter.py:     hitres_pix_x_q3: μ=0 σ=1[0m
[38;21mINFO:fitter.py:     hitres_pix_y_q0: μ=0 σ=1[0m
[38;21mINFO:fitter.py:     hitres_pix_y_q1: μ=0 σ=1[0m
[38;21mINFO:fitter.py:     hitres_pix_y_q2: μ=0 σ=1[0m
[38;21mINFO:fitter.py:     hitres_pix_y_q3: μ=0 σ=1[0m
[38;21mINFO:fitter.py:     hitres_str_N1_lo: μ=0 σ=1[0m
[38;21mINFO:fitter.py:     hitres_str_N1_hi: μ=0 σ=1[0m
[38;21mINFO:fitter.py:     hitres_str_N2_lo: μ=0 σ=1[0m
[38;21mINFO:fitter.py:     hitres_str_N2_hi: μ=0 σ=1[0m
[38;21mINFO:fitter.py:     hitres_str_N3_lo: μ=0 σ=1[0m
[38;21mINFO:fitter.py:     hitres_str_N3_hi: μ=0 σ=1[0m
[38;21mINFO:fitter.py:     hitres_str_N4_lo: μ=0 σ=1[0m
[38;21mINFO:fitter.py:     hitres_str_N4_hi: μ=0 σ=1[0m
[38;21mINFO:fitter.py:     hitres_str_N5_lo: μ=0 σ=1[0m
[38;21mINFO:fitter.py:     hitres_str_N5_hi: μ=0 σ=1[0m
[38;21mINFO:fitter.py: unbinned term 'vtx': 10272 candidates in 1 chunk(s) of 10272, graph loop[0m
[38;21mINFO:fitter.py: 1 unbinned term(s): the Hessian is assembled from Hessian-vector products rather than from the vectorised jacobian, and the HVP is revrev.[0m
[38;21mINFO:fitter.py: Perform iterative fit[0m
[38;21mINFO:fitter.py: [minimize] method=trust-krylov options={}[0m
[38;21mINFO:rabbit_fit.py: profile beta[0m
[38;21mINFO:rabbit_fit.py: edmval: 4.772018694402273e-14[0m
[38;21mINFO:rabbit_fit.py: Unbinned likelihood terms contribute -44194.741369 to the NLL; the saturated chi2 below is for the binned likelihood only[0m
[38;21mINFO:rabbit_fit.py: Saturated chi2:[0m
[38;21mINFO:rabbit_fit.py:     ndof: -59[0m
[38;21mINFO:rabbit_fit.py:     2*deltaNLL: 5.82[0m
[38;21mINFO:rabbit_fit.py:     p-value: nan%[0m
/work/submit/david_w/WRemnants_dev/wums/wums/ioutils.py:160: FutureWarning: .metadata was not set, returning None instead of Attribute error, boost-histogram 1.7+ will error.
  metadata = obj.metadata if hasattr(obj, "metadata") else None
Results written in file /ceph/submit/data/user/d/david_w/ZMass/cvh/runs_vtxres_260911/chi2cut/runs/fits/dy_vtx_c10/fitresults.hdf5
[38;21mINFO:rabbit_fit.py: 396.18 seconds total time[0m
=== fit dy_vtx_c3 
param models: --paramModel UnbinnedParams
WARNING: All log messages before absl::InitializeLog() is called are written to STDERR
I0000 00:00:1789309218.741242   84026 port.cc:153] oneDNN custom operations are on. You may see slightly different numerical results due to floating-point round-off errors from different computation orders. To turn them off, set the environment variable `TF_ENABLE_ONEDNN_OPTS=0`.
WARNING: All log messages before absl::InitializeLog() is called are written to STDERR
I0000 00:00:1789309224.565416   84026 port.cc:153] oneDNN custom operations are on. You may see slightly different numerical results due to floating-point round-off errors from different computation orders. To turn them off, set the environment variable `TF_ENABLE_ONEDNN_OPTS=0`.
E0000 00:00:1789309231.672048   84026 cuda_platform.cc:52] failed call to cuInit: INTERNAL: CUDA error: Failed call to cuInit: UNKNOWN ERROR (303)
calib_dummy {'axes': [Integer(0, 1, underflow=False, overflow=False, name='bin')], 'masked': False, 'flow': False, 'start': 0, 'stop': 1}
[38;21mINFO:unbinned.py: Loaded unbinned term 'vtx' (kind MaterialCF, channel jpsi): 10228 candidates, 1 chunk(s) of 10228, parameters ['material_other', 'material_beampipe', 'material_bpix_active_L1', 'material_bpix_active_L2', 'material_bpix_active_L3', 'material_bpix_services', 'material_bpix_support6', 'material_bpix_support7', 'material_fpix_active_D1', 'material_fpix_active_D2', 'material_fpix_support', 'material_tib_active_L1', 'material_tib_active_L2', 'material_tib_active_L3', 'material_tib_active_L4', 'material_tibtid_services', 'material_tib_support', 'material_tid_active_R1', 'material_tid_active_R2', 'material_tid_active_R3', 'material_tid_support', 'material_tob_active_L1', 'material_tob_active_L2', 'material_tob_active_L3', 'material_tob_active_L4', 'material_tob_active_L5', 'material_tob_active_L6', 'material_tob_services', 'material_tob_support', 'material_tec_active_R1', 'material_tec_active_R2', 'material_tec_active_R3', 'material_tec_active_R4', 'material_tec_active_R5', 'material_tec_active_R6', 'material_tec_active_R7', 'material_tec_services', 'material_tec_structure', 'material_thermal_screen', 'material_support_tube', 'material_pp1_cables', 'material_pixel_patch', 'hitres_pix_x_q0', 'hitres_pix_x_q1', 'hitres_pix_x_q2', 'hitres_pix_x_q3', 'hitres_pix_y_q0', 'hitres_pix_y_q1', 'hitres_pix_y_q2', 'hitres_pix_y_q3', 'hitres_str_N1_lo', 'hitres_str_N1_hi', 'hitres_str_N2_lo', 'hitres_str_N2_hi', 'hitres_str_N3_lo', 'hitres_str_N3_hi', 'hitres_str_N4_lo', 'hitres_str_N4_hi', 'hitres_str_N5_lo', 'hitres_str_N5_hi'][0m
[38;21mINFO:unbinned_params.py: UnbinnedParams: 60 POI(s) ['material_other', 'material_beampipe', 'material_bpix_active_L1', 'material_bpix_active_L2', 'material_bpix_active_L3', 'material_bpix_services', 'material_bpix_support6', 'material_bpix_support7', 'material_fpix_active_D1', 'material_fpix_active_D2', 'material_fpix_support', 'material_tib_active_L1', 'material_tib_active_L2', 'material_tib_active_L3', 'material_tib_active_L4', 'material_tibtid_services', 'material_tib_support', 'material_tid_active_R1', 'material_tid_active_R2', 'material_tid_active_R3', 'material_tid_support', 'material_tob_active_L1', 'material_tob_active_L2', 'material_tob_active_L3', 'material_tob_active_L4', 'material_tob_active_L5', 'material_tob_active_L6', 'material_tob_services', 'material_tob_support', 'material_tec_active_R1', 'material_tec_active_R2', 'material_tec_active_R3', 'material_tec_active_R4', 'material_tec_active_R5', 'material_tec_active_R6', 'material_tec_active_R7', 'material_tec_services', 'material_tec_structure', 'material_thermal_screen', 'material_support_tube', 'material_pp1_cables', 'material_pixel_patch', 'hitres_pix_x_q0', 'hitres_pix_x_q1', 'hitres_pix_x_q2', 'hitres_pix_x_q3', 'hitres_pix_y_q0', 'hitres_pix_y_q1', 'hitres_pix_y_q2', 'hitres_pix_y_q3', 'hitres_str_N1_lo', 'hitres_str_N1_hi', 'hitres_str_N2_lo', 'hitres_str_N2_hi', 'hitres_str_N3_lo', 'hitres_str_N3_hi', 'hitres_str_N4_lo', 'hitres_str_N4_hi', 'hitres_str_N5_lo', 'hitres_str_N5_hi'], 0 nuisance(s) [], 60 with a Gaussian prior[0m
[38;21mINFO:fitter.py: Unblinding 60 parameters: ['material_other', 'material_beampipe', 'material_bpix_active_L1', 'material_bpix_active_L2', 'material_bpix_active_L3', 'material_bpix_services', 'material_bpix_support6', 'material_bpix_support7', 'material_fpix_active_D1', 'material_fpix_active_D2', 'material_fpix_support', 'material_tib_active_L1', 'material_tib_active_L2', 'material_tib_active_L3', 'material_tib_active_L4', 'material_tibtid_services', 'material_tib_support', 'material_tid_active_R1', 'material_tid_active_R2', 'material_tid_active_R3', 'material_tid_support', 'material_tob_active_L1', 'material_tob_active_L2', 'material_tob_active_L3', 'material_tob_active_L4', 'material_tob_active_L5', 'material_tob_active_L6', 'material_tob_services', 'material_tob_support', 'material_tec_active_R1', 'material_tec_active_R2', 'material_tec_active_R3', 'material_tec_active_R4', 'material_tec_active_R5', 'material_tec_active_R6', 'material_tec_active_R7', 'material_tec_services', 'material_tec_structure', 'material_thermal_screen', 'material_support_tube', 'material_pp1_cables', 'material_pixel_patch', 'hitres_pix_x_q0', 'hitres_pix_x_q1', 'hitres_pix_x_q2', 'hitres_pix_x_q3', 'hitres_pix_y_q0', 'hitres_pix_y_q1', 'hitres_pix_y_q2', 'hitres_pix_y_q3', 'hitres_str_N1_lo', 'hitres_str_N1_hi', 'hitres_str_N2_lo', 'hitres_str_N2_hi', 'hitres_str_N3_lo', 'hitres_str_N3_hi', 'hitres_str_N4_lo', 'hitres_str_N4_hi', 'hitres_str_N5_lo', 'hitres_str_N5_hi'][0m
[38;21mINFO:fitter.py: [paramPriors] applying Gaussian priors to 60/60 ParamModel params:[0m
[38;21mINFO:fitter.py:     material_other: μ=0 σ=0.04[0m
[38;21mINFO:fitter.py:     material_beampipe: μ=0 σ=0.0001[0m
[38;21mINFO:fitter.py:     material_bpix_active_L1: μ=0 σ=0.0004[0m
[38;21mINFO:fitter.py:     material_bpix_active_L2: μ=0 σ=0.0004[0m
[38;21mINFO:fitter.py:     material_bpix_active_L3: μ=0 σ=0.0004[0m
[38;21mINFO:fitter.py:     material_bpix_services: μ=0 σ=0.01[0m
[38;21mINFO:fitter.py:     material_bpix_support6: μ=0 σ=0.0025[0m
[38;21mINFO:fitter.py:     material_bpix_support7: μ=0 σ=0.01[0m
[38;21mINFO:fitter.py:     material_fpix_active_D1: μ=0 σ=0.0004[0m
[38;21mINFO:fitter.py:     material_fpix_active_D2: μ=0 σ=0.0004[0m
[38;21mINFO:fitter.py:     material_fpix_support: μ=0 σ=0.0025[0m
[38;21mINFO:fitter.py:     material_tib_active_L1: μ=0 σ=0.0004[0m
[38;21mINFO:fitter.py:     material_tib_active_L2: μ=0 σ=0.0004[0m
[38;21mINFO:fitter.py:     material_tib_active_L3: μ=0 σ=0.0004[0m
[38;21mINFO:fitter.py:     material_tib_active_L4: μ=0 σ=0.0004[0m
[38;21mINFO:fitter.py:     material_tibtid_services: μ=0 σ=0.01[0m
[38;21mINFO:fitter.py:     material_tib_support: μ=0 σ=0.0025[0m
[38;21mINFO:fitter.py:     material_tid_active_R1: μ=0 σ=0.0004[0m
[38;21mINFO:fitter.py:     material_tid_active_R2: μ=0 σ=0.0004[0m
[38;21mINFO:fitter.py:     material_tid_active_R3: μ=0 σ=0.0004[0m
[38;21mINFO:fitter.py:     material_tid_support: μ=0 σ=0.0025[0m
[38;21mINFO:fitter.py:     material_tob_active_L1: μ=0 σ=0.0004[0m
[38;21mINFO:fitter.py:     material_tob_active_L2: μ=0 σ=0.0004[0m
[38;21mINFO:fitter.py:     material_tob_active_L3: μ=0 σ=0.0004[0m
[38;21mINFO:fitter.py:     material_tob_active_L4: μ=0 σ=0.0004[0m
[38;21mINFO:fitter.py:     material_tob_active_L5: μ=0 σ=0.0004[0m
[38;21mINFO:fitter.py:     material_tob_active_L6: μ=0 σ=0.0004[0m
[38;21mINFO:fitter.py:     material_tob_services: μ=0 σ=0.01[0m
[38;21mINFO:fitter.py:     material_tob_support: μ=0 σ=0.0025[0m
[38;21mINFO:fitter.py:     material_tec_active_R1: μ=0 σ=0.0004[0m
[38;21mINFO:fitter.py:     material_tec_active_R2: μ=0 σ=0.0004[0m
[38;21mINFO:fitter.py:     material_tec_active_R3: μ=0 σ=0.0004[0m
[38;21mINFO:fitter.py:     material_tec_active_R4: μ=0 σ=0.0004[0m
[38;21mINFO:fitter.py:     material_tec_active_R5: μ=0 σ=0.0004[0m
[38;21mINFO:fitter.py:     material_tec_active_R6: μ=0 σ=0.0004[0m
[38;21mINFO:fitter.py:     material_tec_active_R7: μ=0 σ=0.0004[0m
[38;21mINFO:fitter.py:     material_tec_services: μ=0 σ=0.01[0m
[38;21mINFO:fitter.py:     material_tec_structure: μ=0 σ=0.0025[0m
[38;21mINFO:fitter.py:     material_thermal_screen: μ=0 σ=0.0025[0m
[38;21mINFO:fitter.py:     material_support_tube: μ=0 σ=0.0025[0m
[38;21mINFO:fitter.py:     material_pp1_cables: μ=0 σ=0.01[0m
[38;21mINFO:fitter.py:     material_pixel_patch: μ=0 σ=0.01[0m
[38;21mINFO:fitter.py:     hitres_pix_x_q0: μ=0 σ=1[0m
[38;21mINFO:fitter.py:     hitres_pix_x_q1: μ=0 σ=1[0m
[38;21mINFO:fitter.py:     hitres_pix_x_q2: μ=0 σ=1[0m
[38;21mINFO:fitter.py:     hitres_pix_x_q3: μ=0 σ=1[0m
[38;21mINFO:fitter.py:     hitres_pix_y_q0: μ=0 σ=1[0m
[38;21mINFO:fitter.py:     hitres_pix_y_q1: μ=0 σ=1[0m
[38;21mINFO:fitter.py:     hitres_pix_y_q2: μ=0 σ=1[0m
[38;21mINFO:fitter.py:     hitres_pix_y_q3: μ=0 σ=1[0m
[38;21mINFO:fitter.py:     hitres_str_N1_lo: μ=0 σ=1[0m
[38;21mINFO:fitter.py:     hitres_str_N1_hi: μ=0 σ=1[0m
[38;21mINFO:fitter.py:     hitres_str_N2_lo: μ=0 σ=1[0m
[38;21mINFO:fitter.py:     hitres_str_N2_hi: μ=0 σ=1[0m
[38;21mINFO:fitter.py:     hitres_str_N3_lo: μ=0 σ=1[0m
[38;21mINFO:fitter.py:     hitres_str_N3_hi: μ=0 σ=1[0m
[38;21mINFO:fitter.py:     hitres_str_N4_lo: μ=0 σ=1[0m
[38;21mINFO:fitter.py:     hitres_str_N4_hi: μ=0 σ=1[0m
[38;21mINFO:fitter.py:     hitres_str_N5_lo: μ=0 σ=1[0m
[38;21mINFO:fitter.py:     hitres_str_N5_hi: μ=0 σ=1[0m
[38;21mINFO:fitter.py: unbinned term 'vtx': 10228 candidates in 1 chunk(s) of 10228, graph loop[0m
[38;21mINFO:fitter.py: 1 unbinned term(s): the Hessian is assembled from Hessian-vector products rather than from the vectorised jacobian, and the HVP is revrev.[0m
[38;21mINFO:fitter.py: Perform iterative fit[0m
[38;21mINFO:fitter.py: [minimize] method=trust-krylov options={}[0m
[38;21mINFO:rabbit_fit.py: profile beta[0m
[38;21mINFO:rabbit_fit.py: edmval: 1.2650806537975319e-14[0m
[38;21mINFO:rabbit_fit.py: Unbinned likelihood terms contribute -44030.960892 to the NLL; the saturated chi2 below is for the binned likelihood only[0m
[38;21mINFO:rabbit_fit.py: Saturated chi2:[0m
[38;21mINFO:rabbit_fit.py:     ndof: -59[0m
[38;21mINFO:rabbit_fit.py:     2*deltaNLL: 5.65[0m
[38;21mINFO:rabbit_fit.py:     p-value: nan%[0m
/work/submit/david_w/WRemnants_dev/wums/wums/ioutils.py:160: FutureWarning: .metadata was not set, returning None instead of Attribute error, boost-histogram 1.7+ will error.
  metadata = obj.metadata if hasattr(obj, "metadata") else None
Results written in file /ceph/submit/data/user/d/david_w/ZMass/cvh/runs_vtxres_260911/chi2cut/runs/fits/dy_vtx_c3/fitresults.hdf5
[38;21mINFO:rabbit_fit.py: 355.40 seconds total time[0m
=== fit dy_vtx_c5 
param models: --paramModel UnbinnedParams
WARNING: All log messages before absl::InitializeLog() is called are written to STDERR
I0000 00:00:1789309589.630209   88990 port.cc:153] oneDNN custom operations are on. You may see slightly different numerical results due to floating-point round-off errors from different computation orders. To turn them off, set the environment variable `TF_ENABLE_ONEDNN_OPTS=0`.
WARNING: All log messages before absl::InitializeLog() is called are written to STDERR
I0000 00:00:1789309595.499155   88990 port.cc:153] oneDNN custom operations are on. You may see slightly different numerical results due to floating-point round-off errors from different computation orders. To turn them off, set the environment variable `TF_ENABLE_ONEDNN_OPTS=0`.
E0000 00:00:1789309602.655603   88990 cuda_platform.cc:52] failed call to cuInit: INTERNAL: CUDA error: Failed call to cuInit: UNKNOWN ERROR (303)
calib_dummy {'axes': [Integer(0, 1, underflow=False, overflow=False, name='bin')], 'masked': False, 'flow': False, 'start': 0, 'stop': 1}
[38;21mINFO:unbinned.py: Loaded unbinned term 'vtx' (kind MaterialCF, channel jpsi): 10271 candidates, 1 chunk(s) of 10271, parameters ['material_other', 'material_beampipe', 'material_bpix_active_L1', 'material_bpix_active_L2', 'material_bpix_active_L3', 'material_bpix_services', 'material_bpix_support6', 'material_bpix_support7', 'material_fpix_active_D1', 'material_fpix_active_D2', 'material_fpix_support', 'material_tib_active_L1', 'material_tib_active_L2', 'material_tib_active_L3', 'material_tib_active_L4', 'material_tibtid_services', 'material_tib_support', 'material_tid_active_R1', 'material_tid_active_R2', 'material_tid_active_R3', 'material_tid_support', 'material_tob_active_L1', 'material_tob_active_L2', 'material_tob_active_L3', 'material_tob_active_L4', 'material_tob_active_L5', 'material_tob_active_L6', 'material_tob_services', 'material_tob_support', 'material_tec_active_R1', 'material_tec_active_R2', 'material_tec_active_R3', 'material_tec_active_R4', 'material_tec_active_R5', 'material_tec_active_R6', 'material_tec_active_R7', 'material_tec_services', 'material_tec_structure', 'material_thermal_screen', 'material_support_tube', 'material_pp1_cables', 'material_pixel_patch', 'hitres_pix_x_q0', 'hitres_pix_x_q1', 'hitres_pix_x_q2', 'hitres_pix_x_q3', 'hitres_pix_y_q0', 'hitres_pix_y_q1', 'hitres_pix_y_q2', 'hitres_pix_y_q3', 'hitres_str_N1_lo', 'hitres_str_N1_hi', 'hitres_str_N2_lo', 'hitres_str_N2_hi', 'hitres_str_N3_lo', 'hitres_str_N3_hi', 'hitres_str_N4_lo', 'hitres_str_N4_hi', 'hitres_str_N5_lo', 'hitres_str_N5_hi'][0m
[38;21mINFO:unbinned_params.py: UnbinnedParams: 60 POI(s) ['material_other', 'material_beampipe', 'material_bpix_active_L1', 'material_bpix_active_L2', 'material_bpix_active_L3', 'material_bpix_services', 'material_bpix_support6', 'material_bpix_support7', 'material_fpix_active_D1', 'material_fpix_active_D2', 'material_fpix_support', 'material_tib_active_L1', 'material_tib_active_L2', 'material_tib_active_L3', 'material_tib_active_L4', 'material_tibtid_services', 'material_tib_support', 'material_tid_active_R1', 'material_tid_active_R2', 'material_tid_active_R3', 'material_tid_support', 'material_tob_active_L1', 'material_tob_active_L2', 'material_tob_active_L3', 'material_tob_active_L4', 'material_tob_active_L5', 'material_tob_active_L6', 'material_tob_services', 'material_tob_support', 'material_tec_active_R1', 'material_tec_active_R2', 'material_tec_active_R3', 'material_tec_active_R4', 'material_tec_active_R5', 'material_tec_active_R6', 'material_tec_active_R7', 'material_tec_services', 'material_tec_structure', 'material_thermal_screen', 'material_support_tube', 'material_pp1_cables', 'material_pixel_patch', 'hitres_pix_x_q0', 'hitres_pix_x_q1', 'hitres_pix_x_q2', 'hitres_pix_x_q3', 'hitres_pix_y_q0', 'hitres_pix_y_q1', 'hitres_pix_y_q2', 'hitres_pix_y_q3', 'hitres_str_N1_lo', 'hitres_str_N1_hi', 'hitres_str_N2_lo', 'hitres_str_N2_hi', 'hitres_str_N3_lo', 'hitres_str_N3_hi', 'hitres_str_N4_lo', 'hitres_str_N4_hi', 'hitres_str_N5_lo', 'hitres_str_N5_hi'], 0 nuisance(s) [], 60 with a Gaussian prior[0m
[38;21mINFO:fitter.py: Unblinding 60 parameters: ['material_other', 'material_beampipe', 'material_bpix_active_L1', 'material_bpix_active_L2', 'material_bpix_active_L3', 'material_bpix_services', 'material_bpix_support6', 'material_bpix_support7', 'material_fpix_active_D1', 'material_fpix_active_D2', 'material_fpix_support', 'material_tib_active_L1', 'material_tib_active_L2', 'material_tib_active_L3', 'material_tib_active_L4', 'material_tibtid_services', 'material_tib_support', 'material_tid_active_R1', 'material_tid_active_R2', 'material_tid_active_R3', 'material_tid_support', 'material_tob_active_L1', 'material_tob_active_L2', 'material_tob_active_L3', 'material_tob_active_L4', 'material_tob_active_L5', 'material_tob_active_L6', 'material_tob_services', 'material_tob_support', 'material_tec_active_R1', 'material_tec_active_R2', 'material_tec_active_R3', 'material_tec_active_R4', 'material_tec_active_R5', 'material_tec_active_R6', 'material_tec_active_R7', 'material_tec_services', 'material_tec_structure', 'material_thermal_screen', 'material_support_tube', 'material_pp1_cables', 'material_pixel_patch', 'hitres_pix_x_q0', 'hitres_pix_x_q1', 'hitres_pix_x_q2', 'hitres_pix_x_q3', 'hitres_pix_y_q0', 'hitres_pix_y_q1', 'hitres_pix_y_q2', 'hitres_pix_y_q3', 'hitres_str_N1_lo', 'hitres_str_N1_hi', 'hitres_str_N2_lo', 'hitres_str_N2_hi', 'hitres_str_N3_lo', 'hitres_str_N3_hi', 'hitres_str_N4_lo', 'hitres_str_N4_hi', 'hitres_str_N5_lo', 'hitres_str_N5_hi'][0m
[38;21mINFO:fitter.py: [paramPriors] applying Gaussian priors to 60/60 ParamModel params:[0m
[38;21mINFO:fitter.py:     material_other: μ=0 σ=0.04[0m
[38;21mINFO:fitter.py:     material_beampipe: μ=0 σ=0.0001[0m
[38;21mINFO:fitter.py:     material_bpix_active_L1: μ=0 σ=0.0004[0m
[38;21mINFO:fitter.py:     material_bpix_active_L2: μ=0 σ=0.0004[0m
[38;21mINFO:fitter.py:     material_bpix_active_L3: μ=0 σ=0.0004[0m
[38;21mINFO:fitter.py:     material_bpix_services: μ=0 σ=0.01[0m
[38;21mINFO:fitter.py:     material_bpix_support6: μ=0 σ=0.0025[0m
[38;21mINFO:fitter.py:     material_bpix_support7: μ=0 σ=0.01[0m
[38;21mINFO:fitter.py:     material_fpix_active_D1: μ=0 σ=0.0004[0m
[38;21mINFO:fitter.py:     material_fpix_active_D2: μ=0 σ=0.0004[0m
[38;21mINFO:fitter.py:     material_fpix_support: μ=0 σ=0.0025[0m
[38;21mINFO:fitter.py:     material_tib_active_L1: μ=0 σ=0.0004[0m
[38;21mINFO:fitter.py:     material_tib_active_L2: μ=0 σ=0.0004[0m
[38;21mINFO:fitter.py:     material_tib_active_L3: μ=0 σ=0.0004[0m
[38;21mINFO:fitter.py:     material_tib_active_L4: μ=0 σ=0.0004[0m
[38;21mINFO:fitter.py:     material_tibtid_services: μ=0 σ=0.01[0m
[38;21mINFO:fitter.py:     material_tib_support: μ=0 σ=0.0025[0m
[38;21mINFO:fitter.py:     material_tid_active_R1: μ=0 σ=0.0004[0m
[38;21mINFO:fitter.py:     material_tid_active_R2: μ=0 σ=0.0004[0m
[38;21mINFO:fitter.py:     material_tid_active_R3: μ=0 σ=0.0004[0m
[38;21mINFO:fitter.py:     material_tid_support: μ=0 σ=0.0025[0m
[38;21mINFO:fitter.py:     material_tob_active_L1: μ=0 σ=0.0004[0m
[38;21mINFO:fitter.py:     material_tob_active_L2: μ=0 σ=0.0004[0m
[38;21mINFO:fitter.py:     material_tob_active_L3: μ=0 σ=0.0004[0m
[38;21mINFO:fitter.py:     material_tob_active_L4: μ=0 σ=0.0004[0m
[38;21mINFO:fitter.py:     material_tob_active_L5: μ=0 σ=0.0004[0m
[38;21mINFO:fitter.py:     material_tob_active_L6: μ=0 σ=0.0004[0m
[38;21mINFO:fitter.py:     material_tob_services: μ=0 σ=0.01[0m
[38;21mINFO:fitter.py:     material_tob_support: μ=0 σ=0.0025[0m
[38;21mINFO:fitter.py:     material_tec_active_R1: μ=0 σ=0.0004[0m
[38;21mINFO:fitter.py:     material_tec_active_R2: μ=0 σ=0.0004[0m
[38;21mINFO:fitter.py:     material_tec_active_R3: μ=0 σ=0.0004[0m
[38;21mINFO:fitter.py:     material_tec_active_R4: μ=0 σ=0.0004[0m
[38;21mINFO:fitter.py:     material_tec_active_R5: μ=0 σ=0.0004[0m
[38;21mINFO:fitter.py:     material_tec_active_R6: μ=0 σ=0.0004[0m
[38;21mINFO:fitter.py:     material_tec_active_R7: μ=0 σ=0.0004[0m
[38;21mINFO:fitter.py:     material_tec_services: μ=0 σ=0.01[0m
[38;21mINFO:fitter.py:     material_tec_structure: μ=0 σ=0.0025[0m
[38;21mINFO:fitter.py:     material_thermal_screen: μ=0 σ=0.0025[0m
[38;21mINFO:fitter.py:     material_support_tube: μ=0 σ=0.0025[0m
[38;21mINFO:fitter.py:     material_pp1_cables: μ=0 σ=0.01[0m
[38;21mINFO:fitter.py:     material_pixel_patch: μ=0 σ=0.01[0m
[38;21mINFO:fitter.py:     hitres_pix_x_q0: μ=0 σ=1[0m
[38;21mINFO:fitter.py:     hitres_pix_x_q1: μ=0 σ=1[0m
[38;21mINFO:fitter.py:     hitres_pix_x_q2: μ=0 σ=1[0m
[38;21mINFO:fitter.py:     hitres_pix_x_q3: μ=0 σ=1[0m
[38;21mINFO:fitter.py:     hitres_pix_y_q0: μ=0 σ=1[0m
[38;21mINFO:fitter.py:     hitres_pix_y_q1: μ=0 σ=1[0m
[38;21mINFO:fitter.py:     hitres_pix_y_q2: μ=0 σ=1[0m
[38;21mINFO:fitter.py:     hitres_pix_y_q3: μ=0 σ=1[0m
[38;21mINFO:fitter.py:     hitres_str_N1_lo: μ=0 σ=1[0m
[38;21mINFO:fitter.py:     hitres_str_N1_hi: μ=0 σ=1[0m
[38;21mINFO:fitter.py:     hitres_str_N2_lo: μ=0 σ=1[0m
[38;21mINFO:fitter.py:     hitres_str_N2_hi: μ=0 σ=1[0m
[38;21mINFO:fitter.py:     hitres_str_N3_lo: μ=0 σ=1[0m
[38;21mINFO:fitter.py:     hitres_str_N3_hi: μ=0 σ=1[0m
[38;21mINFO:fitter.py:     hitres_str_N4_lo: μ=0 σ=1[0m
[38;21mINFO:fitter.py:     hitres_str_N4_hi: μ=0 σ=1[0m
[38;21mINFO:fitter.py:     hitres_str_N5_lo: μ=0 σ=1[0m
[38;21mINFO:fitter.py:     hitres_str_N5_hi: μ=0 σ=1[0m
[38;21mINFO:fitter.py: unbinned term 'vtx': 10271 candidates in 1 chunk(s) of 10271, graph loop[0m
[38;21mINFO:fitter.py: 1 unbinned term(s): the Hessian is assembled from Hessian-vector products rather than from the vectorised jacobian, and the HVP is revrev.[0m
[38;21mINFO:fitter.py: Perform iterative fit[0m
[38;21mINFO:fitter.py: [minimize] method=trust-krylov options={}[0m
[38;21mINFO:rabbit_fit.py: profile beta[0m
[38;21mINFO:rabbit_fit.py: edmval: 3.0848974557489416e-18[0m
[38;21mINFO:rabbit_fit.py: Unbinned likelihood terms contribute -44189.448193 to the NLL; the saturated chi2 below is for the binned likelihood only[0m
[38;21mINFO:rabbit_fit.py: Saturated chi2:[0m
[38;21mINFO:rabbit_fit.py:     ndof: -59[0m
[38;21mINFO:rabbit_fit.py:     2*deltaNLL: 5.83[0m
[38;21mINFO:rabbit_fit.py:     p-value: nan%[0m
/work/submit/david_w/WRemnants_dev/wums/wums/ioutils.py:160: FutureWarning: .metadata was not set, returning None instead of Attribute error, boost-histogram 1.7+ will error.
  metadata = obj.metadata if hasattr(obj, "metadata") else None
Results written in file /ceph/submit/data/user/d/david_w/ZMass/cvh/runs_vtxres_260911/chi2cut/runs/fits/dy_vtx_c5/fitresults.hdf5
[38;21mINFO:rabbit_fit.py: 369.36 seconds total time[0m
=== fit dy_vtx_off 
param models: --paramModel UnbinnedParams
WARNING: All log messages before absl::InitializeLog() is called are written to STDERR
I0000 00:00:1789309974.542751  103877 port.cc:153] oneDNN custom operations are on. You may see slightly different numerical results due to floating-point round-off errors from different computation orders. To turn them off, set the environment variable `TF_ENABLE_ONEDNN_OPTS=0`.
WARNING: All log messages before absl::InitializeLog() is called are written to STDERR
I0000 00:00:1789309980.355998  103877 port.cc:153] oneDNN custom operations are on. You may see slightly different numerical results due to floating-point round-off errors from different computation orders. To turn them off, set the environment variable `TF_ENABLE_ONEDNN_OPTS=0`.
E0000 00:00:1789309987.463281  103877 cuda_platform.cc:52] failed call to cuInit: INTERNAL: CUDA error: Failed call to cuInit: UNKNOWN ERROR (303)
calib_dummy {'axes': [Integer(0, 1, underflow=False, overflow=False, name='bin')], 'masked': False, 'flow': False, 'start': 0, 'stop': 1}
[38;21mINFO:unbinned.py: Loaded unbinned term 'vtx' (kind MaterialCF, channel jpsi): 10276 candidates, 1 chunk(s) of 10276, parameters ['material_other', 'material_beampipe', 'material_bpix_active_L1', 'material_bpix_active_L2', 'material_bpix_active_L3', 'material_bpix_services', 'material_bpix_support6', 'material_bpix_support7', 'material_fpix_active_D1', 'material_fpix_active_D2', 'material_fpix_support', 'material_tib_active_L1', 'material_tib_active_L2', 'material_tib_active_L3', 'material_tib_active_L4', 'material_tibtid_services', 'material_tib_support', 'material_tid_active_R1', 'material_tid_active_R2', 'material_tid_active_R3', 'material_tid_support', 'material_tob_active_L1', 'material_tob_active_L2', 'material_tob_active_L3', 'material_tob_active_L4', 'material_tob_active_L5', 'material_tob_active_L6', 'material_tob_services', 'material_tob_support', 'material_tec_active_R1', 'material_tec_active_R2', 'material_tec_active_R3', 'material_tec_active_R4', 'material_tec_active_R5', 'material_tec_active_R6', 'material_tec_active_R7', 'material_tec_services', 'material_tec_structure', 'material_thermal_screen', 'material_support_tube', 'material_pp1_cables', 'material_pixel_patch', 'hitres_pix_x_q0', 'hitres_pix_x_q1', 'hitres_pix_x_q2', 'hitres_pix_x_q3', 'hitres_pix_y_q0', 'hitres_pix_y_q1', 'hitres_pix_y_q2', 'hitres_pix_y_q3', 'hitres_str_N1_lo', 'hitres_str_N1_hi', 'hitres_str_N2_lo', 'hitres_str_N2_hi', 'hitres_str_N3_lo', 'hitres_str_N3_hi', 'hitres_str_N4_lo', 'hitres_str_N4_hi', 'hitres_str_N5_lo', 'hitres_str_N5_hi'][0m
[38;21mINFO:unbinned_params.py: UnbinnedParams: 60 POI(s) ['material_other', 'material_beampipe', 'material_bpix_active_L1', 'material_bpix_active_L2', 'material_bpix_active_L3', 'material_bpix_services', 'material_bpix_support6', 'material_bpix_support7', 'material_fpix_active_D1', 'material_fpix_active_D2', 'material_fpix_support', 'material_tib_active_L1', 'material_tib_active_L2', 'material_tib_active_L3', 'material_tib_active_L4', 'material_tibtid_services', 'material_tib_support', 'material_tid_active_R1', 'material_tid_active_R2', 'material_tid_active_R3', 'material_tid_support', 'material_tob_active_L1', 'material_tob_active_L2', 'material_tob_active_L3', 'material_tob_active_L4', 'material_tob_active_L5', 'material_tob_active_L6', 'material_tob_services', 'material_tob_support', 'material_tec_active_R1', 'material_tec_active_R2', 'material_tec_active_R3', 'material_tec_active_R4', 'material_tec_active_R5', 'material_tec_active_R6', 'material_tec_active_R7', 'material_tec_services', 'material_tec_structure', 'material_thermal_screen', 'material_support_tube', 'material_pp1_cables', 'material_pixel_patch', 'hitres_pix_x_q0', 'hitres_pix_x_q1', 'hitres_pix_x_q2', 'hitres_pix_x_q3', 'hitres_pix_y_q0', 'hitres_pix_y_q1', 'hitres_pix_y_q2', 'hitres_pix_y_q3', 'hitres_str_N1_lo', 'hitres_str_N1_hi', 'hitres_str_N2_lo', 'hitres_str_N2_hi', 'hitres_str_N3_lo', 'hitres_str_N3_hi', 'hitres_str_N4_lo', 'hitres_str_N4_hi', 'hitres_str_N5_lo', 'hitres_str_N5_hi'], 0 nuisance(s) [], 60 with a Gaussian prior[0m
[38;21mINFO:fitter.py: Unblinding 60 parameters: ['material_other', 'material_beampipe', 'material_bpix_active_L1', 'material_bpix_active_L2', 'material_bpix_active_L3', 'material_bpix_services', 'material_bpix_support6', 'material_bpix_support7', 'material_fpix_active_D1', 'material_fpix_active_D2', 'material_fpix_support', 'material_tib_active_L1', 'material_tib_active_L2', 'material_tib_active_L3', 'material_tib_active_L4', 'material_tibtid_services', 'material_tib_support', 'material_tid_active_R1', 'material_tid_active_R2', 'material_tid_active_R3', 'material_tid_support', 'material_tob_active_L1', 'material_tob_active_L2', 'material_tob_active_L3', 'material_tob_active_L4', 'material_tob_active_L5', 'material_tob_active_L6', 'material_tob_services', 'material_tob_support', 'material_tec_active_R1', 'material_tec_active_R2', 'material_tec_active_R3', 'material_tec_active_R4', 'material_tec_active_R5', 'material_tec_active_R6', 'material_tec_active_R7', 'material_tec_services', 'material_tec_structure', 'material_thermal_screen', 'material_support_tube', 'material_pp1_cables', 'material_pixel_patch', 'hitres_pix_x_q0', 'hitres_pix_x_q1', 'hitres_pix_x_q2', 'hitres_pix_x_q3', 'hitres_pix_y_q0', 'hitres_pix_y_q1', 'hitres_pix_y_q2', 'hitres_pix_y_q3', 'hitres_str_N1_lo', 'hitres_str_N1_hi', 'hitres_str_N2_lo', 'hitres_str_N2_hi', 'hitres_str_N3_lo', 'hitres_str_N3_hi', 'hitres_str_N4_lo', 'hitres_str_N4_hi', 'hitres_str_N5_lo', 'hitres_str_N5_hi'][0m
[38;21mINFO:fitter.py: [paramPriors] applying Gaussian priors to 60/60 ParamModel params:[0m
[38;21mINFO:fitter.py:     material_other: μ=0 σ=0.04[0m
[38;21mINFO:fitter.py:     material_beampipe: μ=0 σ=0.0001[0m
[38;21mINFO:fitter.py:     material_bpix_active_L1: μ=0 σ=0.0004[0m
[38;21mINFO:fitter.py:     material_bpix_active_L2: μ=0 σ=0.0004[0m
[38;21mINFO:fitter.py:     material_bpix_active_L3: μ=0 σ=0.0004[0m
[38;21mINFO:fitter.py:     material_bpix_services: μ=0 σ=0.01[0m
[38;21mINFO:fitter.py:     material_bpix_support6: μ=0 σ=0.0025[0m
[38;21mINFO:fitter.py:     material_bpix_support7: μ=0 σ=0.01[0m
[38;21mINFO:fitter.py:     material_fpix_active_D1: μ=0 σ=0.0004[0m
[38;21mINFO:fitter.py:     material_fpix_active_D2: μ=0 σ=0.0004[0m
[38;21mINFO:fitter.py:     material_fpix_support: μ=0 σ=0.0025[0m
[38;21mINFO:fitter.py:     material_tib_active_L1: μ=0 σ=0.0004[0m
[38;21mINFO:fitter.py:     material_tib_active_L2: μ=0 σ=0.0004[0m
[38;21mINFO:fitter.py:     material_tib_active_L3: μ=0 σ=0.0004[0m
[38;21mINFO:fitter.py:     material_tib_active_L4: μ=0 σ=0.0004[0m
[38;21mINFO:fitter.py:     material_tibtid_services: μ=0 σ=0.01[0m
[38;21mINFO:fitter.py:     material_tib_support: μ=0 σ=0.0025[0m
[38;21mINFO:fitter.py:     material_tid_active_R1: μ=0 σ=0.0004[0m
[38;21mINFO:fitter.py:     material_tid_active_R2: μ=0 σ=0.0004[0m
[38;21mINFO:fitter.py:     material_tid_active_R3: μ=0 σ=0.0004[0m
[38;21mINFO:fitter.py:     material_tid_support: μ=0 σ=0.0025[0m
[38;21mINFO:fitter.py:     material_tob_active_L1: μ=0 σ=0.0004[0m
[38;21mINFO:fitter.py:     material_tob_active_L2: μ=0 σ=0.0004[0m
[38;21mINFO:fitter.py:     material_tob_active_L3: μ=0 σ=0.0004[0m
[38;21mINFO:fitter.py:     material_tob_active_L4: μ=0 σ=0.0004[0m
[38;21mINFO:fitter.py:     material_tob_active_L5: μ=0 σ=0.0004[0m
[38;21mINFO:fitter.py:     material_tob_active_L6: μ=0 σ=0.0004[0m
[38;21mINFO:fitter.py:     material_tob_services: μ=0 σ=0.01[0m
[38;21mINFO:fitter.py:     material_tob_support: μ=0 σ=0.0025[0m
[38;21mINFO:fitter.py:     material_tec_active_R1: μ=0 σ=0.0004[0m
[38;21mINFO:fitter.py:     material_tec_active_R2: μ=0 σ=0.0004[0m
[38;21mINFO:fitter.py:     material_tec_active_R3: μ=0 σ=0.0004[0m
[38;21mINFO:fitter.py:     material_tec_active_R4: μ=0 σ=0.0004[0m
[38;21mINFO:fitter.py:     material_tec_active_R5: μ=0 σ=0.0004[0m
[38;21mINFO:fitter.py:     material_tec_active_R6: μ=0 σ=0.0004[0m
[38;21mINFO:fitter.py:     material_tec_active_R7: μ=0 σ=0.0004[0m
[38;21mINFO:fitter.py:     material_tec_services: μ=0 σ=0.01[0m
[38;21mINFO:fitter.py:     material_tec_structure: μ=0 σ=0.0025[0m
[38;21mINFO:fitter.py:     material_thermal_screen: μ=0 σ=0.0025[0m
[38;21mINFO:fitter.py:     material_support_tube: μ=0 σ=0.0025[0m
[38;21mINFO:fitter.py:     material_pp1_cables: μ=0 σ=0.01[0m
[38;21mINFO:fitter.py:     material_pixel_patch: μ=0 σ=0.01[0m
[38;21mINFO:fitter.py:     hitres_pix_x_q0: μ=0 σ=1[0m
[38;21mINFO:fitter.py:     hitres_pix_x_q1: μ=0 σ=1[0m
[38;21mINFO:fitter.py:     hitres_pix_x_q2: μ=0 σ=1[0m
[38;21mINFO:fitter.py:     hitres_pix_x_q3: μ=0 σ=1[0m
[38;21mINFO:fitter.py:     hitres_pix_y_q0: μ=0 σ=1[0m
[38;21mINFO:fitter.py:     hitres_pix_y_q1: μ=0 σ=1[0m
[38;21mINFO:fitter.py:     hitres_pix_y_q2: μ=0 σ=1[0m
[38;21mINFO:fitter.py:     hitres_pix_y_q3: μ=0 σ=1[0m
[38;21mINFO:fitter.py:     hitres_str_N1_lo: μ=0 σ=1[0m
[38;21mINFO:fitter.py:     hitres_str_N1_hi: μ=0 σ=1[0m
[38;21mINFO:fitter.py:     hitres_str_N2_lo: μ=0 σ=1[0m
[38;21mINFO:fitter.py:     hitres_str_N2_hi: μ=0 σ=1[0m
[38;21mINFO:fitter.py:     hitres_str_N3_lo: μ=0 σ=1[0m
[38;21mINFO:fitter.py:     hitres_str_N3_hi: μ=0 σ=1[0m
[38;21mINFO:fitter.py:     hitres_str_N4_lo: μ=0 σ=1[0m
[38;21mINFO:fitter.py:     hitres_str_N4_hi: μ=0 σ=1[0m
[38;21mINFO:fitter.py:     hitres_str_N5_lo: μ=0 σ=1[0m
[38;21mINFO:fitter.py:     hitres_str_N5_hi: μ=0 σ=1[0m
[38;21mINFO:fitter.py: unbinned term 'vtx': 10276 candidates in 1 chunk(s) of 10276, graph loop[0m
[38;21mINFO:fitter.py: 1 unbinned term(s): the Hessian is assembled from Hessian-vector products rather than from the vectorised jacobian, and the HVP is revrev.[0m
[38;21mINFO:fitter.py: Perform iterative fit[0m
[38;21mINFO:fitter.py: [minimize] method=trust-krylov options={}[0m
[38;21mINFO:rabbit_fit.py: profile beta[0m
[38;21mINFO:rabbit_fit.py: edmval: 5.295841434779889e-12[0m
[38;21mINFO:rabbit_fit.py: Unbinned likelihood terms contribute -44206.641030 to the NLL; the saturated chi2 below is for the binned likelihood only[0m
[38;21mINFO:rabbit_fit.py: Saturated chi2:[0m
[38;21mINFO:rabbit_fit.py:     ndof: -59[0m
[38;21mINFO:rabbit_fit.py:     2*deltaNLL: 5.79[0m
[38;21mINFO:rabbit_fit.py:     p-value: nan%[0m
/work/submit/david_w/WRemnants_dev/wums/wums/ioutils.py:160: FutureWarning: .metadata was not set, returning None instead of Attribute error, boost-histogram 1.7+ will error.
  metadata = obj.metadata if hasattr(obj, "metadata") else None
Results written in file /ceph/submit/data/user/d/david_w/ZMass/cvh/runs_vtxres_260911/chi2cut/runs/fits/dy_vtx_off/fitresults.hdf5
[38;21mINFO:rabbit_fit.py: 352.56 seconds total time[0m
=== fit gun_mass_c10 
param models: --paramModel UnbinnedParams
WARNING: All log messages before absl::InitializeLog() is called are written to STDERR
I0000 00:00:1789310342.572433  108608 port.cc:153] oneDNN custom operations are on. You may see slightly different numerical results due to floating-point round-off errors from different computation orders. To turn them off, set the environment variable `TF_ENABLE_ONEDNN_OPTS=0`.
WARNING: All log messages before absl::InitializeLog() is called are written to STDERR
I0000 00:00:1789310348.406726  108608 port.cc:153] oneDNN custom operations are on. You may see slightly different numerical results due to floating-point round-off errors from different computation orders. To turn them off, set the environment variable `TF_ENABLE_ONEDNN_OPTS=0`.
E0000 00:00:1789310355.535521  108608 cuda_platform.cc:52] failed call to cuInit: INTERNAL: CUDA error: Failed call to cuInit: UNKNOWN ERROR (303)
calib_dummy {'axes': [Integer(0, 1, underflow=False, overflow=False, name='bin')], 'masked': False, 'flow': False, 'start': 0, 'stop': 1}
[38;21mINFO:unbinned.py: Loaded unbinned term 'mass' (kind MaterialCF, channel jpsi): 20769 candidates, 1 chunk(s) of 20769, parameters ['alpha', 'material_other', 'material_beampipe', 'material_bpix_active_L1', 'material_bpix_active_L2', 'material_bpix_active_L3', 'material_bpix_services', 'material_bpix_support6', 'material_bpix_support7', 'material_fpix_active_D1', 'material_fpix_active_D2', 'material_fpix_support', 'material_tib_active_L1', 'material_tib_active_L2', 'material_tib_active_L3', 'material_tib_active_L4', 'material_tibtid_services', 'material_tib_support', 'material_tid_active_R1', 'material_tid_active_R2', 'material_tid_active_R3', 'material_tid_support', 'material_tob_active_L1', 'material_tob_active_L2', 'material_tob_active_L3', 'material_tob_active_L4', 'material_tob_active_L5', 'material_tob_active_L6', 'material_tob_services', 'material_tob_support', 'material_tec_active_R1', 'material_tec_active_R2', 'material_tec_active_R3', 'material_tec_active_R4', 'material_tec_active_R5', 'material_tec_active_R6', 'material_tec_active_R7', 'material_tec_services', 'material_tec_structure', 'material_thermal_screen', 'material_support_tube', 'material_pp1_cables', 'material_pixel_patch', 'hitres_pix_x_q0', 'hitres_pix_x_q1', 'hitres_pix_x_q2', 'hitres_pix_x_q3', 'hitres_pix_y_q0', 'hitres_pix_y_q1', 'hitres_pix_y_q2', 'hitres_pix_y_q3', 'hitres_str_N1_lo', 'hitres_str_N1_hi', 'hitres_str_N2_lo', 'hitres_str_N2_hi', 'hitres_str_N3_lo', 'hitres_str_N3_hi', 'hitres_str_N4_lo', 'hitres_str_N4_hi', 'hitres_str_N5_lo', 'hitres_str_N5_hi'][0m
[38;21mINFO:unbinned_params.py: UnbinnedParams: 61 POI(s) ['alpha', 'material_other', 'material_beampipe', 'material_bpix_active_L1', 'material_bpix_active_L2', 'material_bpix_active_L3', 'material_bpix_services', 'material_bpix_support6', 'material_bpix_support7', 'material_fpix_active_D1', 'material_fpix_active_D2', 'material_fpix_support', 'material_tib_active_L1', 'material_tib_active_L2', 'material_tib_active_L3', 'material_tib_active_L4', 'material_tibtid_services', 'material_tib_support', 'material_tid_active_R1', 'material_tid_active_R2', 'material_tid_active_R3', 'material_tid_support', 'material_tob_active_L1', 'material_tob_active_L2', 'material_tob_active_L3', 'material_tob_active_L4', 'material_tob_active_L5', 'material_tob_active_L6', 'material_tob_services', 'material_tob_support', 'material_tec_active_R1', 'material_tec_active_R2', 'material_tec_active_R3', 'material_tec_active_R4', 'material_tec_active_R5', 'material_tec_active_R6', 'material_tec_active_R7', 'material_tec_services', 'material_tec_structure', 'material_thermal_screen', 'material_support_tube', 'material_pp1_cables', 'material_pixel_patch', 'hitres_pix_x_q0', 'hitres_pix_x_q1', 'hitres_pix_x_q2', 'hitres_pix_x_q3', 'hitres_pix_y_q0', 'hitres_pix_y_q1', 'hitres_pix_y_q2', 'hitres_pix_y_q3', 'hitres_str_N1_lo', 'hitres_str_N1_hi', 'hitres_str_N2_lo', 'hitres_str_N2_hi', 'hitres_str_N3_lo', 'hitres_str_N3_hi', 'hitres_str_N4_lo', 'hitres_str_N4_hi', 'hitres_str_N5_lo', 'hitres_str_N5_hi'], 0 nuisance(s) [], 60 with a Gaussian prior[0m
[38;21mINFO:fitter.py: Unblinding 61 parameters: ['alpha', 'material_other', 'material_beampipe', 'material_bpix_active_L1', 'material_bpix_active_L2', 'material_bpix_active_L3', 'material_bpix_services', 'material_bpix_support6', 'material_bpix_support7', 'material_fpix_active_D1', 'material_fpix_active_D2', 'material_fpix_support', 'material_tib_active_L1', 'material_tib_active_L2', 'material_tib_active_L3', 'material_tib_active_L4', 'material_tibtid_services', 'material_tib_support', 'material_tid_active_R1', 'material_tid_active_R2', 'material_tid_active_R3', 'material_tid_support', 'material_tob_active_L1', 'material_tob_active_L2', 'material_tob_active_L3', 'material_tob_active_L4', 'material_tob_active_L5', 'material_tob_active_L6', 'material_tob_services', 'material_tob_support', 'material_tec_active_R1', 'material_tec_active_R2', 'material_tec_active_R3', 'material_tec_active_R4', 'material_tec_active_R5', 'material_tec_active_R6', 'material_tec_active_R7', 'material_tec_services', 'material_tec_structure', 'material_thermal_screen', 'material_support_tube', 'material_pp1_cables', 'material_pixel_patch', 'hitres_pix_x_q0', 'hitres_pix_x_q1', 'hitres_pix_x_q2', 'hitres_pix_x_q3', 'hitres_pix_y_q0', 'hitres_pix_y_q1', 'hitres_pix_y_q2', 'hitres_pix_y_q3', 'hitres_str_N1_lo', 'hitres_str_N1_hi', 'hitres_str_N2_lo', 'hitres_str_N2_hi', 'hitres_str_N3_lo', 'hitres_str_N3_hi', 'hitres_str_N4_lo', 'hitres_str_N4_hi', 'hitres_str_N5_lo', 'hitres_str_N5_hi'][0m
[38;21mINFO:fitter.py: [paramPriors] applying Gaussian priors to 60/61 ParamModel params:[0m
[38;21mINFO:fitter.py:     material_other: μ=0 σ=0.04[0m
[38;21mINFO:fitter.py:     material_beampipe: μ=0 σ=0.0001[0m
[38;21mINFO:fitter.py:     material_bpix_active_L1: μ=0 σ=0.0004[0m
[38;21mINFO:fitter.py:     material_bpix_active_L2: μ=0 σ=0.0004[0m
[38;21mINFO:fitter.py:     material_bpix_active_L3: μ=0 σ=0.0004[0m
[38;21mINFO:fitter.py:     material_bpix_services: μ=0 σ=0.01[0m
[38;21mINFO:fitter.py:     material_bpix_support6: μ=0 σ=0.0025[0m
[38;21mINFO:fitter.py:     material_bpix_support7: μ=0 σ=0.01[0m
[38;21mINFO:fitter.py:     material_fpix_active_D1: μ=0 σ=0.0004[0m
[38;21mINFO:fitter.py:     material_fpix_active_D2: μ=0 σ=0.0004[0m
[38;21mINFO:fitter.py:     material_fpix_support: μ=0 σ=0.0025[0m
[38;21mINFO:fitter.py:     material_tib_active_L1: μ=0 σ=0.0004[0m
[38;21mINFO:fitter.py:     material_tib_active_L2: μ=0 σ=0.0004[0m
[38;21mINFO:fitter.py:     material_tib_active_L3: μ=0 σ=0.0004[0m
[38;21mINFO:fitter.py:     material_tib_active_L4: μ=0 σ=0.0004[0m
[38;21mINFO:fitter.py:     material_tibtid_services: μ=0 σ=0.01[0m
[38;21mINFO:fitter.py:     material_tib_support: μ=0 σ=0.0025[0m
[38;21mINFO:fitter.py:     material_tid_active_R1: μ=0 σ=0.0004[0m
[38;21mINFO:fitter.py:     material_tid_active_R2: μ=0 σ=0.0004[0m
[38;21mINFO:fitter.py:     material_tid_active_R3: μ=0 σ=0.0004[0m
[38;21mINFO:fitter.py:     material_tid_support: μ=0 σ=0.0025[0m
[38;21mINFO:fitter.py:     material_tob_active_L1: μ=0 σ=0.0004[0m
[38;21mINFO:fitter.py:     material_tob_active_L2: μ=0 σ=0.0004[0m
[38;21mINFO:fitter.py:     material_tob_active_L3: μ=0 σ=0.0004[0m
[38;21mINFO:fitter.py:     material_tob_active_L4: μ=0 σ=0.0004[0m
[38;21mINFO:fitter.py:     material_tob_active_L5: μ=0 σ=0.0004[0m
[38;21mINFO:fitter.py:     material_tob_active_L6: μ=0 σ=0.0004[0m
[38;21mINFO:fitter.py:     material_tob_services: μ=0 σ=0.01[0m
[38;21mINFO:fitter.py:     material_tob_support: μ=0 σ=0.0025[0m
[38;21mINFO:fitter.py:     material_tec_active_R1: μ=0 σ=0.0004[0m
[38;21mINFO:fitter.py:     material_tec_active_R2: μ=0 σ=0.0004[0m
[38;21mINFO:fitter.py:     material_tec_active_R3: μ=0 σ=0.0004[0m
[38;21mINFO:fitter.py:     material_tec_active_R4: μ=0 σ=0.0004[0m
[38;21mINFO:fitter.py:     material_tec_active_R5: μ=0 σ=0.0004[0m
[38;21mINFO:fitter.py:     material_tec_active_R6: μ=0 σ=0.0004[0m
[38;21mINFO:fitter.py:     material_tec_active_R7: μ=0 σ=0.0004[0m
[38;21mINFO:fitter.py:     material_tec_services: μ=0 σ=0.01[0m
[38;21mINFO:fitter.py:     material_tec_structure: μ=0 σ=0.0025[0m
[38;21mINFO:fitter.py:     material_thermal_screen: μ=0 σ=0.0025[0m
[38;21mINFO:fitter.py:     material_support_tube: μ=0 σ=0.0025[0m
[38;21mINFO:fitter.py:     material_pp1_cables: μ=0 σ=0.01[0m
[38;21mINFO:fitter.py:     material_pixel_patch: μ=0 σ=0.01[0m
[38;21mINFO:fitter.py:     hitres_pix_x_q0: μ=0 σ=1[0m
[38;21mINFO:fitter.py:     hitres_pix_x_q1: μ=0 σ=1[0m
[38;21mINFO:fitter.py:     hitres_pix_x_q2: μ=0 σ=1[0m
[38;21mINFO:fitter.py:     hitres_pix_x_q3: μ=0 σ=1[0m
[38;21mINFO:fitter.py:     hitres_pix_y_q0: μ=0 σ=1[0m
[38;21mINFO:fitter.py:     hitres_pix_y_q1: μ=0 σ=1[0m
[38;21mINFO:fitter.py:     hitres_pix_y_q2: μ=0 σ=1[0m
[38;21mINFO:fitter.py:     hitres_pix_y_q3: μ=0 σ=1[0m
[38;21mINFO:fitter.py:     hitres_str_N1_lo: μ=0 σ=1[0m
[38;21mINFO:fitter.py:     hitres_str_N1_hi: μ=0 σ=1[0m
[38;21mINFO:fitter.py:     hitres_str_N2_lo: μ=0 σ=1[0m
[38;21mINFO:fitter.py:     hitres_str_N2_hi: μ=0 σ=1[0m
[38;21mINFO:fitter.py:     hitres_str_N3_lo: μ=0 σ=1[0m
[38;21mINFO:fitter.py:     hitres_str_N3_hi: μ=0 σ=1[0m
[38;21mINFO:fitter.py:     hitres_str_N4_lo: μ=0 σ=1[0m
[38;21mINFO:fitter.py:     hitres_str_N4_hi: μ=0 σ=1[0m
[38;21mINFO:fitter.py:     hitres_str_N5_lo: μ=0 σ=1[0m
[38;21mINFO:fitter.py:     hitres_str_N5_hi: μ=0 σ=1[0m
[38;21mINFO:fitter.py: unbinned term 'mass': 20769 candidates in 1 chunk(s) of 20769, graph loop[0m
[38;21mINFO:fitter.py: 1 unbinned term(s): the Hessian is assembled from Hessian-vector products rather than from the vectorised jacobian, and the HVP is revrev.[0m
[38;21mINFO:fitter.py: Perform iterative fit[0m
[38;21mINFO:fitter.py: [minimize] method=trust-krylov options={}[0m
[38;21mINFO:rabbit_fit.py: profile beta[0m
[38;21mINFO:rabbit_fit.py: edmval: 2.9467946965247954e-14[0m
[38;21mINFO:rabbit_fit.py: Unbinned likelihood terms contribute -41955.533052 to the NLL; the saturated chi2 below is for the binned likelihood only[0m
[38;21mINFO:rabbit_fit.py: Saturated chi2:[0m
[38;21mINFO:rabbit_fit.py:     ndof: -60[0m
[38;21mINFO:rabbit_fit.py:     2*deltaNLL: 4.42[0m
[38;21mINFO:rabbit_fit.py:     p-value: nan%[0m
/work/submit/david_w/WRemnants_dev/wums/wums/ioutils.py:160: FutureWarning: .metadata was not set, returning None instead of Attribute error, boost-histogram 1.7+ will error.
  metadata = obj.metadata if hasattr(obj, "metadata") else None
Results written in file /ceph/submit/data/user/d/david_w/ZMass/cvh/runs_vtxres_260911/chi2cut/runs/fits/gun_mass_c10/fitresults.hdf5
[38;21mINFO:rabbit_fit.py: 671.61 seconds total time[0m
=== fit gun_mass_c3 
param models: --paramModel UnbinnedParams
WARNING: All log messages before absl::InitializeLog() is called are written to STDERR
I0000 00:00:1789311030.003976  120399 port.cc:153] oneDNN custom operations are on. You may see slightly different numerical results due to floating-point round-off errors from different computation orders. To turn them off, set the environment variable `TF_ENABLE_ONEDNN_OPTS=0`.
WARNING: All log messages before absl::InitializeLog() is called are written to STDERR
I0000 00:00:1789311035.811162  120399 port.cc:153] oneDNN custom operations are on. You may see slightly different numerical results due to floating-point round-off errors from different computation orders. To turn them off, set the environment variable `TF_ENABLE_ONEDNN_OPTS=0`.
E0000 00:00:1789311042.926589  120399 cuda_platform.cc:52] failed call to cuInit: INTERNAL: CUDA error: Failed call to cuInit: UNKNOWN ERROR (303)
calib_dummy {'axes': [Integer(0, 1, underflow=False, overflow=False, name='bin')], 'masked': False, 'flow': False, 'start': 0, 'stop': 1}
[38;21mINFO:unbinned.py: Loaded unbinned term 'mass' (kind MaterialCF, channel jpsi): 20710 candidates, 1 chunk(s) of 20710, parameters ['alpha', 'material_other', 'material_beampipe', 'material_bpix_active_L1', 'material_bpix_active_L2', 'material_bpix_active_L3', 'material_bpix_services', 'material_bpix_support6', 'material_bpix_support7', 'material_fpix_active_D1', 'material_fpix_active_D2', 'material_fpix_support', 'material_tib_active_L1', 'material_tib_active_L2', 'material_tib_active_L3', 'material_tib_active_L4', 'material_tibtid_services', 'material_tib_support', 'material_tid_active_R1', 'material_tid_active_R2', 'material_tid_active_R3', 'material_tid_support', 'material_tob_active_L1', 'material_tob_active_L2', 'material_tob_active_L3', 'material_tob_active_L4', 'material_tob_active_L5', 'material_tob_active_L6', 'material_tob_services', 'material_tob_support', 'material_tec_active_R1', 'material_tec_active_R2', 'material_tec_active_R3', 'material_tec_active_R4', 'material_tec_active_R5', 'material_tec_active_R6', 'material_tec_active_R7', 'material_tec_services', 'material_tec_structure', 'material_thermal_screen', 'material_support_tube', 'material_pp1_cables', 'material_pixel_patch', 'hitres_pix_x_q0', 'hitres_pix_x_q1', 'hitres_pix_x_q2', 'hitres_pix_x_q3', 'hitres_pix_y_q0', 'hitres_pix_y_q1', 'hitres_pix_y_q2', 'hitres_pix_y_q3', 'hitres_str_N1_lo', 'hitres_str_N1_hi', 'hitres_str_N2_lo', 'hitres_str_N2_hi', 'hitres_str_N3_lo', 'hitres_str_N3_hi', 'hitres_str_N4_lo', 'hitres_str_N4_hi', 'hitres_str_N5_lo', 'hitres_str_N5_hi'][0m
[38;21mINFO:unbinned_params.py: UnbinnedParams: 61 POI(s) ['alpha', 'material_other', 'material_beampipe', 'material_bpix_active_L1', 'material_bpix_active_L2', 'material_bpix_active_L3', 'material_bpix_services', 'material_bpix_support6', 'material_bpix_support7', 'material_fpix_active_D1', 'material_fpix_active_D2', 'material_fpix_support', 'material_tib_active_L1', 'material_tib_active_L2', 'material_tib_active_L3', 'material_tib_active_L4', 'material_tibtid_services', 'material_tib_support', 'material_tid_active_R1', 'material_tid_active_R2', 'material_tid_active_R3', 'material_tid_support', 'material_tob_active_L1', 'material_tob_active_L2', 'material_tob_active_L3', 'material_tob_active_L4', 'material_tob_active_L5', 'material_tob_active_L6', 'material_tob_services', 'material_tob_support', 'material_tec_active_R1', 'material_tec_active_R2', 'material_tec_active_R3', 'material_tec_active_R4', 'material_tec_active_R5', 'material_tec_active_R6', 'material_tec_active_R7', 'material_tec_services', 'material_tec_structure', 'material_thermal_screen', 'material_support_tube', 'material_pp1_cables', 'material_pixel_patch', 'hitres_pix_x_q0', 'hitres_pix_x_q1', 'hitres_pix_x_q2', 'hitres_pix_x_q3', 'hitres_pix_y_q0', 'hitres_pix_y_q1', 'hitres_pix_y_q2', 'hitres_pix_y_q3', 'hitres_str_N1_lo', 'hitres_str_N1_hi', 'hitres_str_N2_lo', 'hitres_str_N2_hi', 'hitres_str_N3_lo', 'hitres_str_N3_hi', 'hitres_str_N4_lo', 'hitres_str_N4_hi', 'hitres_str_N5_lo', 'hitres_str_N5_hi'], 0 nuisance(s) [], 60 with a Gaussian prior[0m
[38;21mINFO:fitter.py: Unblinding 61 parameters: ['alpha', 'material_other', 'material_beampipe', 'material_bpix_active_L1', 'material_bpix_active_L2', 'material_bpix_active_L3', 'material_bpix_services', 'material_bpix_support6', 'material_bpix_support7', 'material_fpix_active_D1', 'material_fpix_active_D2', 'material_fpix_support', 'material_tib_active_L1', 'material_tib_active_L2', 'material_tib_active_L3', 'material_tib_active_L4', 'material_tibtid_services', 'material_tib_support', 'material_tid_active_R1', 'material_tid_active_R2', 'material_tid_active_R3', 'material_tid_support', 'material_tob_active_L1', 'material_tob_active_L2', 'material_tob_active_L3', 'material_tob_active_L4', 'material_tob_active_L5', 'material_tob_active_L6', 'material_tob_services', 'material_tob_support', 'material_tec_active_R1', 'material_tec_active_R2', 'material_tec_active_R3', 'material_tec_active_R4', 'material_tec_active_R5', 'material_tec_active_R6', 'material_tec_active_R7', 'material_tec_services', 'material_tec_structure', 'material_thermal_screen', 'material_support_tube', 'material_pp1_cables', 'material_pixel_patch', 'hitres_pix_x_q0', 'hitres_pix_x_q1', 'hitres_pix_x_q2', 'hitres_pix_x_q3', 'hitres_pix_y_q0', 'hitres_pix_y_q1', 'hitres_pix_y_q2', 'hitres_pix_y_q3', 'hitres_str_N1_lo', 'hitres_str_N1_hi', 'hitres_str_N2_lo', 'hitres_str_N2_hi', 'hitres_str_N3_lo', 'hitres_str_N3_hi', 'hitres_str_N4_lo', 'hitres_str_N4_hi', 'hitres_str_N5_lo', 'hitres_str_N5_hi'][0m
[38;21mINFO:fitter.py: [paramPriors] applying Gaussian priors to 60/61 ParamModel params:[0m
[38;21mINFO:fitter.py:     material_other: μ=0 σ=0.04[0m
[38;21mINFO:fitter.py:     material_beampipe: μ=0 σ=0.0001[0m
[38;21mINFO:fitter.py:     material_bpix_active_L1: μ=0 σ=0.0004[0m
[38;21mINFO:fitter.py:     material_bpix_active_L2: μ=0 σ=0.0004[0m
[38;21mINFO:fitter.py:     material_bpix_active_L3: μ=0 σ=0.0004[0m
[38;21mINFO:fitter.py:     material_bpix_services: μ=0 σ=0.01[0m
[38;21mINFO:fitter.py:     material_bpix_support6: μ=0 σ=0.0025[0m
[38;21mINFO:fitter.py:     material_bpix_support7: μ=0 σ=0.01[0m
[38;21mINFO:fitter.py:     material_fpix_active_D1: μ=0 σ=0.0004[0m
[38;21mINFO:fitter.py:     material_fpix_active_D2: μ=0 σ=0.0004[0m
[38;21mINFO:fitter.py:     material_fpix_support: μ=0 σ=0.0025[0m
[38;21mINFO:fitter.py:     material_tib_active_L1: μ=0 σ=0.0004[0m
[38;21mINFO:fitter.py:     material_tib_active_L2: μ=0 σ=0.0004[0m
[38;21mINFO:fitter.py:     material_tib_active_L3: μ=0 σ=0.0004[0m
[38;21mINFO:fitter.py:     material_tib_active_L4: μ=0 σ=0.0004[0m
[38;21mINFO:fitter.py:     material_tibtid_services: μ=0 σ=0.01[0m
[38;21mINFO:fitter.py:     material_tib_support: μ=0 σ=0.0025[0m
[38;21mINFO:fitter.py:     material_tid_active_R1: μ=0 σ=0.0004[0m
[38;21mINFO:fitter.py:     material_tid_active_R2: μ=0 σ=0.0004[0m
[38;21mINFO:fitter.py:     material_tid_active_R3: μ=0 σ=0.0004[0m
[38;21mINFO:fitter.py:     material_tid_support: μ=0 σ=0.0025[0m
[38;21mINFO:fitter.py:     material_tob_active_L1: μ=0 σ=0.0004[0m
[38;21mINFO:fitter.py:     material_tob_active_L2: μ=0 σ=0.0004[0m
[38;21mINFO:fitter.py:     material_tob_active_L3: μ=0 σ=0.0004[0m
[38;21mINFO:fitter.py:     material_tob_active_L4: μ=0 σ=0.0004[0m
[38;21mINFO:fitter.py:     material_tob_active_L5: μ=0 σ=0.0004[0m
[38;21mINFO:fitter.py:     material_tob_active_L6: μ=0 σ=0.0004[0m
[38;21mINFO:fitter.py:     material_tob_services: μ=0 σ=0.01[0m
[38;21mINFO:fitter.py:     material_tob_support: μ=0 σ=0.0025[0m
[38;21mINFO:fitter.py:     material_tec_active_R1: μ=0 σ=0.0004[0m
[38;21mINFO:fitter.py:     material_tec_active_R2: μ=0 σ=0.0004[0m
[38;21mINFO:fitter.py:     material_tec_active_R3: μ=0 σ=0.0004[0m
[38;21mINFO:fitter.py:     material_tec_active_R4: μ=0 σ=0.0004[0m
[38;21mINFO:fitter.py:     material_tec_active_R5: μ=0 σ=0.0004[0m
[38;21mINFO:fitter.py:     material_tec_active_R6: μ=0 σ=0.0004[0m
[38;21mINFO:fitter.py:     material_tec_active_R7: μ=0 σ=0.0004[0m
[38;21mINFO:fitter.py:     material_tec_services: μ=0 σ=0.01[0m
[38;21mINFO:fitter.py:     material_tec_structure: μ=0 σ=0.0025[0m
[38;21mINFO:fitter.py:     material_thermal_screen: μ=0 σ=0.0025[0m
[38;21mINFO:fitter.py:     material_support_tube: μ=0 σ=0.0025[0m
[38;21mINFO:fitter.py:     material_pp1_cables: μ=0 σ=0.01[0m
[38;21mINFO:fitter.py:     material_pixel_patch: μ=0 σ=0.01[0m
[38;21mINFO:fitter.py:     hitres_pix_x_q0: μ=0 σ=1[0m
[38;21mINFO:fitter.py:     hitres_pix_x_q1: μ=0 σ=1[0m
[38;21mINFO:fitter.py:     hitres_pix_x_q2: μ=0 σ=1[0m
[38;21mINFO:fitter.py:     hitres_pix_x_q3: μ=0 σ=1[0m
[38;21mINFO:fitter.py:     hitres_pix_y_q0: μ=0 σ=1[0m
[38;21mINFO:fitter.py:     hitres_pix_y_q1: μ=0 σ=1[0m
[38;21mINFO:fitter.py:     hitres_pix_y_q2: μ=0 σ=1[0m
[38;21mINFO:fitter.py:     hitres_pix_y_q3: μ=0 σ=1[0m
[38;21mINFO:fitter.py:     hitres_str_N1_lo: μ=0 σ=1[0m
[38;21mINFO:fitter.py:     hitres_str_N1_hi: μ=0 σ=1[0m
[38;21mINFO:fitter.py:     hitres_str_N2_lo: μ=0 σ=1[0m
[38;21mINFO:fitter.py:     hitres_str_N2_hi: μ=0 σ=1[0m
[38;21mINFO:fitter.py:     hitres_str_N3_lo: μ=0 σ=1[0m
[38;21mINFO:fitter.py:     hitres_str_N3_hi: μ=0 σ=1[0m
[38;21mINFO:fitter.py:     hitres_str_N4_lo: μ=0 σ=1[0m
[38;21mINFO:fitter.py:     hitres_str_N4_hi: μ=0 σ=1[0m
[38;21mINFO:fitter.py:     hitres_str_N5_lo: μ=0 σ=1[0m
[38;21mINFO:fitter.py:     hitres_str_N5_hi: μ=0 σ=1[0m
[38;21mINFO:fitter.py: unbinned term 'mass': 20710 candidates in 1 chunk(s) of 20710, graph loop[0m
[38;21mINFO:fitter.py: 1 unbinned term(s): the Hessian is assembled from Hessian-vector products rather than from the vectorised jacobian, and the HVP is revrev.[0m
[38;21mINFO:fitter.py: Perform iterative fit[0m
[38;21mINFO:fitter.py: [minimize] method=trust-krylov options={}[0m
[38;21mINFO:rabbit_fit.py: profile beta[0m
[38;21mINFO:rabbit_fit.py: edmval: 1.3234246236749598e-17[0m
[38;21mINFO:rabbit_fit.py: Unbinned likelihood terms contribute -41964.197904 to the NLL; the saturated chi2 below is for the binned likelihood only[0m
[38;21mINFO:rabbit_fit.py: Saturated chi2:[0m
[38;21mINFO:rabbit_fit.py:     ndof: -60[0m
[38;21mINFO:rabbit_fit.py:     2*deltaNLL: 5.17[0m
[38;21mINFO:rabbit_fit.py:     p-value: nan%[0m
/work/submit/david_w/WRemnants_dev/wums/wums/ioutils.py:160: FutureWarning: .metadata was not set, returning None instead of Attribute error, boost-histogram 1.7+ will error.
  metadata = obj.metadata if hasattr(obj, "metadata") else None
Results written in file /ceph/submit/data/user/d/david_w/ZMass/cvh/runs_vtxres_260911/chi2cut/runs/fits/gun_mass_c3/fitresults.hdf5
[38;21mINFO:rabbit_fit.py: 700.20 seconds total time[0m
=== fit gun_mass_c5 
param models: --paramModel UnbinnedParams
WARNING: All log messages before absl::InitializeLog() is called are written to STDERR
I0000 00:00:1789311745.840750  142352 port.cc:153] oneDNN custom operations are on. You may see slightly different numerical results due to floating-point round-off errors from different computation orders. To turn them off, set the environment variable `TF_ENABLE_ONEDNN_OPTS=0`.
WARNING: All log messages before absl::InitializeLog() is called are written to STDERR
I0000 00:00:1789311751.641839  142352 port.cc:153] oneDNN custom operations are on. You may see slightly different numerical results due to floating-point round-off errors from different computation orders. To turn them off, set the environment variable `TF_ENABLE_ONEDNN_OPTS=0`.
E0000 00:00:1789311758.737548  142352 cuda_platform.cc:52] failed call to cuInit: INTERNAL: CUDA error: Failed call to cuInit: UNKNOWN ERROR (303)
calib_dummy {'axes': [Integer(0, 1, underflow=False, overflow=False, name='bin')], 'masked': False, 'flow': False, 'start': 0, 'stop': 1}
[38;21mINFO:unbinned.py: Loaded unbinned term 'mass' (kind MaterialCF, channel jpsi): 20761 candidates, 1 chunk(s) of 20761, parameters ['alpha', 'material_other', 'material_beampipe', 'material_bpix_active_L1', 'material_bpix_active_L2', 'material_bpix_active_L3', 'material_bpix_services', 'material_bpix_support6', 'material_bpix_support7', 'material_fpix_active_D1', 'material_fpix_active_D2', 'material_fpix_support', 'material_tib_active_L1', 'material_tib_active_L2', 'material_tib_active_L3', 'material_tib_active_L4', 'material_tibtid_services', 'material_tib_support', 'material_tid_active_R1', 'material_tid_active_R2', 'material_tid_active_R3', 'material_tid_support', 'material_tob_active_L1', 'material_tob_active_L2', 'material_tob_active_L3', 'material_tob_active_L4', 'material_tob_active_L5', 'material_tob_active_L6', 'material_tob_services', 'material_tob_support', 'material_tec_active_R1', 'material_tec_active_R2', 'material_tec_active_R3', 'material_tec_active_R4', 'material_tec_active_R5', 'material_tec_active_R6', 'material_tec_active_R7', 'material_tec_services', 'material_tec_structure', 'material_thermal_screen', 'material_support_tube', 'material_pp1_cables', 'material_pixel_patch', 'hitres_pix_x_q0', 'hitres_pix_x_q1', 'hitres_pix_x_q2', 'hitres_pix_x_q3', 'hitres_pix_y_q0', 'hitres_pix_y_q1', 'hitres_pix_y_q2', 'hitres_pix_y_q3', 'hitres_str_N1_lo', 'hitres_str_N1_hi', 'hitres_str_N2_lo', 'hitres_str_N2_hi', 'hitres_str_N3_lo', 'hitres_str_N3_hi', 'hitres_str_N4_lo', 'hitres_str_N4_hi', 'hitres_str_N5_lo', 'hitres_str_N5_hi'][0m
[38;21mINFO:unbinned_params.py: UnbinnedParams: 61 POI(s) ['alpha', 'material_other', 'material_beampipe', 'material_bpix_active_L1', 'material_bpix_active_L2', 'material_bpix_active_L3', 'material_bpix_services', 'material_bpix_support6', 'material_bpix_support7', 'material_fpix_active_D1', 'material_fpix_active_D2', 'material_fpix_support', 'material_tib_active_L1', 'material_tib_active_L2', 'material_tib_active_L3', 'material_tib_active_L4', 'material_tibtid_services', 'material_tib_support', 'material_tid_active_R1', 'material_tid_active_R2', 'material_tid_active_R3', 'material_tid_support', 'material_tob_active_L1', 'material_tob_active_L2', 'material_tob_active_L3', 'material_tob_active_L4', 'material_tob_active_L5', 'material_tob_active_L6', 'material_tob_services', 'material_tob_support', 'material_tec_active_R1', 'material_tec_active_R2', 'material_tec_active_R3', 'material_tec_active_R4', 'material_tec_active_R5', 'material_tec_active_R6', 'material_tec_active_R7', 'material_tec_services', 'material_tec_structure', 'material_thermal_screen', 'material_support_tube', 'material_pp1_cables', 'material_pixel_patch', 'hitres_pix_x_q0', 'hitres_pix_x_q1', 'hitres_pix_x_q2', 'hitres_pix_x_q3', 'hitres_pix_y_q0', 'hitres_pix_y_q1', 'hitres_pix_y_q2', 'hitres_pix_y_q3', 'hitres_str_N1_lo', 'hitres_str_N1_hi', 'hitres_str_N2_lo', 'hitres_str_N2_hi', 'hitres_str_N3_lo', 'hitres_str_N3_hi', 'hitres_str_N4_lo', 'hitres_str_N4_hi', 'hitres_str_N5_lo', 'hitres_str_N5_hi'], 0 nuisance(s) [], 60 with a Gaussian prior[0m
[38;21mINFO:fitter.py: Unblinding 61 parameters: ['alpha', 'material_other', 'material_beampipe', 'material_bpix_active_L1', 'material_bpix_active_L2', 'material_bpix_active_L3', 'material_bpix_services', 'material_bpix_support6', 'material_bpix_support7', 'material_fpix_active_D1', 'material_fpix_active_D2', 'material_fpix_support', 'material_tib_active_L1', 'material_tib_active_L2', 'material_tib_active_L3', 'material_tib_active_L4', 'material_tibtid_services', 'material_tib_support', 'material_tid_active_R1', 'material_tid_active_R2', 'material_tid_active_R3', 'material_tid_support', 'material_tob_active_L1', 'material_tob_active_L2', 'material_tob_active_L3', 'material_tob_active_L4', 'material_tob_active_L5', 'material_tob_active_L6', 'material_tob_services', 'material_tob_support', 'material_tec_active_R1', 'material_tec_active_R2', 'material_tec_active_R3', 'material_tec_active_R4', 'material_tec_active_R5', 'material_tec_active_R6', 'material_tec_active_R7', 'material_tec_services', 'material_tec_structure', 'material_thermal_screen', 'material_support_tube', 'material_pp1_cables', 'material_pixel_patch', 'hitres_pix_x_q0', 'hitres_pix_x_q1', 'hitres_pix_x_q2', 'hitres_pix_x_q3', 'hitres_pix_y_q0', 'hitres_pix_y_q1', 'hitres_pix_y_q2', 'hitres_pix_y_q3', 'hitres_str_N1_lo', 'hitres_str_N1_hi', 'hitres_str_N2_lo', 'hitres_str_N2_hi', 'hitres_str_N3_lo', 'hitres_str_N3_hi', 'hitres_str_N4_lo', 'hitres_str_N4_hi', 'hitres_str_N5_lo', 'hitres_str_N5_hi'][0m
[38;21mINFO:fitter.py: [paramPriors] applying Gaussian priors to 60/61 ParamModel params:[0m
[38;21mINFO:fitter.py:     material_other: μ=0 σ=0.04[0m
[38;21mINFO:fitter.py:     material_beampipe: μ=0 σ=0.0001[0m
[38;21mINFO:fitter.py:     material_bpix_active_L1: μ=0 σ=0.0004[0m
[38;21mINFO:fitter.py:     material_bpix_active_L2: μ=0 σ=0.0004[0m
[38;21mINFO:fitter.py:     material_bpix_active_L3: μ=0 σ=0.0004[0m
[38;21mINFO:fitter.py:     material_bpix_services: μ=0 σ=0.01[0m
[38;21mINFO:fitter.py:     material_bpix_support6: μ=0 σ=0.0025[0m
[38;21mINFO:fitter.py:     material_bpix_support7: μ=0 σ=0.01[0m
[38;21mINFO:fitter.py:     material_fpix_active_D1: μ=0 σ=0.0004[0m
[38;21mINFO:fitter.py:     material_fpix_active_D2: μ=0 σ=0.0004[0m
[38;21mINFO:fitter.py:     material_fpix_support: μ=0 σ=0.0025[0m
[38;21mINFO:fitter.py:     material_tib_active_L1: μ=0 σ=0.0004[0m
[38;21mINFO:fitter.py:     material_tib_active_L2: μ=0 σ=0.0004[0m
[38;21mINFO:fitter.py:     material_tib_active_L3: μ=0 σ=0.0004[0m
[38;21mINFO:fitter.py:     material_tib_active_L4: μ=0 σ=0.0004[0m
[38;21mINFO:fitter.py:     material_tibtid_services: μ=0 σ=0.01[0m
[38;21mINFO:fitter.py:     material_tib_support: μ=0 σ=0.0025[0m
[38;21mINFO:fitter.py:     material_tid_active_R1: μ=0 σ=0.0004[0m
[38;21mINFO:fitter.py:     material_tid_active_R2: μ=0 σ=0.0004[0m
[38;21mINFO:fitter.py:     material_tid_active_R3: μ=0 σ=0.0004[0m
[38;21mINFO:fitter.py:     material_tid_support: μ=0 σ=0.0025[0m
[38;21mINFO:fitter.py:     material_tob_active_L1: μ=0 σ=0.0004[0m
[38;21mINFO:fitter.py:     material_tob_active_L2: μ=0 σ=0.0004[0m
[38;21mINFO:fitter.py:     material_tob_active_L3: μ=0 σ=0.0004[0m
[38;21mINFO:fitter.py:     material_tob_active_L4: μ=0 σ=0.0004[0m
[38;21mINFO:fitter.py:     material_tob_active_L5: μ=0 σ=0.0004[0m
[38;21mINFO:fitter.py:     material_tob_active_L6: μ=0 σ=0.0004[0m
[38;21mINFO:fitter.py:     material_tob_services: μ=0 σ=0.01[0m
[38;21mINFO:fitter.py:     material_tob_support: μ=0 σ=0.0025[0m
[38;21mINFO:fitter.py:     material_tec_active_R1: μ=0 σ=0.0004[0m
[38;21mINFO:fitter.py:     material_tec_active_R2: μ=0 σ=0.0004[0m
[38;21mINFO:fitter.py:     material_tec_active_R3: μ=0 σ=0.0004[0m
[38;21mINFO:fitter.py:     material_tec_active_R4: μ=0 σ=0.0004[0m
[38;21mINFO:fitter.py:     material_tec_active_R5: μ=0 σ=0.0004[0m
[38;21mINFO:fitter.py:     material_tec_active_R6: μ=0 σ=0.0004[0m
[38;21mINFO:fitter.py:     material_tec_active_R7: μ=0 σ=0.0004[0m
[38;21mINFO:fitter.py:     material_tec_services: μ=0 σ=0.01[0m
[38;21mINFO:fitter.py:     material_tec_structure: μ=0 σ=0.0025[0m
[38;21mINFO:fitter.py:     material_thermal_screen: μ=0 σ=0.0025[0m
[38;21mINFO:fitter.py:     material_support_tube: μ=0 σ=0.0025[0m
[38;21mINFO:fitter.py:     material_pp1_cables: μ=0 σ=0.01[0m
[38;21mINFO:fitter.py:     material_pixel_patch: μ=0 σ=0.01[0m
[38;21mINFO:fitter.py:     hitres_pix_x_q0: μ=0 σ=1[0m
[38;21mINFO:fitter.py:     hitres_pix_x_q1: μ=0 σ=1[0m
[38;21mINFO:fitter.py:     hitres_pix_x_q2: μ=0 σ=1[0m
[38;21mINFO:fitter.py:     hitres_pix_x_q3: μ=0 σ=1[0m
[38;21mINFO:fitter.py:     hitres_pix_y_q0: μ=0 σ=1[0m
[38;21mINFO:fitter.py:     hitres_pix_y_q1: μ=0 σ=1[0m
[38;21mINFO:fitter.py:     hitres_pix_y_q2: μ=0 σ=1[0m
[38;21mINFO:fitter.py:     hitres_pix_y_q3: μ=0 σ=1[0m
[38;21mINFO:fitter.py:     hitres_str_N1_lo: μ=0 σ=1[0m
[38;21mINFO:fitter.py:     hitres_str_N1_hi: μ=0 σ=1[0m
[38;21mINFO:fitter.py:     hitres_str_N2_lo: μ=0 σ=1[0m
[38;21mINFO:fitter.py:     hitres_str_N2_hi: μ=0 σ=1[0m
[38;21mINFO:fitter.py:     hitres_str_N3_lo: μ=0 σ=1[0m
[38;21mINFO:fitter.py:     hitres_str_N3_hi: μ=0 σ=1[0m
[38;21mINFO:fitter.py:     hitres_str_N4_lo: μ=0 σ=1[0m
[38;21mINFO:fitter.py:     hitres_str_N4_hi: μ=0 σ=1[0m
[38;21mINFO:fitter.py:     hitres_str_N5_lo: μ=0 σ=1[0m
[38;21mINFO:fitter.py:     hitres_str_N5_hi: μ=0 σ=1[0m
[38;21mINFO:fitter.py: unbinned term 'mass': 20761 candidates in 1 chunk(s) of 20761, graph loop[0m
[38;21mINFO:fitter.py: 1 unbinned term(s): the Hessian is assembled from Hessian-vector products rather than from the vectorised jacobian, and the HVP is revrev.[0m
[38;21mINFO:fitter.py: Perform iterative fit[0m
[38;21mINFO:fitter.py: [minimize] method=trust-krylov options={}[0m
[38;21mINFO:rabbit_fit.py: profile beta[0m
[38;21mINFO:rabbit_fit.py: edmval: 1.231037664061376e-15[0m
[38;21mINFO:rabbit_fit.py: Unbinned likelihood terms contribute -41986.317560 to the NLL; the saturated chi2 below is for the binned likelihood only[0m
[38;21mINFO:rabbit_fit.py: Saturated chi2:[0m
[38;21mINFO:rabbit_fit.py:     ndof: -60[0m
[38;21mINFO:rabbit_fit.py:     2*deltaNLL: 4.62[0m
[38;21mINFO:rabbit_fit.py:     p-value: nan%[0m
/work/submit/david_w/WRemnants_dev/wums/wums/ioutils.py:160: FutureWarning: .metadata was not set, returning None instead of Attribute error, boost-histogram 1.7+ will error.
  metadata = obj.metadata if hasattr(obj, "metadata") else None
Results written in file /ceph/submit/data/user/d/david_w/ZMass/cvh/runs_vtxres_260911/chi2cut/runs/fits/gun_mass_c5/fitresults.hdf5
[38;21mINFO:rabbit_fit.py: 753.25 seconds total time[0m
=== fit gun_mass_off 
param models: --paramModel UnbinnedParams
WARNING: All log messages before absl::InitializeLog() is called are written to STDERR
I0000 00:00:1789312514.852971  156539 port.cc:153] oneDNN custom operations are on. You may see slightly different numerical results due to floating-point round-off errors from different computation orders. To turn them off, set the environment variable `TF_ENABLE_ONEDNN_OPTS=0`.
WARNING: All log messages before absl::InitializeLog() is called are written to STDERR
I0000 00:00:1789312520.585897  156539 port.cc:153] oneDNN custom operations are on. You may see slightly different numerical results due to floating-point round-off errors from different computation orders. To turn them off, set the environment variable `TF_ENABLE_ONEDNN_OPTS=0`.
E0000 00:00:1789312527.604050  156539 cuda_platform.cc:52] failed call to cuInit: INTERNAL: CUDA error: Failed call to cuInit: UNKNOWN ERROR (303)
calib_dummy {'axes': [Integer(0, 1, underflow=False, overflow=False, name='bin')], 'masked': False, 'flow': False, 'start': 0, 'stop': 1}
[38;21mINFO:unbinned.py: Loaded unbinned term 'mass' (kind MaterialCF, channel jpsi): 20769 candidates, 1 chunk(s) of 20769, parameters ['alpha', 'material_other', 'material_beampipe', 'material_bpix_active_L1', 'material_bpix_active_L2', 'material_bpix_active_L3', 'material_bpix_services', 'material_bpix_support6', 'material_bpix_support7', 'material_fpix_active_D1', 'material_fpix_active_D2', 'material_fpix_support', 'material_tib_active_L1', 'material_tib_active_L2', 'material_tib_active_L3', 'material_tib_active_L4', 'material_tibtid_services', 'material_tib_support', 'material_tid_active_R1', 'material_tid_active_R2', 'material_tid_active_R3', 'material_tid_support', 'material_tob_active_L1', 'material_tob_active_L2', 'material_tob_active_L3', 'material_tob_active_L4', 'material_tob_active_L5', 'material_tob_active_L6', 'material_tob_services', 'material_tob_support', 'material_tec_active_R1', 'material_tec_active_R2', 'material_tec_active_R3', 'material_tec_active_R4', 'material_tec_active_R5', 'material_tec_active_R6', 'material_tec_active_R7', 'material_tec_services', 'material_tec_structure', 'material_thermal_screen', 'material_support_tube', 'material_pp1_cables', 'material_pixel_patch', 'hitres_pix_x_q0', 'hitres_pix_x_q1', 'hitres_pix_x_q2', 'hitres_pix_x_q3', 'hitres_pix_y_q0', 'hitres_pix_y_q1', 'hitres_pix_y_q2', 'hitres_pix_y_q3', 'hitres_str_N1_lo', 'hitres_str_N1_hi', 'hitres_str_N2_lo', 'hitres_str_N2_hi', 'hitres_str_N3_lo', 'hitres_str_N3_hi', 'hitres_str_N4_lo', 'hitres_str_N4_hi', 'hitres_str_N5_lo', 'hitres_str_N5_hi'][0m
[38;21mINFO:unbinned_params.py: UnbinnedParams: 61 POI(s) ['alpha', 'material_other', 'material_beampipe', 'material_bpix_active_L1', 'material_bpix_active_L2', 'material_bpix_active_L3', 'material_bpix_services', 'material_bpix_support6', 'material_bpix_support7', 'material_fpix_active_D1', 'material_fpix_active_D2', 'material_fpix_support', 'material_tib_active_L1', 'material_tib_active_L2', 'material_tib_active_L3', 'material_tib_active_L4', 'material_tibtid_services', 'material_tib_support', 'material_tid_active_R1', 'material_tid_active_R2', 'material_tid_active_R3', 'material_tid_support', 'material_tob_active_L1', 'material_tob_active_L2', 'material_tob_active_L3', 'material_tob_active_L4', 'material_tob_active_L5', 'material_tob_active_L6', 'material_tob_services', 'material_tob_support', 'material_tec_active_R1', 'material_tec_active_R2', 'material_tec_active_R3', 'material_tec_active_R4', 'material_tec_active_R5', 'material_tec_active_R6', 'material_tec_active_R7', 'material_tec_services', 'material_tec_structure', 'material_thermal_screen', 'material_support_tube', 'material_pp1_cables', 'material_pixel_patch', 'hitres_pix_x_q0', 'hitres_pix_x_q1', 'hitres_pix_x_q2', 'hitres_pix_x_q3', 'hitres_pix_y_q0', 'hitres_pix_y_q1', 'hitres_pix_y_q2', 'hitres_pix_y_q3', 'hitres_str_N1_lo', 'hitres_str_N1_hi', 'hitres_str_N2_lo', 'hitres_str_N2_hi', 'hitres_str_N3_lo', 'hitres_str_N3_hi', 'hitres_str_N4_lo', 'hitres_str_N4_hi', 'hitres_str_N5_lo', 'hitres_str_N5_hi'], 0 nuisance(s) [], 60 with a Gaussian prior[0m
[38;21mINFO:fitter.py: Unblinding 61 parameters: ['alpha', 'material_other', 'material_beampipe', 'material_bpix_active_L1', 'material_bpix_active_L2', 'material_bpix_active_L3', 'material_bpix_services', 'material_bpix_support6', 'material_bpix_support7', 'material_fpix_active_D1', 'material_fpix_active_D2', 'material_fpix_support', 'material_tib_active_L1', 'material_tib_active_L2', 'material_tib_active_L3', 'material_tib_active_L4', 'material_tibtid_services', 'material_tib_support', 'material_tid_active_R1', 'material_tid_active_R2', 'material_tid_active_R3', 'material_tid_support', 'material_tob_active_L1', 'material_tob_active_L2', 'material_tob_active_L3', 'material_tob_active_L4', 'material_tob_active_L5', 'material_tob_active_L6', 'material_tob_services', 'material_tob_support', 'material_tec_active_R1', 'material_tec_active_R2', 'material_tec_active_R3', 'material_tec_active_R4', 'material_tec_active_R5', 'material_tec_active_R6', 'material_tec_active_R7', 'material_tec_services', 'material_tec_structure', 'material_thermal_screen', 'material_support_tube', 'material_pp1_cables', 'material_pixel_patch', 'hitres_pix_x_q0', 'hitres_pix_x_q1', 'hitres_pix_x_q2', 'hitres_pix_x_q3', 'hitres_pix_y_q0', 'hitres_pix_y_q1', 'hitres_pix_y_q2', 'hitres_pix_y_q3', 'hitres_str_N1_lo', 'hitres_str_N1_hi', 'hitres_str_N2_lo', 'hitres_str_N2_hi', 'hitres_str_N3_lo', 'hitres_str_N3_hi', 'hitres_str_N4_lo', 'hitres_str_N4_hi', 'hitres_str_N5_lo', 'hitres_str_N5_hi'][0m
[38;21mINFO:fitter.py: [paramPriors] applying Gaussian priors to 60/61 ParamModel params:[0m
[38;21mINFO:fitter.py:     material_other: μ=0 σ=0.04[0m
[38;21mINFO:fitter.py:     material_beampipe: μ=0 σ=0.0001[0m
[38;21mINFO:fitter.py:     material_bpix_active_L1: μ=0 σ=0.0004[0m
[38;21mINFO:fitter.py:     material_bpix_active_L2: μ=0 σ=0.0004[0m
[38;21mINFO:fitter.py:     material_bpix_active_L3: μ=0 σ=0.0004[0m
[38;21mINFO:fitter.py:     material_bpix_services: μ=0 σ=0.01[0m
[38;21mINFO:fitter.py:     material_bpix_support6: μ=0 σ=0.0025[0m
[38;21mINFO:fitter.py:     material_bpix_support7: μ=0 σ=0.01[0m
[38;21mINFO:fitter.py:     material_fpix_active_D1: μ=0 σ=0.0004[0m
[38;21mINFO:fitter.py:     material_fpix_active_D2: μ=0 σ=0.0004[0m
[38;21mINFO:fitter.py:     material_fpix_support: μ=0 σ=0.0025[0m
[38;21mINFO:fitter.py:     material_tib_active_L1: μ=0 σ=0.0004[0m
[38;21mINFO:fitter.py:     material_tib_active_L2: μ=0 σ=0.0004[0m
[38;21mINFO:fitter.py:     material_tib_active_L3: μ=0 σ=0.0004[0m
[38;21mINFO:fitter.py:     material_tib_active_L4: μ=0 σ=0.0004[0m
[38;21mINFO:fitter.py:     material_tibtid_services: μ=0 σ=0.01[0m
[38;21mINFO:fitter.py:     material_tib_support: μ=0 σ=0.0025[0m
[38;21mINFO:fitter.py:     material_tid_active_R1: μ=0 σ=0.0004[0m
[38;21mINFO:fitter.py:     material_tid_active_R2: μ=0 σ=0.0004[0m
[38;21mINFO:fitter.py:     material_tid_active_R3: μ=0 σ=0.0004[0m
[38;21mINFO:fitter.py:     material_tid_support: μ=0 σ=0.0025[0m
[38;21mINFO:fitter.py:     material_tob_active_L1: μ=0 σ=0.0004[0m
[38;21mINFO:fitter.py:     material_tob_active_L2: μ=0 σ=0.0004[0m
[38;21mINFO:fitter.py:     material_tob_active_L3: μ=0 σ=0.0004[0m
[38;21mINFO:fitter.py:     material_tob_active_L4: μ=0 σ=0.0004[0m
[38;21mINFO:fitter.py:     material_tob_active_L5: μ=0 σ=0.0004[0m
[38;21mINFO:fitter.py:     material_tob_active_L6: μ=0 σ=0.0004[0m
[38;21mINFO:fitter.py:     material_tob_services: μ=0 σ=0.01[0m
[38;21mINFO:fitter.py:     material_tob_support: μ=0 σ=0.0025[0m
[38;21mINFO:fitter.py:     material_tec_active_R1: μ=0 σ=0.0004[0m
[38;21mINFO:fitter.py:     material_tec_active_R2: μ=0 σ=0.0004[0m
[38;21mINFO:fitter.py:     material_tec_active_R3: μ=0 σ=0.0004[0m
[38;21mINFO:fitter.py:     material_tec_active_R4: μ=0 σ=0.0004[0m
[38;21mINFO:fitter.py:     material_tec_active_R5: μ=0 σ=0.0004[0m
[38;21mINFO:fitter.py:     material_tec_active_R6: μ=0 σ=0.0004[0m
[38;21mINFO:fitter.py:     material_tec_active_R7: μ=0 σ=0.0004[0m
[38;21mINFO:fitter.py:     material_tec_services: μ=0 σ=0.01[0m
[38;21mINFO:fitter.py:     material_tec_structure: μ=0 σ=0.0025[0m
[38;21mINFO:fitter.py:     material_thermal_screen: μ=0 σ=0.0025[0m
[38;21mINFO:fitter.py:     material_support_tube: μ=0 σ=0.0025[0m
[38;21mINFO:fitter.py:     material_pp1_cables: μ=0 σ=0.01[0m
[38;21mINFO:fitter.py:     material_pixel_patch: μ=0 σ=0.01[0m
[38;21mINFO:fitter.py:     hitres_pix_x_q0: μ=0 σ=1[0m
[38;21mINFO:fitter.py:     hitres_pix_x_q1: μ=0 σ=1[0m
[38;21mINFO:fitter.py:     hitres_pix_x_q2: μ=0 σ=1[0m
[38;21mINFO:fitter.py:     hitres_pix_x_q3: μ=0 σ=1[0m
[38;21mINFO:fitter.py:     hitres_pix_y_q0: μ=0 σ=1[0m
[38;21mINFO:fitter.py:     hitres_pix_y_q1: μ=0 σ=1[0m
[38;21mINFO:fitter.py:     hitres_pix_y_q2: μ=0 σ=1[0m
[38;21mINFO:fitter.py:     hitres_pix_y_q3: μ=0 σ=1[0m
[38;21mINFO:fitter.py:     hitres_str_N1_lo: μ=0 σ=1[0m
[38;21mINFO:fitter.py:     hitres_str_N1_hi: μ=0 σ=1[0m
[38;21mINFO:fitter.py:     hitres_str_N2_lo: μ=0 σ=1[0m
[38;21mINFO:fitter.py:     hitres_str_N2_hi: μ=0 σ=1[0m
[38;21mINFO:fitter.py:     hitres_str_N3_lo: μ=0 σ=1[0m
[38;21mINFO:fitter.py:     hitres_str_N3_hi: μ=0 σ=1[0m
[38;21mINFO:fitter.py:     hitres_str_N4_lo: μ=0 σ=1[0m
[38;21mINFO:fitter.py:     hitres_str_N4_hi: μ=0 σ=1[0m
[38;21mINFO:fitter.py:     hitres_str_N5_lo: μ=0 σ=1[0m
[38;21mINFO:fitter.py:     hitres_str_N5_hi: μ=0 σ=1[0m
[38;21mINFO:fitter.py: unbinned term 'mass': 20769 candidates in 1 chunk(s) of 20769, graph loop[0m
[38;21mINFO:fitter.py: 1 unbinned term(s): the Hessian is assembled from Hessian-vector products rather than from the vectorised jacobian, and the HVP is revrev.[0m
[38;21mINFO:fitter.py: Perform iterative fit[0m
[38;21mINFO:fitter.py: [minimize] method=trust-krylov options={}[0m
[38;21mINFO:rabbit_fit.py: profile beta[0m
[38;21mINFO:rabbit_fit.py: edmval: 2.9467946965247954e-14[0m
[38;21mINFO:rabbit_fit.py: Unbinned likelihood terms contribute -41955.533052 to the NLL; the saturated chi2 below is for the binned likelihood only[0m
[38;21mINFO:rabbit_fit.py: Saturated chi2:[0m
[38;21mINFO:rabbit_fit.py:     ndof: -60[0m
[38;21mINFO:rabbit_fit.py:     2*deltaNLL: 4.42[0m
[38;21mINFO:rabbit_fit.py:     p-value: nan%[0m
/work/submit/david_w/WRemnants_dev/wums/wums/ioutils.py:160: FutureWarning: .metadata was not set, returning None instead of Attribute error, boost-histogram 1.7+ will error.
  metadata = obj.metadata if hasattr(obj, "metadata") else None
Results written in file /ceph/submit/data/user/d/david_w/ZMass/cvh/runs_vtxres_260911/chi2cut/runs/fits/gun_mass_off/fitresults.hdf5
[38;21mINFO:rabbit_fit.py: 801.88 seconds total time[0m
=== fit gun_vtx_bothoff 
param models: --paramModel UnbinnedParams
WARNING: All log messages before absl::InitializeLog() is called are written to STDERR
I0000 00:00:1789313331.770436  173348 port.cc:153] oneDNN custom operations are on. You may see slightly different numerical results due to floating-point round-off errors from different computation orders. To turn them off, set the environment variable `TF_ENABLE_ONEDNN_OPTS=0`.
WARNING: All log messages before absl::InitializeLog() is called are written to STDERR
I0000 00:00:1789313337.490565  173348 port.cc:153] oneDNN custom operations are on. You may see slightly different numerical results due to floating-point round-off errors from different computation orders. To turn them off, set the environment variable `TF_ENABLE_ONEDNN_OPTS=0`.
E0000 00:00:1789313344.503374  173348 cuda_platform.cc:52] failed call to cuInit: INTERNAL: CUDA error: Failed call to cuInit: UNKNOWN ERROR (303)
calib_dummy {'axes': [Integer(0, 1, underflow=False, overflow=False, name='bin')], 'masked': False, 'flow': False, 'start': 0, 'stop': 1}
[38;21mINFO:unbinned.py: Loaded unbinned term 'vtx' (kind MaterialCF, channel jpsi): 20800 candidates, 1 chunk(s) of 20800, parameters ['material_other', 'material_beampipe', 'material_bpix_active_L1', 'material_bpix_active_L2', 'material_bpix_active_L3', 'material_bpix_services', 'material_bpix_support6', 'material_bpix_support7', 'material_fpix_active_D1', 'material_fpix_active_D2', 'material_fpix_support', 'material_tib_active_L1', 'material_tib_active_L2', 'material_tib_active_L3', 'material_tib_active_L4', 'material_tibtid_services', 'material_tib_support', 'material_tid_active_R1', 'material_tid_active_R2', 'material_tid_active_R3', 'material_tid_support', 'material_tob_active_L1', 'material_tob_active_L2', 'material_tob_active_L3', 'material_tob_active_L4', 'material_tob_active_L5', 'material_tob_active_L6', 'material_tob_services', 'material_tob_support', 'material_tec_active_R1', 'material_tec_active_R2', 'material_tec_active_R3', 'material_tec_active_R4', 'material_tec_active_R5', 'material_tec_active_R6', 'material_tec_active_R7', 'material_tec_services', 'material_tec_structure', 'material_thermal_screen', 'material_support_tube', 'material_pp1_cables', 'material_pixel_patch', 'hitres_pix_x_q0', 'hitres_pix_x_q1', 'hitres_pix_x_q2', 'hitres_pix_x_q3', 'hitres_pix_y_q0', 'hitres_pix_y_q1', 'hitres_pix_y_q2', 'hitres_pix_y_q3', 'hitres_str_N1_lo', 'hitres_str_N1_hi', 'hitres_str_N2_lo', 'hitres_str_N2_hi', 'hitres_str_N3_lo', 'hitres_str_N3_hi', 'hitres_str_N4_lo', 'hitres_str_N4_hi', 'hitres_str_N5_lo', 'hitres_str_N5_hi'][0m
[38;21mINFO:unbinned_params.py: UnbinnedParams: 60 POI(s) ['material_other', 'material_beampipe', 'material_bpix_active_L1', 'material_bpix_active_L2', 'material_bpix_active_L3', 'material_bpix_services', 'material_bpix_support6', 'material_bpix_support7', 'material_fpix_active_D1', 'material_fpix_active_D2', 'material_fpix_support', 'material_tib_active_L1', 'material_tib_active_L2', 'material_tib_active_L3', 'material_tib_active_L4', 'material_tibtid_services', 'material_tib_support', 'material_tid_active_R1', 'material_tid_active_R2', 'material_tid_active_R3', 'material_tid_support', 'material_tob_active_L1', 'material_tob_active_L2', 'material_tob_active_L3', 'material_tob_active_L4', 'material_tob_active_L5', 'material_tob_active_L6', 'material_tob_services', 'material_tob_support', 'material_tec_active_R1', 'material_tec_active_R2', 'material_tec_active_R3', 'material_tec_active_R4', 'material_tec_active_R5', 'material_tec_active_R6', 'material_tec_active_R7', 'material_tec_services', 'material_tec_structure', 'material_thermal_screen', 'material_support_tube', 'material_pp1_cables', 'material_pixel_patch', 'hitres_pix_x_q0', 'hitres_pix_x_q1', 'hitres_pix_x_q2', 'hitres_pix_x_q3', 'hitres_pix_y_q0', 'hitres_pix_y_q1', 'hitres_pix_y_q2', 'hitres_pix_y_q3', 'hitres_str_N1_lo', 'hitres_str_N1_hi', 'hitres_str_N2_lo', 'hitres_str_N2_hi', 'hitres_str_N3_lo', 'hitres_str_N3_hi', 'hitres_str_N4_lo', 'hitres_str_N4_hi', 'hitres_str_N5_lo', 'hitres_str_N5_hi'], 0 nuisance(s) [], 60 with a Gaussian prior[0m
[38;21mINFO:fitter.py: Unblinding 60 parameters: ['material_other', 'material_beampipe', 'material_bpix_active_L1', 'material_bpix_active_L2', 'material_bpix_active_L3', 'material_bpix_services', 'material_bpix_support6', 'material_bpix_support7', 'material_fpix_active_D1', 'material_fpix_active_D2', 'material_fpix_support', 'material_tib_active_L1', 'material_tib_active_L2', 'material_tib_active_L3', 'material_tib_active_L4', 'material_tibtid_services', 'material_tib_support', 'material_tid_active_R1', 'material_tid_active_R2', 'material_tid_active_R3', 'material_tid_support', 'material_tob_active_L1', 'material_tob_active_L2', 'material_tob_active_L3', 'material_tob_active_L4', 'material_tob_active_L5', 'material_tob_active_L6', 'material_tob_services', 'material_tob_support', 'material_tec_active_R1', 'material_tec_active_R2', 'material_tec_active_R3', 'material_tec_active_R4', 'material_tec_active_R5', 'material_tec_active_R6', 'material_tec_active_R7', 'material_tec_services', 'material_tec_structure', 'material_thermal_screen', 'material_support_tube', 'material_pp1_cables', 'material_pixel_patch', 'hitres_pix_x_q0', 'hitres_pix_x_q1', 'hitres_pix_x_q2', 'hitres_pix_x_q3', 'hitres_pix_y_q0', 'hitres_pix_y_q1', 'hitres_pix_y_q2', 'hitres_pix_y_q3', 'hitres_str_N1_lo', 'hitres_str_N1_hi', 'hitres_str_N2_lo', 'hitres_str_N2_hi', 'hitres_str_N3_lo', 'hitres_str_N3_hi', 'hitres_str_N4_lo', 'hitres_str_N4_hi', 'hitres_str_N5_lo', 'hitres_str_N5_hi'][0m
[38;21mINFO:fitter.py: [paramPriors] applying Gaussian priors to 60/60 ParamModel params:[0m
[38;21mINFO:fitter.py:     material_other: μ=0 σ=0.04[0m
[38;21mINFO:fitter.py:     material_beampipe: μ=0 σ=0.0001[0m
[38;21mINFO:fitter.py:     material_bpix_active_L1: μ=0 σ=0.0004[0m
[38;21mINFO:fitter.py:     material_bpix_active_L2: μ=0 σ=0.0004[0m
[38;21mINFO:fitter.py:     material_bpix_active_L3: μ=0 σ=0.0004[0m
[38;21mINFO:fitter.py:     material_bpix_services: μ=0 σ=0.01[0m
[38;21mINFO:fitter.py:     material_bpix_support6: μ=0 σ=0.0025[0m
[38;21mINFO:fitter.py:     material_bpix_support7: μ=0 σ=0.01[0m
[38;21mINFO:fitter.py:     material_fpix_active_D1: μ=0 σ=0.0004[0m
[38;21mINFO:fitter.py:     material_fpix_active_D2: μ=0 σ=0.0004[0m
[38;21mINFO:fitter.py:     material_fpix_support: μ=0 σ=0.0025[0m
[38;21mINFO:fitter.py:     material_tib_active_L1: μ=0 σ=0.0004[0m
[38;21mINFO:fitter.py:     material_tib_active_L2: μ=0 σ=0.0004[0m
[38;21mINFO:fitter.py:     material_tib_active_L3: μ=0 σ=0.0004[0m
[38;21mINFO:fitter.py:     material_tib_active_L4: μ=0 σ=0.0004[0m
[38;21mINFO:fitter.py:     material_tibtid_services: μ=0 σ=0.01[0m
[38;21mINFO:fitter.py:     material_tib_support: μ=0 σ=0.0025[0m
[38;21mINFO:fitter.py:     material_tid_active_R1: μ=0 σ=0.0004[0m
[38;21mINFO:fitter.py:     material_tid_active_R2: μ=0 σ=0.0004[0m
[38;21mINFO:fitter.py:     material_tid_active_R3: μ=0 σ=0.0004[0m
[38;21mINFO:fitter.py:     material_tid_support: μ=0 σ=0.0025[0m
[38;21mINFO:fitter.py:     material_tob_active_L1: μ=0 σ=0.0004[0m
[38;21mINFO:fitter.py:     material_tob_active_L2: μ=0 σ=0.0004[0m
[38;21mINFO:fitter.py:     material_tob_active_L3: μ=0 σ=0.0004[0m
[38;21mINFO:fitter.py:     material_tob_active_L4: μ=0 σ=0.0004[0m
[38;21mINFO:fitter.py:     material_tob_active_L5: μ=0 σ=0.0004[0m
[38;21mINFO:fitter.py:     material_tob_active_L6: μ=0 σ=0.0004[0m
[38;21mINFO:fitter.py:     material_tob_services: μ=0 σ=0.01[0m
[38;21mINFO:fitter.py:     material_tob_support: μ=0 σ=0.0025[0m
[38;21mINFO:fitter.py:     material_tec_active_R1: μ=0 σ=0.0004[0m
[38;21mINFO:fitter.py:     material_tec_active_R2: μ=0 σ=0.0004[0m
[38;21mINFO:fitter.py:     material_tec_active_R3: μ=0 σ=0.0004[0m
[38;21mINFO:fitter.py:     material_tec_active_R4: μ=0 σ=0.0004[0m
[38;21mINFO:fitter.py:     material_tec_active_R5: μ=0 σ=0.0004[0m
[38;21mINFO:fitter.py:     material_tec_active_R6: μ=0 σ=0.0004[0m
[38;21mINFO:fitter.py:     material_tec_active_R7: μ=0 σ=0.0004[0m
[38;21mINFO:fitter.py:     material_tec_services: μ=0 σ=0.01[0m
[38;21mINFO:fitter.py:     material_tec_structure: μ=0 σ=0.0025[0m
[38;21mINFO:fitter.py:     material_thermal_screen: μ=0 σ=0.0025[0m
[38;21mINFO:fitter.py:     material_support_tube: μ=0 σ=0.0025[0m
[38;21mINFO:fitter.py:     material_pp1_cables: μ=0 σ=0.01[0m
[38;21mINFO:fitter.py:     material_pixel_patch: μ=0 σ=0.01[0m
[38;21mINFO:fitter.py:     hitres_pix_x_q0: μ=0 σ=1[0m
[38;21mINFO:fitter.py:     hitres_pix_x_q1: μ=0 σ=1[0m
[38;21mINFO:fitter.py:     hitres_pix_x_q2: μ=0 σ=1[0m
[38;21mINFO:fitter.py:     hitres_pix_x_q3: μ=0 σ=1[0m
[38;21mINFO:fitter.py:     hitres_pix_y_q0: μ=0 σ=1[0m
[38;21mINFO:fitter.py:     hitres_pix_y_q1: μ=0 σ=1[0m
[38;21mINFO:fitter.py:     hitres_pix_y_q2: μ=0 σ=1[0m
[38;21mINFO:fitter.py:     hitres_pix_y_q3: μ=0 σ=1[0m
[38;21mINFO:fitter.py:     hitres_str_N1_lo: μ=0 σ=1[0m
[38;21mINFO:fitter.py:     hitres_str_N1_hi: μ=0 σ=1[0m
[38;21mINFO:fitter.py:     hitres_str_N2_lo: μ=0 σ=1[0m
[38;21mINFO:fitter.py:     hitres_str_N2_hi: μ=0 σ=1[0m
[38;21mINFO:fitter.py:     hitres_str_N3_lo: μ=0 σ=1[0m
[38;21mINFO:fitter.py:     hitres_str_N3_hi: μ=0 σ=1[0m
[38;21mINFO:fitter.py:     hitres_str_N4_lo: μ=0 σ=1[0m
[38;21mINFO:fitter.py:     hitres_str_N4_hi: μ=0 σ=1[0m
[38;21mINFO:fitter.py:     hitres_str_N5_lo: μ=0 σ=1[0m
[38;21mINFO:fitter.py:     hitres_str_N5_hi: μ=0 σ=1[0m
[38;21mINFO:fitter.py: unbinned term 'vtx': 20800 candidates in 1 chunk(s) of 20800, graph loop[0m
[38;21mINFO:fitter.py: 1 unbinned term(s): the Hessian is assembled from Hessian-vector products rather than from the vectorised jacobian, and the HVP is revrev.[0m
[38;21mINFO:fitter.py: Perform iterative fit[0m
[38;21mINFO:fitter.py: [minimize] method=trust-krylov options={}[0m
[38;21mINFO:rabbit_fit.py: profile beta[0m
[38;21mINFO:rabbit_fit.py: edmval: 2.0389573597403078e-13[0m
[38;21mINFO:rabbit_fit.py: Unbinned likelihood terms contribute -68671.293767 to the NLL; the saturated chi2 below is for the binned likelihood only[0m
[38;21mINFO:rabbit_fit.py: Saturated chi2:[0m
[38;21mINFO:rabbit_fit.py:     ndof: -59[0m
[38;21mINFO:rabbit_fit.py:     2*deltaNLL: 3.68[0m
[38;21mINFO:rabbit_fit.py:     p-value: nan%[0m
/work/submit/david_w/WRemnants_dev/wums/wums/ioutils.py:160: FutureWarning: .metadata was not set, returning None instead of Attribute error, boost-histogram 1.7+ will error.
  metadata = obj.metadata if hasattr(obj, "metadata") else None
Results written in file /ceph/submit/data/user/d/david_w/ZMass/cvh/runs_vtxres_260911/chi2cut/runs/fits/gun_vtx_bothoff/fitresults.hdf5
[38;21mINFO:rabbit_fit.py: 633.53 seconds total time[0m
=== fit gun_vtx_c10 
param models: --paramModel UnbinnedParams
WARNING: All log messages before absl::InitializeLog() is called are written to STDERR
I0000 00:00:1789313981.776897  196872 port.cc:153] oneDNN custom operations are on. You may see slightly different numerical results due to floating-point round-off errors from different computation orders. To turn them off, set the environment variable `TF_ENABLE_ONEDNN_OPTS=0`.
WARNING: All log messages before absl::InitializeLog() is called are written to STDERR
I0000 00:00:1789313989.242071  196872 port.cc:153] oneDNN custom operations are on. You may see slightly different numerical results due to floating-point round-off errors from different computation orders. To turn them off, set the environment variable `TF_ENABLE_ONEDNN_OPTS=0`.
E0000 00:00:1789313996.992809  196872 cuda_platform.cc:52] failed call to cuInit: INTERNAL: CUDA error: Failed call to cuInit: UNKNOWN ERROR (303)
calib_dummy {'axes': [Integer(0, 1, underflow=False, overflow=False, name='bin')], 'masked': False, 'flow': False, 'start': 0, 'stop': 1}
[38;21mINFO:unbinned.py: Loaded unbinned term 'vtx' (kind MaterialCF, channel jpsi): 20769 candidates, 1 chunk(s) of 20769, parameters ['material_other', 'material_beampipe', 'material_bpix_active_L1', 'material_bpix_active_L2', 'material_bpix_active_L3', 'material_bpix_services', 'material_bpix_support6', 'material_bpix_support7', 'material_fpix_active_D1', 'material_fpix_active_D2', 'material_fpix_support', 'material_tib_active_L1', 'material_tib_active_L2', 'material_tib_active_L3', 'material_tib_active_L4', 'material_tibtid_services', 'material_tib_support', 'material_tid_active_R1', 'material_tid_active_R2', 'material_tid_active_R3', 'material_tid_support', 'material_tob_active_L1', 'material_tob_active_L2', 'material_tob_active_L3', 'material_tob_active_L4', 'material_tob_active_L5', 'material_tob_active_L6', 'material_tob_services', 'material_tob_support', 'material_tec_active_R1', 'material_tec_active_R2', 'material_tec_active_R3', 'material_tec_active_R4', 'material_tec_active_R5', 'material_tec_active_R6', 'material_tec_active_R7', 'material_tec_services', 'material_tec_structure', 'material_thermal_screen', 'material_support_tube', 'material_pp1_cables', 'material_pixel_patch', 'hitres_pix_x_q0', 'hitres_pix_x_q1', 'hitres_pix_x_q2', 'hitres_pix_x_q3', 'hitres_pix_y_q0', 'hitres_pix_y_q1', 'hitres_pix_y_q2', 'hitres_pix_y_q3', 'hitres_str_N1_lo', 'hitres_str_N1_hi', 'hitres_str_N2_lo', 'hitres_str_N2_hi', 'hitres_str_N3_lo', 'hitres_str_N3_hi', 'hitres_str_N4_lo', 'hitres_str_N4_hi', 'hitres_str_N5_lo', 'hitres_str_N5_hi'][0m
[38;21mINFO:unbinned_params.py: UnbinnedParams: 60 POI(s) ['material_other', 'material_beampipe', 'material_bpix_active_L1', 'material_bpix_active_L2', 'material_bpix_active_L3', 'material_bpix_services', 'material_bpix_support6', 'material_bpix_support7', 'material_fpix_active_D1', 'material_fpix_active_D2', 'material_fpix_support', 'material_tib_active_L1', 'material_tib_active_L2', 'material_tib_active_L3', 'material_tib_active_L4', 'material_tibtid_services', 'material_tib_support', 'material_tid_active_R1', 'material_tid_active_R2', 'material_tid_active_R3', 'material_tid_support', 'material_tob_active_L1', 'material_tob_active_L2', 'material_tob_active_L3', 'material_tob_active_L4', 'material_tob_active_L5', 'material_tob_active_L6', 'material_tob_services', 'material_tob_support', 'material_tec_active_R1', 'material_tec_active_R2', 'material_tec_active_R3', 'material_tec_active_R4', 'material_tec_active_R5', 'material_tec_active_R6', 'material_tec_active_R7', 'material_tec_services', 'material_tec_structure', 'material_thermal_screen', 'material_support_tube', 'material_pp1_cables', 'material_pixel_patch', 'hitres_pix_x_q0', 'hitres_pix_x_q1', 'hitres_pix_x_q2', 'hitres_pix_x_q3', 'hitres_pix_y_q0', 'hitres_pix_y_q1', 'hitres_pix_y_q2', 'hitres_pix_y_q3', 'hitres_str_N1_lo', 'hitres_str_N1_hi', 'hitres_str_N2_lo', 'hitres_str_N2_hi', 'hitres_str_N3_lo', 'hitres_str_N3_hi', 'hitres_str_N4_lo', 'hitres_str_N4_hi', 'hitres_str_N5_lo', 'hitres_str_N5_hi'], 0 nuisance(s) [], 60 with a Gaussian prior[0m
[38;21mINFO:fitter.py: Unblinding 60 parameters: ['material_other', 'material_beampipe', 'material_bpix_active_L1', 'material_bpix_active_L2', 'material_bpix_active_L3', 'material_bpix_services', 'material_bpix_support6', 'material_bpix_support7', 'material_fpix_active_D1', 'material_fpix_active_D2', 'material_fpix_support', 'material_tib_active_L1', 'material_tib_active_L2', 'material_tib_active_L3', 'material_tib_active_L4', 'material_tibtid_services', 'material_tib_support', 'material_tid_active_R1', 'material_tid_active_R2', 'material_tid_active_R3', 'material_tid_support', 'material_tob_active_L1', 'material_tob_active_L2', 'material_tob_active_L3', 'material_tob_active_L4', 'material_tob_active_L5', 'material_tob_active_L6', 'material_tob_services', 'material_tob_support', 'material_tec_active_R1', 'material_tec_active_R2', 'material_tec_active_R3', 'material_tec_active_R4', 'material_tec_active_R5', 'material_tec_active_R6', 'material_tec_active_R7', 'material_tec_services', 'material_tec_structure', 'material_thermal_screen', 'material_support_tube', 'material_pp1_cables', 'material_pixel_patch', 'hitres_pix_x_q0', 'hitres_pix_x_q1', 'hitres_pix_x_q2', 'hitres_pix_x_q3', 'hitres_pix_y_q0', 'hitres_pix_y_q1', 'hitres_pix_y_q2', 'hitres_pix_y_q3', 'hitres_str_N1_lo', 'hitres_str_N1_hi', 'hitres_str_N2_lo', 'hitres_str_N2_hi', 'hitres_str_N3_lo', 'hitres_str_N3_hi', 'hitres_str_N4_lo', 'hitres_str_N4_hi', 'hitres_str_N5_lo', 'hitres_str_N5_hi'][0m
[38;21mINFO:fitter.py: [paramPriors] applying Gaussian priors to 60/60 ParamModel params:[0m
[38;21mINFO:fitter.py:     material_other: μ=0 σ=0.04[0m
[38;21mINFO:fitter.py:     material_beampipe: μ=0 σ=0.0001[0m
[38;21mINFO:fitter.py:     material_bpix_active_L1: μ=0 σ=0.0004[0m
[38;21mINFO:fitter.py:     material_bpix_active_L2: μ=0 σ=0.0004[0m
[38;21mINFO:fitter.py:     material_bpix_active_L3: μ=0 σ=0.0004[0m
[38;21mINFO:fitter.py:     material_bpix_services: μ=0 σ=0.01[0m
[38;21mINFO:fitter.py:     material_bpix_support6: μ=0 σ=0.0025[0m
[38;21mINFO:fitter.py:     material_bpix_support7: μ=0 σ=0.01[0m
[38;21mINFO:fitter.py:     material_fpix_active_D1: μ=0 σ=0.0004[0m
[38;21mINFO:fitter.py:     material_fpix_active_D2: μ=0 σ=0.0004[0m
[38;21mINFO:fitter.py:     material_fpix_support: μ=0 σ=0.0025[0m
[38;21mINFO:fitter.py:     material_tib_active_L1: μ=0 σ=0.0004[0m
[38;21mINFO:fitter.py:     material_tib_active_L2: μ=0 σ=0.0004[0m
[38;21mINFO:fitter.py:     material_tib_active_L3: μ=0 σ=0.0004[0m
[38;21mINFO:fitter.py:     material_tib_active_L4: μ=0 σ=0.0004[0m
[38;21mINFO:fitter.py:     material_tibtid_services: μ=0 σ=0.01[0m
[38;21mINFO:fitter.py:     material_tib_support: μ=0 σ=0.0025[0m
[38;21mINFO:fitter.py:     material_tid_active_R1: μ=0 σ=0.0004[0m
[38;21mINFO:fitter.py:     material_tid_active_R2: μ=0 σ=0.0004[0m
[38;21mINFO:fitter.py:     material_tid_active_R3: μ=0 σ=0.0004[0m
[38;21mINFO:fitter.py:     material_tid_support: μ=0 σ=0.0025[0m
[38;21mINFO:fitter.py:     material_tob_active_L1: μ=0 σ=0.0004[0m
[38;21mINFO:fitter.py:     material_tob_active_L2: μ=0 σ=0.0004[0m
[38;21mINFO:fitter.py:     material_tob_active_L3: μ=0 σ=0.0004[0m
[38;21mINFO:fitter.py:     material_tob_active_L4: μ=0 σ=0.0004[0m
[38;21mINFO:fitter.py:     material_tob_active_L5: μ=0 σ=0.0004[0m
[38;21mINFO:fitter.py:     material_tob_active_L6: μ=0 σ=0.0004[0m
[38;21mINFO:fitter.py:     material_tob_services: μ=0 σ=0.01[0m
[38;21mINFO:fitter.py:     material_tob_support: μ=0 σ=0.0025[0m
[38;21mINFO:fitter.py:     material_tec_active_R1: μ=0 σ=0.0004[0m
[38;21mINFO:fitter.py:     material_tec_active_R2: μ=0 σ=0.0004[0m
[38;21mINFO:fitter.py:     material_tec_active_R3: μ=0 σ=0.0004[0m
[38;21mINFO:fitter.py:     material_tec_active_R4: μ=0 σ=0.0004[0m
[38;21mINFO:fitter.py:     material_tec_active_R5: μ=0 σ=0.0004[0m
[38;21mINFO:fitter.py:     material_tec_active_R6: μ=0 σ=0.0004[0m
[38;21mINFO:fitter.py:     material_tec_active_R7: μ=0 σ=0.0004[0m
[38;21mINFO:fitter.py:     material_tec_services: μ=0 σ=0.01[0m
[38;21mINFO:fitter.py:     material_tec_structure: μ=0 σ=0.0025[0m
[38;21mINFO:fitter.py:     material_thermal_screen: μ=0 σ=0.0025[0m
[38;21mINFO:fitter.py:     material_support_tube: μ=0 σ=0.0025[0m
[38;21mINFO:fitter.py:     material_pp1_cables: μ=0 σ=0.01[0m
[38;21mINFO:fitter.py:     material_pixel_patch: μ=0 σ=0.01[0m
[38;21mINFO:fitter.py:     hitres_pix_x_q0: μ=0 σ=1[0m
[38;21mINFO:fitter.py:     hitres_pix_x_q1: μ=0 σ=1[0m
[38;21mINFO:fitter.py:     hitres_pix_x_q2: μ=0 σ=1[0m
[38;21mINFO:fitter.py:     hitres_pix_x_q3: μ=0 σ=1[0m
[38;21mINFO:fitter.py:     hitres_pix_y_q0: μ=0 σ=1[0m
[38;21mINFO:fitter.py:     hitres_pix_y_q1: μ=0 σ=1[0m
[38;21mINFO:fitter.py:     hitres_pix_y_q2: μ=0 σ=1[0m
[38;21mINFO:fitter.py:     hitres_pix_y_q3: μ=0 σ=1[0m
[38;21mINFO:fitter.py:     hitres_str_N1_lo: μ=0 σ=1[0m
[38;21mINFO:fitter.py:     hitres_str_N1_hi: μ=0 σ=1[0m
[38;21mINFO:fitter.py:     hitres_str_N2_lo: μ=0 σ=1[0m
[38;21mINFO:fitter.py:     hitres_str_N2_hi: μ=0 σ=1[0m
[38;21mINFO:fitter.py:     hitres_str_N3_lo: μ=0 σ=1[0m
[38;21mINFO:fitter.py:     hitres_str_N3_hi: μ=0 σ=1[0m
[38;21mINFO:fitter.py:     hitres_str_N4_lo: μ=0 σ=1[0m
[38;21mINFO:fitter.py:     hitres_str_N4_hi: μ=0 σ=1[0m
[38;21mINFO:fitter.py:     hitres_str_N5_lo: μ=0 σ=1[0m
[38;21mINFO:fitter.py:     hitres_str_N5_hi: μ=0 σ=1[0m
[38;21mINFO:fitter.py: unbinned term 'vtx': 20769 candidates in 1 chunk(s) of 20769, graph loop[0m
[38;21mINFO:fitter.py: 1 unbinned term(s): the Hessian is assembled from Hessian-vector products rather than from the vectorised jacobian, and the HVP is revrev.[0m
[38;21mINFO:fitter.py: Perform iterative fit[0m
[38;21mINFO:fitter.py: [minimize] method=trust-krylov options={}[0m
[38;21mINFO:rabbit_fit.py: profile beta[0m
[38;21mINFO:rabbit_fit.py: edmval: 1.4077199339878397e-12[0m
[38;21mINFO:rabbit_fit.py: Unbinned likelihood terms contribute -68833.472496 to the NLL; the saturated chi2 below is for the binned likelihood only[0m
[38;21mINFO:rabbit_fit.py: Saturated chi2:[0m
[38;21mINFO:rabbit_fit.py:     ndof: -59[0m
[38;21mINFO:rabbit_fit.py:     2*deltaNLL: 3.5[0m
[38;21mINFO:rabbit_fit.py:     p-value: nan%[0m
/work/submit/david_w/WRemnants_dev/wums/wums/ioutils.py:160: FutureWarning: .metadata was not set, returning None instead of Attribute error, boost-histogram 1.7+ will error.
  metadata = obj.metadata if hasattr(obj, "metadata") else None
Results written in file /ceph/submit/data/user/d/david_w/ZMass/cvh/runs_vtxres_260911/chi2cut/runs/fits/gun_vtx_c10/fitresults.hdf5
[38;21mINFO:rabbit_fit.py: 819.96 seconds total time[0m
=== fit gun_vtx_c3 
param models: --paramModel UnbinnedParams
WARNING: All log messages before absl::InitializeLog() is called are written to STDERR
I0000 00:00:1789314819.507537  215189 port.cc:153] oneDNN custom operations are on. You may see slightly different numerical results due to floating-point round-off errors from different computation orders. To turn them off, set the environment variable `TF_ENABLE_ONEDNN_OPTS=0`.
WARNING: All log messages before absl::InitializeLog() is called are written to STDERR
I0000 00:00:1789314825.518807  215189 port.cc:153] oneDNN custom operations are on. You may see slightly different numerical results due to floating-point round-off errors from different computation orders. To turn them off, set the environment variable `TF_ENABLE_ONEDNN_OPTS=0`.
E0000 00:00:1789314832.736398  215189 cuda_platform.cc:52] failed call to cuInit: INTERNAL: CUDA error: Failed call to cuInit: UNKNOWN ERROR (303)
calib_dummy {'axes': [Integer(0, 1, underflow=False, overflow=False, name='bin')], 'masked': False, 'flow': False, 'start': 0, 'stop': 1}
[38;21mINFO:unbinned.py: Loaded unbinned term 'vtx' (kind MaterialCF, channel jpsi): 20710 candidates, 1 chunk(s) of 20710, parameters ['material_other', 'material_beampipe', 'material_bpix_active_L1', 'material_bpix_active_L2', 'material_bpix_active_L3', 'material_bpix_services', 'material_bpix_support6', 'material_bpix_support7', 'material_fpix_active_D1', 'material_fpix_active_D2', 'material_fpix_support', 'material_tib_active_L1', 'material_tib_active_L2', 'material_tib_active_L3', 'material_tib_active_L4', 'material_tibtid_services', 'material_tib_support', 'material_tid_active_R1', 'material_tid_active_R2', 'material_tid_active_R3', 'material_tid_support', 'material_tob_active_L1', 'material_tob_active_L2', 'material_tob_active_L3', 'material_tob_active_L4', 'material_tob_active_L5', 'material_tob_active_L6', 'material_tob_services', 'material_tob_support', 'material_tec_active_R1', 'material_tec_active_R2', 'material_tec_active_R3', 'material_tec_active_R4', 'material_tec_active_R5', 'material_tec_active_R6', 'material_tec_active_R7', 'material_tec_services', 'material_tec_structure', 'material_thermal_screen', 'material_support_tube', 'material_pp1_cables', 'material_pixel_patch', 'hitres_pix_x_q0', 'hitres_pix_x_q1', 'hitres_pix_x_q2', 'hitres_pix_x_q3', 'hitres_pix_y_q0', 'hitres_pix_y_q1', 'hitres_pix_y_q2', 'hitres_pix_y_q3', 'hitres_str_N1_lo', 'hitres_str_N1_hi', 'hitres_str_N2_lo', 'hitres_str_N2_hi', 'hitres_str_N3_lo', 'hitres_str_N3_hi', 'hitres_str_N4_lo', 'hitres_str_N4_hi', 'hitres_str_N5_lo', 'hitres_str_N5_hi'][0m
[38;21mINFO:unbinned_params.py: UnbinnedParams: 60 POI(s) ['material_other', 'material_beampipe', 'material_bpix_active_L1', 'material_bpix_active_L2', 'material_bpix_active_L3', 'material_bpix_services', 'material_bpix_support6', 'material_bpix_support7', 'material_fpix_active_D1', 'material_fpix_active_D2', 'material_fpix_support', 'material_tib_active_L1', 'material_tib_active_L2', 'material_tib_active_L3', 'material_tib_active_L4', 'material_tibtid_services', 'material_tib_support', 'material_tid_active_R1', 'material_tid_active_R2', 'material_tid_active_R3', 'material_tid_support', 'material_tob_active_L1', 'material_tob_active_L2', 'material_tob_active_L3', 'material_tob_active_L4', 'material_tob_active_L5', 'material_tob_active_L6', 'material_tob_services', 'material_tob_support', 'material_tec_active_R1', 'material_tec_active_R2', 'material_tec_active_R3', 'material_tec_active_R4', 'material_tec_active_R5', 'material_tec_active_R6', 'material_tec_active_R7', 'material_tec_services', 'material_tec_structure', 'material_thermal_screen', 'material_support_tube', 'material_pp1_cables', 'material_pixel_patch', 'hitres_pix_x_q0', 'hitres_pix_x_q1', 'hitres_pix_x_q2', 'hitres_pix_x_q3', 'hitres_pix_y_q0', 'hitres_pix_y_q1', 'hitres_pix_y_q2', 'hitres_pix_y_q3', 'hitres_str_N1_lo', 'hitres_str_N1_hi', 'hitres_str_N2_lo', 'hitres_str_N2_hi', 'hitres_str_N3_lo', 'hitres_str_N3_hi', 'hitres_str_N4_lo', 'hitres_str_N4_hi', 'hitres_str_N5_lo', 'hitres_str_N5_hi'], 0 nuisance(s) [], 60 with a Gaussian prior[0m
[38;21mINFO:fitter.py: Unblinding 60 parameters: ['material_other', 'material_beampipe', 'material_bpix_active_L1', 'material_bpix_active_L2', 'material_bpix_active_L3', 'material_bpix_services', 'material_bpix_support6', 'material_bpix_support7', 'material_fpix_active_D1', 'material_fpix_active_D2', 'material_fpix_support', 'material_tib_active_L1', 'material_tib_active_L2', 'material_tib_active_L3', 'material_tib_active_L4', 'material_tibtid_services', 'material_tib_support', 'material_tid_active_R1', 'material_tid_active_R2', 'material_tid_active_R3', 'material_tid_support', 'material_tob_active_L1', 'material_tob_active_L2', 'material_tob_active_L3', 'material_tob_active_L4', 'material_tob_active_L5', 'material_tob_active_L6', 'material_tob_services', 'material_tob_support', 'material_tec_active_R1', 'material_tec_active_R2', 'material_tec_active_R3', 'material_tec_active_R4', 'material_tec_active_R5', 'material_tec_active_R6', 'material_tec_active_R7', 'material_tec_services', 'material_tec_structure', 'material_thermal_screen', 'material_support_tube', 'material_pp1_cables', 'material_pixel_patch', 'hitres_pix_x_q0', 'hitres_pix_x_q1', 'hitres_pix_x_q2', 'hitres_pix_x_q3', 'hitres_pix_y_q0', 'hitres_pix_y_q1', 'hitres_pix_y_q2', 'hitres_pix_y_q3', 'hitres_str_N1_lo', 'hitres_str_N1_hi', 'hitres_str_N2_lo', 'hitres_str_N2_hi', 'hitres_str_N3_lo', 'hitres_str_N3_hi', 'hitres_str_N4_lo', 'hitres_str_N4_hi', 'hitres_str_N5_lo', 'hitres_str_N5_hi'][0m
[38;21mINFO:fitter.py: [paramPriors] applying Gaussian priors to 60/60 ParamModel params:[0m
[38;21mINFO:fitter.py:     material_other: μ=0 σ=0.04[0m
[38;21mINFO:fitter.py:     material_beampipe: μ=0 σ=0.0001[0m
[38;21mINFO:fitter.py:     material_bpix_active_L1: μ=0 σ=0.0004[0m
[38;21mINFO:fitter.py:     material_bpix_active_L2: μ=0 σ=0.0004[0m
[38;21mINFO:fitter.py:     material_bpix_active_L3: μ=0 σ=0.0004[0m
[38;21mINFO:fitter.py:     material_bpix_services: μ=0 σ=0.01[0m
[38;21mINFO:fitter.py:     material_bpix_support6: μ=0 σ=0.0025[0m
[38;21mINFO:fitter.py:     material_bpix_support7: μ=0 σ=0.01[0m
[38;21mINFO:fitter.py:     material_fpix_active_D1: μ=0 σ=0.0004[0m
[38;21mINFO:fitter.py:     material_fpix_active_D2: μ=0 σ=0.0004[0m
[38;21mINFO:fitter.py:     material_fpix_support: μ=0 σ=0.0025[0m
[38;21mINFO:fitter.py:     material_tib_active_L1: μ=0 σ=0.0004[0m
[38;21mINFO:fitter.py:     material_tib_active_L2: μ=0 σ=0.0004[0m
[38;21mINFO:fitter.py:     material_tib_active_L3: μ=0 σ=0.0004[0m
[38;21mINFO:fitter.py:     material_tib_active_L4: μ=0 σ=0.0004[0m
[38;21mINFO:fitter.py:     material_tibtid_services: μ=0 σ=0.01[0m
[38;21mINFO:fitter.py:     material_tib_support: μ=0 σ=0.0025[0m
[38;21mINFO:fitter.py:     material_tid_active_R1: μ=0 σ=0.0004[0m
[38;21mINFO:fitter.py:     material_tid_active_R2: μ=0 σ=0.0004[0m
[38;21mINFO:fitter.py:     material_tid_active_R3: μ=0 σ=0.0004[0m
[38;21mINFO:fitter.py:     material_tid_support: μ=0 σ=0.0025[0m
[38;21mINFO:fitter.py:     material_tob_active_L1: μ=0 σ=0.0004[0m
[38;21mINFO:fitter.py:     material_tob_active_L2: μ=0 σ=0.0004[0m
[38;21mINFO:fitter.py:     material_tob_active_L3: μ=0 σ=0.0004[0m
[38;21mINFO:fitter.py:     material_tob_active_L4: μ=0 σ=0.0004[0m
[38;21mINFO:fitter.py:     material_tob_active_L5: μ=0 σ=0.0004[0m
[38;21mINFO:fitter.py:     material_tob_active_L6: μ=0 σ=0.0004[0m
[38;21mINFO:fitter.py:     material_tob_services: μ=0 σ=0.01[0m
[38;21mINFO:fitter.py:     material_tob_support: μ=0 σ=0.0025[0m
[38;21mINFO:fitter.py:     material_tec_active_R1: μ=0 σ=0.0004[0m
[38;21mINFO:fitter.py:     material_tec_active_R2: μ=0 σ=0.0004[0m
[38;21mINFO:fitter.py:     material_tec_active_R3: μ=0 σ=0.0004[0m
[38;21mINFO:fitter.py:     material_tec_active_R4: μ=0 σ=0.0004[0m
[38;21mINFO:fitter.py:     material_tec_active_R5: μ=0 σ=0.0004[0m
[38;21mINFO:fitter.py:     material_tec_active_R6: μ=0 σ=0.0004[0m
[38;21mINFO:fitter.py:     material_tec_active_R7: μ=0 σ=0.0004[0m
[38;21mINFO:fitter.py:     material_tec_services: μ=0 σ=0.01[0m
[38;21mINFO:fitter.py:     material_tec_structure: μ=0 σ=0.0025[0m
[38;21mINFO:fitter.py:     material_thermal_screen: μ=0 σ=0.0025[0m
[38;21mINFO:fitter.py:     material_support_tube: μ=0 σ=0.0025[0m
[38;21mINFO:fitter.py:     material_pp1_cables: μ=0 σ=0.01[0m
[38;21mINFO:fitter.py:     material_pixel_patch: μ=0 σ=0.01[0m
[38;21mINFO:fitter.py:     hitres_pix_x_q0: μ=0 σ=1[0m
[38;21mINFO:fitter.py:     hitres_pix_x_q1: μ=0 σ=1[0m
[38;21mINFO:fitter.py:     hitres_pix_x_q2: μ=0 σ=1[0m
[38;21mINFO:fitter.py:     hitres_pix_x_q3: μ=0 σ=1[0m
[38;21mINFO:fitter.py:     hitres_pix_y_q0: μ=0 σ=1[0m
[38;21mINFO:fitter.py:     hitres_pix_y_q1: μ=0 σ=1[0m
[38;21mINFO:fitter.py:     hitres_pix_y_q2: μ=0 σ=1[0m
[38;21mINFO:fitter.py:     hitres_pix_y_q3: μ=0 σ=1[0m
[38;21mINFO:fitter.py:     hitres_str_N1_lo: μ=0 σ=1[0m
[38;21mINFO:fitter.py:     hitres_str_N1_hi: μ=0 σ=1[0m
[38;21mINFO:fitter.py:     hitres_str_N2_lo: μ=0 σ=1[0m
[38;21mINFO:fitter.py:     hitres_str_N2_hi: μ=0 σ=1[0m
[38;21mINFO:fitter.py:     hitres_str_N3_lo: μ=0 σ=1[0m
[38;21mINFO:fitter.py:     hitres_str_N3_hi: μ=0 σ=1[0m
[38;21mINFO:fitter.py:     hitres_str_N4_lo: μ=0 σ=1[0m
[38;21mINFO:fitter.py:     hitres_str_N4_hi: μ=0 σ=1[0m
[38;21mINFO:fitter.py:     hitres_str_N5_lo: μ=0 σ=1[0m
[38;21mINFO:fitter.py:     hitres_str_N5_hi: μ=0 σ=1[0m
[38;21mINFO:fitter.py: unbinned term 'vtx': 20710 candidates in 1 chunk(s) of 20710, graph loop[0m
[38;21mINFO:fitter.py: 1 unbinned term(s): the Hessian is assembled from Hessian-vector products rather than from the vectorised jacobian, and the HVP is revrev.[0m
[38;21mINFO:fitter.py: Perform iterative fit[0m
[38;21mINFO:fitter.py: [minimize] method=trust-krylov options={}[0m
[38;21mINFO:rabbit_fit.py: profile beta[0m
[38;21mINFO:rabbit_fit.py: edmval: 7.904999857999004e-15[0m
[38;21mINFO:rabbit_fit.py: Unbinned likelihood terms contribute -68674.713713 to the NLL; the saturated chi2 below is for the binned likelihood only[0m
[38;21mINFO:rabbit_fit.py: Saturated chi2:[0m
[38;21mINFO:rabbit_fit.py:     ndof: -59[0m
[38;21mINFO:rabbit_fit.py:     2*deltaNLL: 3.33[0m
[38;21mINFO:rabbit_fit.py:     p-value: nan%[0m
/work/submit/david_w/WRemnants_dev/wums/wums/ioutils.py:160: FutureWarning: .metadata was not set, returning None instead of Attribute error, boost-histogram 1.7+ will error.
  metadata = obj.metadata if hasattr(obj, "metadata") else None
Results written in file /ceph/submit/data/user/d/david_w/ZMass/cvh/runs_vtxres_260911/chi2cut/runs/fits/gun_vtx_c3/fitresults.hdf5
[38;21mINFO:rabbit_fit.py: 770.09 seconds total time[0m
=== fit gun_vtx_c5 
param models: --paramModel UnbinnedParams
WARNING: All log messages before absl::InitializeLog() is called are written to STDERR
I0000 00:00:1789315605.232691  237179 port.cc:153] oneDNN custom operations are on. You may see slightly different numerical results due to floating-point round-off errors from different computation orders. To turn them off, set the environment variable `TF_ENABLE_ONEDNN_OPTS=0`.
WARNING: All log messages before absl::InitializeLog() is called are written to STDERR
I0000 00:00:1789315611.049639  237179 port.cc:153] oneDNN custom operations are on. You may see slightly different numerical results due to floating-point round-off errors from different computation orders. To turn them off, set the environment variable `TF_ENABLE_ONEDNN_OPTS=0`.
E0000 00:00:1789315618.156858  237179 cuda_platform.cc:52] failed call to cuInit: INTERNAL: CUDA error: Failed call to cuInit: UNKNOWN ERROR (303)
calib_dummy {'axes': [Integer(0, 1, underflow=False, overflow=False, name='bin')], 'masked': False, 'flow': False, 'start': 0, 'stop': 1}
[38;21mINFO:unbinned.py: Loaded unbinned term 'vtx' (kind MaterialCF, channel jpsi): 20761 candidates, 1 chunk(s) of 20761, parameters ['material_other', 'material_beampipe', 'material_bpix_active_L1', 'material_bpix_active_L2', 'material_bpix_active_L3', 'material_bpix_services', 'material_bpix_support6', 'material_bpix_support7', 'material_fpix_active_D1', 'material_fpix_active_D2', 'material_fpix_support', 'material_tib_active_L1', 'material_tib_active_L2', 'material_tib_active_L3', 'material_tib_active_L4', 'material_tibtid_services', 'material_tib_support', 'material_tid_active_R1', 'material_tid_active_R2', 'material_tid_active_R3', 'material_tid_support', 'material_tob_active_L1', 'material_tob_active_L2', 'material_tob_active_L3', 'material_tob_active_L4', 'material_tob_active_L5', 'material_tob_active_L6', 'material_tob_services', 'material_tob_support', 'material_tec_active_R1', 'material_tec_active_R2', 'material_tec_active_R3', 'material_tec_active_R4', 'material_tec_active_R5', 'material_tec_active_R6', 'material_tec_active_R7', 'material_tec_services', 'material_tec_structure', 'material_thermal_screen', 'material_support_tube', 'material_pp1_cables', 'material_pixel_patch', 'hitres_pix_x_q0', 'hitres_pix_x_q1', 'hitres_pix_x_q2', 'hitres_pix_x_q3', 'hitres_pix_y_q0', 'hitres_pix_y_q1', 'hitres_pix_y_q2', 'hitres_pix_y_q3', 'hitres_str_N1_lo', 'hitres_str_N1_hi', 'hitres_str_N2_lo', 'hitres_str_N2_hi', 'hitres_str_N3_lo', 'hitres_str_N3_hi', 'hitres_str_N4_lo', 'hitres_str_N4_hi', 'hitres_str_N5_lo', 'hitres_str_N5_hi'][0m
[38;21mINFO:unbinned_params.py: UnbinnedParams: 60 POI(s) ['material_other', 'material_beampipe', 'material_bpix_active_L1', 'material_bpix_active_L2', 'material_bpix_active_L3', 'material_bpix_services', 'material_bpix_support6', 'material_bpix_support7', 'material_fpix_active_D1', 'material_fpix_active_D2', 'material_fpix_support', 'material_tib_active_L1', 'material_tib_active_L2', 'material_tib_active_L3', 'material_tib_active_L4', 'material_tibtid_services', 'material_tib_support', 'material_tid_active_R1', 'material_tid_active_R2', 'material_tid_active_R3', 'material_tid_support', 'material_tob_active_L1', 'material_tob_active_L2', 'material_tob_active_L3', 'material_tob_active_L4', 'material_tob_active_L5', 'material_tob_active_L6', 'material_tob_services', 'material_tob_support', 'material_tec_active_R1', 'material_tec_active_R2', 'material_tec_active_R3', 'material_tec_active_R4', 'material_tec_active_R5', 'material_tec_active_R6', 'material_tec_active_R7', 'material_tec_services', 'material_tec_structure', 'material_thermal_screen', 'material_support_tube', 'material_pp1_cables', 'material_pixel_patch', 'hitres_pix_x_q0', 'hitres_pix_x_q1', 'hitres_pix_x_q2', 'hitres_pix_x_q3', 'hitres_pix_y_q0', 'hitres_pix_y_q1', 'hitres_pix_y_q2', 'hitres_pix_y_q3', 'hitres_str_N1_lo', 'hitres_str_N1_hi', 'hitres_str_N2_lo', 'hitres_str_N2_hi', 'hitres_str_N3_lo', 'hitres_str_N3_hi', 'hitres_str_N4_lo', 'hitres_str_N4_hi', 'hitres_str_N5_lo', 'hitres_str_N5_hi'], 0 nuisance(s) [], 60 with a Gaussian prior[0m
[38;21mINFO:fitter.py: Unblinding 60 parameters: ['material_other', 'material_beampipe', 'material_bpix_active_L1', 'material_bpix_active_L2', 'material_bpix_active_L3', 'material_bpix_services', 'material_bpix_support6', 'material_bpix_support7', 'material_fpix_active_D1', 'material_fpix_active_D2', 'material_fpix_support', 'material_tib_active_L1', 'material_tib_active_L2', 'material_tib_active_L3', 'material_tib_active_L4', 'material_tibtid_services', 'material_tib_support', 'material_tid_active_R1', 'material_tid_active_R2', 'material_tid_active_R3', 'material_tid_support', 'material_tob_active_L1', 'material_tob_active_L2', 'material_tob_active_L3', 'material_tob_active_L4', 'material_tob_active_L5', 'material_tob_active_L6', 'material_tob_services', 'material_tob_support', 'material_tec_active_R1', 'material_tec_active_R2', 'material_tec_active_R3', 'material_tec_active_R4', 'material_tec_active_R5', 'material_tec_active_R6', 'material_tec_active_R7', 'material_tec_services', 'material_tec_structure', 'material_thermal_screen', 'material_support_tube', 'material_pp1_cables', 'material_pixel_patch', 'hitres_pix_x_q0', 'hitres_pix_x_q1', 'hitres_pix_x_q2', 'hitres_pix_x_q3', 'hitres_pix_y_q0', 'hitres_pix_y_q1', 'hitres_pix_y_q2', 'hitres_pix_y_q3', 'hitres_str_N1_lo', 'hitres_str_N1_hi', 'hitres_str_N2_lo', 'hitres_str_N2_hi', 'hitres_str_N3_lo', 'hitres_str_N3_hi', 'hitres_str_N4_lo', 'hitres_str_N4_hi', 'hitres_str_N5_lo', 'hitres_str_N5_hi'][0m
[38;21mINFO:fitter.py: [paramPriors] applying Gaussian priors to 60/60 ParamModel params:[0m
[38;21mINFO:fitter.py:     material_other: μ=0 σ=0.04[0m
[38;21mINFO:fitter.py:     material_beampipe: μ=0 σ=0.0001[0m
[38;21mINFO:fitter.py:     material_bpix_active_L1: μ=0 σ=0.0004[0m
[38;21mINFO:fitter.py:     material_bpix_active_L2: μ=0 σ=0.0004[0m
[38;21mINFO:fitter.py:     material_bpix_active_L3: μ=0 σ=0.0004[0m
[38;21mINFO:fitter.py:     material_bpix_services: μ=0 σ=0.01[0m
[38;21mINFO:fitter.py:     material_bpix_support6: μ=0 σ=0.0025[0m
[38;21mINFO:fitter.py:     material_bpix_support7: μ=0 σ=0.01[0m
[38;21mINFO:fitter.py:     material_fpix_active_D1: μ=0 σ=0.0004[0m
[38;21mINFO:fitter.py:     material_fpix_active_D2: μ=0 σ=0.0004[0m
[38;21mINFO:fitter.py:     material_fpix_support: μ=0 σ=0.0025[0m
[38;21mINFO:fitter.py:     material_tib_active_L1: μ=0 σ=0.0004[0m
[38;21mINFO:fitter.py:     material_tib_active_L2: μ=0 σ=0.0004[0m
[38;21mINFO:fitter.py:     material_tib_active_L3: μ=0 σ=0.0004[0m
[38;21mINFO:fitter.py:     material_tib_active_L4: μ=0 σ=0.0004[0m
[38;21mINFO:fitter.py:     material_tibtid_services: μ=0 σ=0.01[0m
[38;21mINFO:fitter.py:     material_tib_support: μ=0 σ=0.0025[0m
[38;21mINFO:fitter.py:     material_tid_active_R1: μ=0 σ=0.0004[0m
[38;21mINFO:fitter.py:     material_tid_active_R2: μ=0 σ=0.0004[0m
[38;21mINFO:fitter.py:     material_tid_active_R3: μ=0 σ=0.0004[0m
[38;21mINFO:fitter.py:     material_tid_support: μ=0 σ=0.0025[0m
[38;21mINFO:fitter.py:     material_tob_active_L1: μ=0 σ=0.0004[0m
[38;21mINFO:fitter.py:     material_tob_active_L2: μ=0 σ=0.0004[0m
[38;21mINFO:fitter.py:     material_tob_active_L3: μ=0 σ=0.0004[0m
[38;21mINFO:fitter.py:     material_tob_active_L4: μ=0 σ=0.0004[0m
[38;21mINFO:fitter.py:     material_tob_active_L5: μ=0 σ=0.0004[0m
[38;21mINFO:fitter.py:     material_tob_active_L6: μ=0 σ=0.0004[0m
[38;21mINFO:fitter.py:     material_tob_services: μ=0 σ=0.01[0m
[38;21mINFO:fitter.py:     material_tob_support: μ=0 σ=0.0025[0m
[38;21mINFO:fitter.py:     material_tec_active_R1: μ=0 σ=0.0004[0m
[38;21mINFO:fitter.py:     material_tec_active_R2: μ=0 σ=0.0004[0m
[38;21mINFO:fitter.py:     material_tec_active_R3: μ=0 σ=0.0004[0m
[38;21mINFO:fitter.py:     material_tec_active_R4: μ=0 σ=0.0004[0m
[38;21mINFO:fitter.py:     material_tec_active_R5: μ=0 σ=0.0004[0m
[38;21mINFO:fitter.py:     material_tec_active_R6: μ=0 σ=0.0004[0m
[38;21mINFO:fitter.py:     material_tec_active_R7: μ=0 σ=0.0004[0m
[38;21mINFO:fitter.py:     material_tec_services: μ=0 σ=0.01[0m
[38;21mINFO:fitter.py:     material_tec_structure: μ=0 σ=0.0025[0m
[38;21mINFO:fitter.py:     material_thermal_screen: μ=0 σ=0.0025[0m
[38;21mINFO:fitter.py:     material_support_tube: μ=0 σ=0.0025[0m
[38;21mINFO:fitter.py:     material_pp1_cables: μ=0 σ=0.01[0m
[38;21mINFO:fitter.py:     material_pixel_patch: μ=0 σ=0.01[0m
[38;21mINFO:fitter.py:     hitres_pix_x_q0: μ=0 σ=1[0m
[38;21mINFO:fitter.py:     hitres_pix_x_q1: μ=0 σ=1[0m
[38;21mINFO:fitter.py:     hitres_pix_x_q2: μ=0 σ=1[0m
[38;21mINFO:fitter.py:     hitres_pix_x_q3: μ=0 σ=1[0m
[38;21mINFO:fitter.py:     hitres_pix_y_q0: μ=0 σ=1[0m
[38;21mINFO:fitter.py:     hitres_pix_y_q1: μ=0 σ=1[0m
[38;21mINFO:fitter.py:     hitres_pix_y_q2: μ=0 σ=1[0m
[38;21mINFO:fitter.py:     hitres_pix_y_q3: μ=0 σ=1[0m
[38;21mINFO:fitter.py:     hitres_str_N1_lo: μ=0 σ=1[0m
[38;21mINFO:fitter.py:     hitres_str_N1_hi: μ=0 σ=1[0m
[38;21mINFO:fitter.py:     hitres_str_N2_lo: μ=0 σ=1[0m
[38;21mINFO:fitter.py:     hitres_str_N2_hi: μ=0 σ=1[0m
[38;21mINFO:fitter.py:     hitres_str_N3_lo: μ=0 σ=1[0m
[38;21mINFO:fitter.py:     hitres_str_N3_hi: μ=0 σ=1[0m
[38;21mINFO:fitter.py:     hitres_str_N4_lo: μ=0 σ=1[0m
[38;21mINFO:fitter.py:     hitres_str_N4_hi: μ=0 σ=1[0m
[38;21mINFO:fitter.py:     hitres_str_N5_lo: μ=0 σ=1[0m
[38;21mINFO:fitter.py:     hitres_str_N5_hi: μ=0 σ=1[0m
[38;21mINFO:fitter.py: unbinned term 'vtx': 20761 candidates in 1 chunk(s) of 20761, graph loop[0m
[38;21mINFO:fitter.py: 1 unbinned term(s): the Hessian is assembled from Hessian-vector products rather than from the vectorised jacobian, and the HVP is revrev.[0m
[38;21mINFO:fitter.py: Perform iterative fit[0m
[38;21mINFO:fitter.py: [minimize] method=trust-krylov options={}[0m
[38;21mINFO:rabbit_fit.py: profile beta[0m
[38;21mINFO:rabbit_fit.py: edmval: 1.0226200795006261e-11[0m
[38;21mINFO:rabbit_fit.py: Unbinned likelihood terms contribute -68813.735093 to the NLL; the saturated chi2 below is for the binned likelihood only[0m
[38;21mINFO:rabbit_fit.py: Saturated chi2:[0m
[38;21mINFO:rabbit_fit.py:     ndof: -59[0m
[38;21mINFO:rabbit_fit.py:     2*deltaNLL: 3.49[0m
[38;21mINFO:rabbit_fit.py:     p-value: nan%[0m
/work/submit/david_w/WRemnants_dev/wums/wums/ioutils.py:160: FutureWarning: .metadata was not set, returning None instead of Attribute error, boost-histogram 1.7+ will error.
  metadata = obj.metadata if hasattr(obj, "metadata") else None
Results written in file /ceph/submit/data/user/d/david_w/ZMass/cvh/runs_vtxres_260911/chi2cut/runs/fits/gun_vtx_c5/fitresults.hdf5
[38;21mINFO:rabbit_fit.py: 624.89 seconds total time[0m
=== fit gun_vtx_off 
param models: --paramModel UnbinnedParams
WARNING: All log messages before absl::InitializeLog() is called are written to STDERR
I0000 00:00:1789316245.382552  247853 port.cc:153] oneDNN custom operations are on. You may see slightly different numerical results due to floating-point round-off errors from different computation orders. To turn them off, set the environment variable `TF_ENABLE_ONEDNN_OPTS=0`.
WARNING: All log messages before absl::InitializeLog() is called are written to STDERR
I0000 00:00:1789316251.241793  247853 port.cc:153] oneDNN custom operations are on. You may see slightly different numerical results due to floating-point round-off errors from different computation orders. To turn them off, set the environment variable `TF_ENABLE_ONEDNN_OPTS=0`.
E0000 00:00:1789316258.380236  247853 cuda_platform.cc:52] failed call to cuInit: INTERNAL: CUDA error: Failed call to cuInit: UNKNOWN ERROR (303)
calib_dummy {'axes': [Integer(0, 1, underflow=False, overflow=False, name='bin')], 'masked': False, 'flow': False, 'start': 0, 'stop': 1}
[38;21mINFO:unbinned.py: Loaded unbinned term 'vtx' (kind MaterialCF, channel jpsi): 20769 candidates, 1 chunk(s) of 20769, parameters ['material_other', 'material_beampipe', 'material_bpix_active_L1', 'material_bpix_active_L2', 'material_bpix_active_L3', 'material_bpix_services', 'material_bpix_support6', 'material_bpix_support7', 'material_fpix_active_D1', 'material_fpix_active_D2', 'material_fpix_support', 'material_tib_active_L1', 'material_tib_active_L2', 'material_tib_active_L3', 'material_tib_active_L4', 'material_tibtid_services', 'material_tib_support', 'material_tid_active_R1', 'material_tid_active_R2', 'material_tid_active_R3', 'material_tid_support', 'material_tob_active_L1', 'material_tob_active_L2', 'material_tob_active_L3', 'material_tob_active_L4', 'material_tob_active_L5', 'material_tob_active_L6', 'material_tob_services', 'material_tob_support', 'material_tec_active_R1', 'material_tec_active_R2', 'material_tec_active_R3', 'material_tec_active_R4', 'material_tec_active_R5', 'material_tec_active_R6', 'material_tec_active_R7', 'material_tec_services', 'material_tec_structure', 'material_thermal_screen', 'material_support_tube', 'material_pp1_cables', 'material_pixel_patch', 'hitres_pix_x_q0', 'hitres_pix_x_q1', 'hitres_pix_x_q2', 'hitres_pix_x_q3', 'hitres_pix_y_q0', 'hitres_pix_y_q1', 'hitres_pix_y_q2', 'hitres_pix_y_q3', 'hitres_str_N1_lo', 'hitres_str_N1_hi', 'hitres_str_N2_lo', 'hitres_str_N2_hi', 'hitres_str_N3_lo', 'hitres_str_N3_hi', 'hitres_str_N4_lo', 'hitres_str_N4_hi', 'hitres_str_N5_lo', 'hitres_str_N5_hi'][0m
[38;21mINFO:unbinned_params.py: UnbinnedParams: 60 POI(s) ['material_other', 'material_beampipe', 'material_bpix_active_L1', 'material_bpix_active_L2', 'material_bpix_active_L3', 'material_bpix_services', 'material_bpix_support6', 'material_bpix_support7', 'material_fpix_active_D1', 'material_fpix_active_D2', 'material_fpix_support', 'material_tib_active_L1', 'material_tib_active_L2', 'material_tib_active_L3', 'material_tib_active_L4', 'material_tibtid_services', 'material_tib_support', 'material_tid_active_R1', 'material_tid_active_R2', 'material_tid_active_R3', 'material_tid_support', 'material_tob_active_L1', 'material_tob_active_L2', 'material_tob_active_L3', 'material_tob_active_L4', 'material_tob_active_L5', 'material_tob_active_L6', 'material_tob_services', 'material_tob_support', 'material_tec_active_R1', 'material_tec_active_R2', 'material_tec_active_R3', 'material_tec_active_R4', 'material_tec_active_R5', 'material_tec_active_R6', 'material_tec_active_R7', 'material_tec_services', 'material_tec_structure', 'material_thermal_screen', 'material_support_tube', 'material_pp1_cables', 'material_pixel_patch', 'hitres_pix_x_q0', 'hitres_pix_x_q1', 'hitres_pix_x_q2', 'hitres_pix_x_q3', 'hitres_pix_y_q0', 'hitres_pix_y_q1', 'hitres_pix_y_q2', 'hitres_pix_y_q3', 'hitres_str_N1_lo', 'hitres_str_N1_hi', 'hitres_str_N2_lo', 'hitres_str_N2_hi', 'hitres_str_N3_lo', 'hitres_str_N3_hi', 'hitres_str_N4_lo', 'hitres_str_N4_hi', 'hitres_str_N5_lo', 'hitres_str_N5_hi'], 0 nuisance(s) [], 60 with a Gaussian prior[0m
[38;21mINFO:fitter.py: Unblinding 60 parameters: ['material_other', 'material_beampipe', 'material_bpix_active_L1', 'material_bpix_active_L2', 'material_bpix_active_L3', 'material_bpix_services', 'material_bpix_support6', 'material_bpix_support7', 'material_fpix_active_D1', 'material_fpix_active_D2', 'material_fpix_support', 'material_tib_active_L1', 'material_tib_active_L2', 'material_tib_active_L3', 'material_tib_active_L4', 'material_tibtid_services', 'material_tib_support', 'material_tid_active_R1', 'material_tid_active_R2', 'material_tid_active_R3', 'material_tid_support', 'material_tob_active_L1', 'material_tob_active_L2', 'material_tob_active_L3', 'material_tob_active_L4', 'material_tob_active_L5', 'material_tob_active_L6', 'material_tob_services', 'material_tob_support', 'material_tec_active_R1', 'material_tec_active_R2', 'material_tec_active_R3', 'material_tec_active_R4', 'material_tec_active_R5', 'material_tec_active_R6', 'material_tec_active_R7', 'material_tec_services', 'material_tec_structure', 'material_thermal_screen', 'material_support_tube', 'material_pp1_cables', 'material_pixel_patch', 'hitres_pix_x_q0', 'hitres_pix_x_q1', 'hitres_pix_x_q2', 'hitres_pix_x_q3', 'hitres_pix_y_q0', 'hitres_pix_y_q1', 'hitres_pix_y_q2', 'hitres_pix_y_q3', 'hitres_str_N1_lo', 'hitres_str_N1_hi', 'hitres_str_N2_lo', 'hitres_str_N2_hi', 'hitres_str_N3_lo', 'hitres_str_N3_hi', 'hitres_str_N4_lo', 'hitres_str_N4_hi', 'hitres_str_N5_lo', 'hitres_str_N5_hi'][0m
[38;21mINFO:fitter.py: [paramPriors] applying Gaussian priors to 60/60 ParamModel params:[0m
[38;21mINFO:fitter.py:     material_other: μ=0 σ=0.04[0m
[38;21mINFO:fitter.py:     material_beampipe: μ=0 σ=0.0001[0m
[38;21mINFO:fitter.py:     material_bpix_active_L1: μ=0 σ=0.0004[0m
[38;21mINFO:fitter.py:     material_bpix_active_L2: μ=0 σ=0.0004[0m
[38;21mINFO:fitter.py:     material_bpix_active_L3: μ=0 σ=0.0004[0m
[38;21mINFO:fitter.py:     material_bpix_services: μ=0 σ=0.01[0m
[38;21mINFO:fitter.py:     material_bpix_support6: μ=0 σ=0.0025[0m
[38;21mINFO:fitter.py:     material_bpix_support7: μ=0 σ=0.01[0m
[38;21mINFO:fitter.py:     material_fpix_active_D1: μ=0 σ=0.0004[0m
[38;21mINFO:fitter.py:     material_fpix_active_D2: μ=0 σ=0.0004[0m
[38;21mINFO:fitter.py:     material_fpix_support: μ=0 σ=0.0025[0m
[38;21mINFO:fitter.py:     material_tib_active_L1: μ=0 σ=0.0004[0m
[38;21mINFO:fitter.py:     material_tib_active_L2: μ=0 σ=0.0004[0m
[38;21mINFO:fitter.py:     material_tib_active_L3: μ=0 σ=0.0004[0m
[38;21mINFO:fitter.py:     material_tib_active_L4: μ=0 σ=0.0004[0m
[38;21mINFO:fitter.py:     material_tibtid_services: μ=0 σ=0.01[0m
[38;21mINFO:fitter.py:     material_tib_support: μ=0 σ=0.0025[0m
[38;21mINFO:fitter.py:     material_tid_active_R1: μ=0 σ=0.0004[0m
[38;21mINFO:fitter.py:     material_tid_active_R2: μ=0 σ=0.0004[0m
[38;21mINFO:fitter.py:     material_tid_active_R3: μ=0 σ=0.0004[0m
[38;21mINFO:fitter.py:     material_tid_support: μ=0 σ=0.0025[0m
[38;21mINFO:fitter.py:     material_tob_active_L1: μ=0 σ=0.0004[0m
[38;21mINFO:fitter.py:     material_tob_active_L2: μ=0 σ=0.0004[0m
[38;21mINFO:fitter.py:     material_tob_active_L3: μ=0 σ=0.0004[0m
[38;21mINFO:fitter.py:     material_tob_active_L4: μ=0 σ=0.0004[0m
[38;21mINFO:fitter.py:     material_tob_active_L5: μ=0 σ=0.0004[0m
[38;21mINFO:fitter.py:     material_tob_active_L6: μ=0 σ=0.0004[0m
[38;21mINFO:fitter.py:     material_tob_services: μ=0 σ=0.01[0m
[38;21mINFO:fitter.py:     material_tob_support: μ=0 σ=0.0025[0m
[38;21mINFO:fitter.py:     material_tec_active_R1: μ=0 σ=0.0004[0m
[38;21mINFO:fitter.py:     material_tec_active_R2: μ=0 σ=0.0004[0m
[38;21mINFO:fitter.py:     material_tec_active_R3: μ=0 σ=0.0004[0m
[38;21mINFO:fitter.py:     material_tec_active_R4: μ=0 σ=0.0004[0m
[38;21mINFO:fitter.py:     material_tec_active_R5: μ=0 σ=0.0004[0m
[38;21mINFO:fitter.py:     material_tec_active_R6: μ=0 σ=0.0004[0m
[38;21mINFO:fitter.py:     material_tec_active_R7: μ=0 σ=0.0004[0m
[38;21mINFO:fitter.py:     material_tec_services: μ=0 σ=0.01[0m
[38;21mINFO:fitter.py:     material_tec_structure: μ=0 σ=0.0025[0m
[38;21mINFO:fitter.py:     material_thermal_screen: μ=0 σ=0.0025[0m
[38;21mINFO:fitter.py:     material_support_tube: μ=0 σ=0.0025[0m
[38;21mINFO:fitter.py:     material_pp1_cables: μ=0 σ=0.01[0m
[38;21mINFO:fitter.py:     material_pixel_patch: μ=0 σ=0.01[0m
[38;21mINFO:fitter.py:     hitres_pix_x_q0: μ=0 σ=1[0m
[38;21mINFO:fitter.py:     hitres_pix_x_q1: μ=0 σ=1[0m
[38;21mINFO:fitter.py:     hitres_pix_x_q2: μ=0 σ=1[0m
[38;21mINFO:fitter.py:     hitres_pix_x_q3: μ=0 σ=1[0m
[38;21mINFO:fitter.py:     hitres_pix_y_q0: μ=0 σ=1[0m
[38;21mINFO:fitter.py:     hitres_pix_y_q1: μ=0 σ=1[0m
[38;21mINFO:fitter.py:     hitres_pix_y_q2: μ=0 σ=1[0m
[38;21mINFO:fitter.py:     hitres_pix_y_q3: μ=0 σ=1[0m
[38;21mINFO:fitter.py:     hitres_str_N1_lo: μ=0 σ=1[0m
[38;21mINFO:fitter.py:     hitres_str_N1_hi: μ=0 σ=1[0m
[38;21mINFO:fitter.py:     hitres_str_N2_lo: μ=0 σ=1[0m
[38;21mINFO:fitter.py:     hitres_str_N2_hi: μ=0 σ=1[0m
[38;21mINFO:fitter.py:     hitres_str_N3_lo: μ=0 σ=1[0m
[38;21mINFO:fitter.py:     hitres_str_N3_hi: μ=0 σ=1[0m
[38;21mINFO:fitter.py:     hitres_str_N4_lo: μ=0 σ=1[0m
[38;21mINFO:fitter.py:     hitres_str_N4_hi: μ=0 σ=1[0m
[38;21mINFO:fitter.py:     hitres_str_N5_lo: μ=0 σ=1[0m
[38;21mINFO:fitter.py:     hitres_str_N5_hi: μ=0 σ=1[0m
[38;21mINFO:fitter.py: unbinned term 'vtx': 20769 candidates in 1 chunk(s) of 20769, graph loop[0m
[38;21mINFO:fitter.py: 1 unbinned term(s): the Hessian is assembled from Hessian-vector products rather than from the vectorised jacobian, and the HVP is revrev.[0m
[38;21mINFO:fitter.py: Perform iterative fit[0m
[38;21mINFO:fitter.py: [minimize] method=trust-krylov options={}[0m
[38;21mINFO:rabbit_fit.py: profile beta[0m
[38;21mINFO:rabbit_fit.py: edmval: 7.453556047310589e-14[0m
[38;21mINFO:rabbit_fit.py: Unbinned likelihood terms contribute -68833.472496 to the NLL; the saturated chi2 below is for the binned likelihood only[0m
[38;21mINFO:rabbit_fit.py: Saturated chi2:[0m
[38;21mINFO:rabbit_fit.py:     ndof: -59[0m
[38;21mINFO:rabbit_fit.py:     2*deltaNLL: 3.5[0m
[38;21mINFO:rabbit_fit.py:     p-value: nan%[0m
/work/submit/david_w/WRemnants_dev/wums/wums/ioutils.py:160: FutureWarning: .metadata was not set, returning None instead of Attribute error, boost-histogram 1.7+ will error.
  metadata = obj.metadata if hasattr(obj, "metadata") else None
Results written in file /ceph/submit/data/user/d/david_w/ZMass/cvh/runs_vtxres_260911/chi2cut/runs/fits/gun_vtx_off/fitresults.hdf5
[38;21mINFO:rabbit_fit.py: 554.78 seconds total time[0m
