=== card bs_cf
WARNING: All log messages before absl::InitializeLog() is called are written to STDERR
I0000 00:00:1789252340.683498  973021 port.cc:153] oneDNN custom operations are on. You may see slightly different numerical results due to floating-point round-off errors from different computation orders. To turn them off, set the environment variable `TF_ENABLE_ONEDNN_OPTS=0`.
WARNING: All log messages before absl::InitializeLog() is called are written to STDERR
I0000 00:00:1789252344.627441  973021 port.cc:153] oneDNN custom operations are on. You may see slightly different numerical results due to floating-point round-off errors from different computation orders. To turn them off, set the environment variable `TF_ENABLE_ONEDNN_OPTS=0`.
  bsx: standard two-track selection on 10254 candidates
  bsx:     Jpsi_vtxok                        --  (column absent: NOT APPLIED)
  bsx:     finite sigma_m, sigma_v        10254  (100.00 %, -0)
  bsx:     min leg hits >= 8              10254  (100.00 %, -0)
  bsx:     |z_v| < 5                      10254  (100.00 %, -0)
  bsx:     kept                           10254  (100.00 %)
  bsy: standard two-track selection on 10254 candidates
  bsy:     Jpsi_vtxok                        --  (column absent: NOT APPLIED)
  bsy:     finite sigma_m, sigma_v        10254  (100.00 %, -0)
  bsy:     min leg hits >= 8              10254  (100.00 %, -0)
  bsy:     |z_v| < 5                      10254  (100.00 %, -0)
  bsy:     kept                           10254  (100.00 %)
--same-candidates: 8000 candidates kept by BOTH functionals
  norm classes: sigma 0.00154..0.0124, members 1000..1000
  truncation normalisation on [-5, 5] sigma, 8 class(es), 2048 t points
E0000 00:00:1789252350.448199  973021 cuda_platform.cc:52] failed call to cuInit: INTERNAL: CUDA error: Failed call to cuInit: UNKNOWN ERROR (303)
bsx term: 8000 candidates, 170478 group rows (34661 pruned), 102886 hit rows, 60 parameters, arm 'cf'
  bsx NLL(0) = -34503.225840, max|grad| = 816.1
  norm classes: sigma 0.00149..0.0118, members 1000..1000
  truncation normalisation on [-5, 5] sigma, 8 class(es), 2048 t points
bsy term: 8000 candidates, 171000 group rows (34139 pruned), 102886 hit rows, 60 parameters, arm 'cf'
  bsy NLL(0) = -34577.520468, max|grad| = 730.2
-> /ceph/submit/data/user/d/david_w/ZMass/cvh/runs_vtxres_260911/beamline/runs/cards/bs_cf.hdf5 (357.6 MB, 60 parameters)
=== card bs_gauss
WARNING: All log messages before absl::InitializeLog() is called are written to STDERR
I0000 00:00:1789252355.481052  975121 port.cc:153] oneDNN custom operations are on. You may see slightly different numerical results due to floating-point round-off errors from different computation orders. To turn them off, set the environment variable `TF_ENABLE_ONEDNN_OPTS=0`.
WARNING: All log messages before absl::InitializeLog() is called are written to STDERR
I0000 00:00:1789252359.635952  975121 port.cc:153] oneDNN custom operations are on. You may see slightly different numerical results due to floating-point round-off errors from different computation orders. To turn them off, set the environment variable `TF_ENABLE_ONEDNN_OPTS=0`.
  bsx: standard two-track selection on 10254 candidates
  bsx:     Jpsi_vtxok                        --  (column absent: NOT APPLIED)
  bsx:     finite sigma_m, sigma_v        10254  (100.00 %, -0)
  bsx:     min leg hits >= 8              10254  (100.00 %, -0)
  bsx:     |z_v| < 5                      10254  (100.00 %, -0)
  bsx:     kept                           10254  (100.00 %)
  bsy: standard two-track selection on 10254 candidates
  bsy:     Jpsi_vtxok                        --  (column absent: NOT APPLIED)
  bsy:     finite sigma_m, sigma_v        10254  (100.00 %, -0)
  bsy:     min leg hits >= 8              10254  (100.00 %, -0)
  bsy:     |z_v| < 5                      10254  (100.00 %, -0)
  bsy:     kept                           10254  (100.00 %)
--same-candidates: 8000 candidates kept by BOTH functionals
  norm classes: sigma 0.00154..0.0124, members 1000..1000
  truncation normalisation on [-5, 5] sigma, 8 class(es), 2048 t points
E0000 00:00:1789252365.213876  975121 cuda_platform.cc:52] failed call to cuInit: INTERNAL: CUDA error: Failed call to cuInit: UNKNOWN ERROR (303)
bsx term: 8000 candidates, 167212 group rows (37927 pruned), 102886 hit rows, 60 parameters, arm 'gauss'
  bsx NLL(0) = -34411.406754, max|grad| = 840.3
  norm classes: sigma 0.00149..0.0118, members 1000..1000
  truncation normalisation on [-5, 5] sigma, 8 class(es), 2048 t points
bsy term: 8000 candidates, 167570 group rows (37569 pruned), 102886 hit rows, 60 parameters, arm 'gauss'
  bsy NLL(0) = -34470.267072, max|grad| = 767.9
-> /ceph/submit/data/user/d/david_w/ZMass/cvh/runs_vtxres_260911/beamline/runs/cards/bs_gauss.hdf5 (197.1 MB, 60 parameters)
=== card bs_gaussq
WARNING: All log messages before absl::InitializeLog() is called are written to STDERR
I0000 00:00:1789252369.438868  976946 port.cc:153] oneDNN custom operations are on. You may see slightly different numerical results due to floating-point round-off errors from different computation orders. To turn them off, set the environment variable `TF_ENABLE_ONEDNN_OPTS=0`.
WARNING: All log messages before absl::InitializeLog() is called are written to STDERR
I0000 00:00:1789252373.476200  976946 port.cc:153] oneDNN custom operations are on. You may see slightly different numerical results due to floating-point round-off errors from different computation orders. To turn them off, set the environment variable `TF_ENABLE_ONEDNN_OPTS=0`.
  bsx: standard two-track selection on 10254 candidates
  bsx:     Jpsi_vtxok                        --  (column absent: NOT APPLIED)
  bsx:     finite sigma_m, sigma_v        10254  (100.00 %, -0)
  bsx:     min leg hits >= 8              10254  (100.00 %, -0)
  bsx:     |z_v| < 5                      10254  (100.00 %, -0)
  bsx:     kept                           10254  (100.00 %)
  bsy: standard two-track selection on 10254 candidates
  bsy:     Jpsi_vtxok                        --  (column absent: NOT APPLIED)
  bsy:     finite sigma_m, sigma_v        10254  (100.00 %, -0)
  bsy:     min leg hits >= 8              10254  (100.00 %, -0)
  bsy:     |z_v| < 5                      10254  (100.00 %, -0)
  bsy:     kept                           10254  (100.00 %)
--same-candidates: 8000 candidates kept by BOTH functionals
  norm classes: sigma 0.00154..0.0124, members 1000..1000
  truncation normalisation on [-5, 5] sigma, 8 class(es), 2048 t points
E0000 00:00:1789252378.193316  976946 cuda_platform.cc:52] failed call to cuInit: INTERNAL: CUDA error: Failed call to cuInit: UNKNOWN ERROR (303)
bsx term: 8000 candidates, 167312 group rows (37827 pruned), 102886 hit rows, 60 parameters, arm 'gaussq'
  bsx NLL(0) = -34405.260666, max|grad| = 898.5
  norm classes: sigma 0.00149..0.0118, members 1000..1000
  truncation normalisation on [-5, 5] sigma, 8 class(es), 2048 t points
bsy term: 8000 candidates, 167700 group rows (37439 pruned), 102886 hit rows, 60 parameters, arm 'gaussq'
  bsy NLL(0) = -34464.786270, max|grad| = 824.9
-> /ceph/submit/data/user/d/david_w/ZMass/cvh/runs_vtxres_260911/beamline/runs/cards/bs_gaussq.hdf5 (132.0 MB, 60 parameters)
=== card vtx_cf
WARNING: All log messages before absl::InitializeLog() is called are written to STDERR
I0000 00:00:1789252381.543635  978668 port.cc:153] oneDNN custom operations are on. You may see slightly different numerical results due to floating-point round-off errors from different computation orders. To turn them off, set the environment variable `TF_ENABLE_ONEDNN_OPTS=0`.
WARNING: All log messages before absl::InitializeLog() is called are written to STDERR
I0000 00:00:1789252385.542362  978668 port.cc:153] oneDNN custom operations are on. You may see slightly different numerical results due to floating-point round-off errors from different computation orders. To turn them off, set the environment variable `TF_ENABLE_ONEDNN_OPTS=0`.
  vtx: standard two-track selection on 10254 candidates
  vtx:     Jpsi_vtxok                        --  (column absent: NOT APPLIED)
  vtx:     finite sigma_m, sigma_v        10254  (100.00 %, -0)
  vtx:     min leg hits >= 8              10254  (100.00 %, -0)
  vtx:     |z_v| < 5                      10254  (100.00 %, -0)
  vtx:     kept                           10254  (100.00 %)
  norm classes: sigma 0.00181..0.00434, members 1000..1000
  truncation normalisation on [-5, 5] sigma, 8 class(es), 2048 t points
E0000 00:00:1789252391.300982  978668 cuda_platform.cc:52] failed call to cuInit: INTERNAL: CUDA error: Failed call to cuInit: UNKNOWN ERROR (303)
vtx term: 8000 candidates, 182967 group rows (22172 pruned), 102886 hit rows, 60 parameters, arm 'cf'
  vtx NLL(0) = -35798.738923, max|grad| = 1032
-> /ceph/submit/data/user/d/david_w/ZMass/cvh/runs_vtxres_260911/beamline/runs/cards/vtx_cf.hdf5 (190.7 MB, 60 parameters)
=== card mass_cf
WARNING: All log messages before absl::InitializeLog() is called are written to STDERR
I0000 00:00:1789252393.511768  981145 port.cc:153] oneDNN custom operations are on. You may see slightly different numerical results due to floating-point round-off errors from different computation orders. To turn them off, set the environment variable `TF_ENABLE_ONEDNN_OPTS=0`.
WARNING: All log messages before absl::InitializeLog() is called are written to STDERR
I0000 00:00:1789252397.411810  981145 port.cc:153] oneDNN custom operations are on. You may see slightly different numerical results due to floating-point round-off errors from different computation orders. To turn them off, set the environment variable `TF_ENABLE_ONEDNN_OPTS=0`.
  mass: standard two-track selection on 10254 candidates
  mass:     Jpsi_vtxok                        --  (column absent: NOT APPLIED)
  mass:     finite sigma_m, sigma_v        10254  (100.00 %, -0)
  mass:     min leg hits >= 8              10254  (100.00 %, -0)
  mass:     |z_v| < 5                      10254  (100.00 %, -0)
  mass:     kept                           10254  (100.00 %)
  mass: dropping 94 of 8000 candidates with |z| > 40 (the Gaussian arms' float64 underflow); max |z| kept 40.0
[18:33:23] kernel CF tabulation (7906 samples) built in 0.9 s
E0000 00:00:1789252403.480236  981145 cuda_platform.cc:52] failed call to cuInit: INTERNAL: CUDA error: Failed call to cuInit: UNKNOWN ERROR (303)
mass term: 7906 candidates, 182797 group rows (20137 pruned), 101625 hit rows, 60 parameters, arm 'cf'
  mass NLL(0) = 23260.045706, max|grad| = 12.25
-> /ceph/submit/data/user/d/david_w/ZMass/cvh/runs_vtxres_260911/beamline/runs/cards/mass_cf.hdf5 (188.4 MB, 60 parameters)
=== card vtxbs_cf
WARNING: All log messages before absl::InitializeLog() is called are written to STDERR
I0000 00:00:1789252405.684579  982913 port.cc:153] oneDNN custom operations are on. You may see slightly different numerical results due to floating-point round-off errors from different computation orders. To turn them off, set the environment variable `TF_ENABLE_ONEDNN_OPTS=0`.
WARNING: All log messages before absl::InitializeLog() is called are written to STDERR
I0000 00:00:1789252409.650981  982913 port.cc:153] oneDNN custom operations are on. You may see slightly different numerical results due to floating-point round-off errors from different computation orders. To turn them off, set the environment variable `TF_ENABLE_ONEDNN_OPTS=0`.
  vtx: standard two-track selection on 10254 candidates
  vtx:     Jpsi_vtxok                        --  (column absent: NOT APPLIED)
  vtx:     finite sigma_m, sigma_v        10254  (100.00 %, -0)
  vtx:     min leg hits >= 8              10254  (100.00 %, -0)
  vtx:     |z_v| < 5                      10254  (100.00 %, -0)
  vtx:     kept                           10254  (100.00 %)
  bsx: standard two-track selection on 10254 candidates
  bsx:     Jpsi_vtxok                        --  (column absent: NOT APPLIED)
  bsx:     finite sigma_m, sigma_v        10254  (100.00 %, -0)
  bsx:     min leg hits >= 8              10254  (100.00 %, -0)
  bsx:     |z_v| < 5                      10254  (100.00 %, -0)
  bsx:     kept                           10254  (100.00 %)
  bsy: standard two-track selection on 10254 candidates
  bsy:     Jpsi_vtxok                        --  (column absent: NOT APPLIED)
  bsy:     finite sigma_m, sigma_v        10254  (100.00 %, -0)
  bsy:     min leg hits >= 8              10254  (100.00 %, -0)
  bsy:     |z_v| < 5                      10254  (100.00 %, -0)
  bsy:     kept                           10254  (100.00 %)
--same-candidates: 8000 candidates kept by BOTH functionals
  norm classes: sigma 0.00181..0.00434, members 1000..1000
  truncation normalisation on [-5, 5] sigma, 8 class(es), 2048 t points
E0000 00:00:1789252415.486124  982913 cuda_platform.cc:52] failed call to cuInit: INTERNAL: CUDA error: Failed call to cuInit: UNKNOWN ERROR (303)
vtx term: 8000 candidates, 182967 group rows (22172 pruned), 102886 hit rows, 60 parameters, arm 'cf'
  vtx NLL(0) = -35798.738923, max|grad| = 1032
  norm classes: sigma 0.00154..0.0124, members 1000..1000
  truncation normalisation on [-5, 5] sigma, 8 class(es), 2048 t points
bsx term: 8000 candidates, 170478 group rows (34661 pruned), 102886 hit rows, 60 parameters, arm 'cf'
  bsx NLL(0) = -34503.225840, max|grad| = 816.1
  norm classes: sigma 0.00149..0.0118, members 1000..1000
  truncation normalisation on [-5, 5] sigma, 8 class(es), 2048 t points
bsy term: 8000 candidates, 171000 group rows (34139 pruned), 102886 hit rows, 60 parameters, arm 'cf'
  bsy NLL(0) = -34577.520468, max|grad| = 730.2
-> /ceph/submit/data/user/d/david_w/ZMass/cvh/runs_vtxres_260911/beamline/runs/cards/vtxbs_cf.hdf5 (548.2 MB, 60 parameters)
=== card vtxbsm_cf
WARNING: All log messages before absl::InitializeLog() is called are written to STDERR
I0000 00:00:1789252423.283302  986301 port.cc:153] oneDNN custom operations are on. You may see slightly different numerical results due to floating-point round-off errors from different computation orders. To turn them off, set the environment variable `TF_ENABLE_ONEDNN_OPTS=0`.
WARNING: All log messages before absl::InitializeLog() is called are written to STDERR
I0000 00:00:1789252427.440900  986301 port.cc:153] oneDNN custom operations are on. You may see slightly different numerical results due to floating-point round-off errors from different computation orders. To turn them off, set the environment variable `TF_ENABLE_ONEDNN_OPTS=0`.
  vtx: standard two-track selection on 10254 candidates
  vtx:     Jpsi_vtxok                        --  (column absent: NOT APPLIED)
  vtx:     finite sigma_m, sigma_v        10254  (100.00 %, -0)
  vtx:     min leg hits >= 8              10254  (100.00 %, -0)
  vtx:     |z_v| < 5                      10254  (100.00 %, -0)
  vtx:     kept                           10254  (100.00 %)
  bsx: standard two-track selection on 10254 candidates
  bsx:     Jpsi_vtxok                        --  (column absent: NOT APPLIED)
  bsx:     finite sigma_m, sigma_v        10254  (100.00 %, -0)
  bsx:     min leg hits >= 8              10254  (100.00 %, -0)
  bsx:     |z_v| < 5                      10254  (100.00 %, -0)
  bsx:     kept                           10254  (100.00 %)
  bsy: standard two-track selection on 10254 candidates
  bsy:     Jpsi_vtxok                        --  (column absent: NOT APPLIED)
  bsy:     finite sigma_m, sigma_v        10254  (100.00 %, -0)
  bsy:     min leg hits >= 8              10254  (100.00 %, -0)
  bsy:     |z_v| < 5                      10254  (100.00 %, -0)
  bsy:     kept                           10254  (100.00 %)
  mass: standard two-track selection on 10254 candidates
  mass:     Jpsi_vtxok                        --  (column absent: NOT APPLIED)
  mass:     finite sigma_m, sigma_v        10254  (100.00 %, -0)
  mass:     min leg hits >= 8              10254  (100.00 %, -0)
  mass:     |z_v| < 5                      10254  (100.00 %, -0)
  mass:     kept                           10254  (100.00 %)
--same-candidates: 8000 candidates kept by BOTH functionals
  norm classes: sigma 0.00181..0.00435, members 1000..1000
  truncation normalisation on [-5, 5] sigma, 8 class(es), 2048 t points
E0000 00:00:1789252433.377696  986301 cuda_platform.cc:52] failed call to cuInit: INTERNAL: CUDA error: Failed call to cuInit: UNKNOWN ERROR (303)
vtx term: 8000 candidates, 183169 group rows (22198 pruned), 102856 hit rows, 60 parameters, arm 'cf'
  vtx NLL(0) = -35789.866746, max|grad| = 1064
  norm classes: sigma 0.00154..0.0123, members 1000..1000
  truncation normalisation on [-5, 5] sigma, 8 class(es), 2048 t points
bsx term: 8000 candidates, 170702 group rows (34665 pruned), 102856 hit rows, 60 parameters, arm 'cf'
  bsx NLL(0) = -34534.703271, max|grad| = 843.6
  norm classes: sigma 0.00149..0.0116, members 1000..1000
  truncation normalisation on [-5, 5] sigma, 8 class(es), 2048 t points
bsy term: 8000 candidates, 171197 group rows (34170 pruned), 102856 hit rows, 60 parameters, arm 'cf'
  bsy NLL(0) = -34629.758370, max|grad| = 721.3
[18:34:00] kernel CF tabulation (8000 samples) built in 0.9 s
mass term: 8000 candidates, 184987 group rows (20380 pruned), 102856 hit rows, 60 parameters, arm 'cf'
  mass NLL(0) = 23543.937094, max|grad| = 11.16
-> /ceph/submit/data/user/d/david_w/ZMass/cvh/runs_vtxres_260911/beamline/runs/cards/vtxbsm_cf.hdf5 (739.4 MB, 60 parameters)
=== card inj_bs_cf
injecting material_bpix_support6=+0.00243951  -> physical k: material_bpix_support6=+0.0487902 (+5.000 % material)
WARNING: All log messages before absl::InitializeLog() is called are written to STDERR
I0000 00:00:1789252444.196465  990030 port.cc:153] oneDNN custom operations are on. You may see slightly different numerical results due to floating-point round-off errors from different computation orders. To turn them off, set the environment variable `TF_ENABLE_ONEDNN_OPTS=0`.
WARNING: All log messages before absl::InitializeLog() is called are written to STDERR
I0000 00:00:1789252448.196426  990030 port.cc:153] oneDNN custom operations are on. You may see slightly different numerical results due to floating-point round-off errors from different computation orders. To turn them off, set the environment variable `TF_ENABLE_ONEDNN_OPTS=0`.
  bsx: standard two-track selection on 10254 candidates
  bsx:     Jpsi_vtxok                        --  (column absent: NOT APPLIED)
  bsx:     finite sigma_m, sigma_v        10254  (100.00 %, -0)
  bsx:     min leg hits >= 8              10254  (100.00 %, -0)
  bsx:     |z_v| < 5                      10254  (100.00 %, -0)
  bsx:     kept                           10254  (100.00 %)
  bsy: standard two-track selection on 10254 candidates
  bsy:     Jpsi_vtxok                        --  (column absent: NOT APPLIED)
  bsy:     finite sigma_m, sigma_v        10254  (100.00 %, -0)
  bsy:     min leg hits >= 8              10254  (100.00 %, -0)
  bsy:     |z_v| < 5                      10254  (100.00 %, -0)
  bsy:     kept                           10254  (100.00 %)
--same-candidates: 8000 candidates kept by BOTH functionals
  norm classes: sigma 0.00154..0.0124, members 1000..1000
  truncation normalisation on [-5, 5] sigma, 8 class(es), 2048 t points
E0000 00:00:1789252454.021837  990030 cuda_platform.cc:52] failed call to cuInit: INTERNAL: CUDA error: Failed call to cuInit: UNKNOWN ERROR (303)
bsx term: 8000 candidates, 170478 group rows (34661 pruned), 102886 hit rows, 60 parameters, arm 'cf'
  bsx NLL(0) = -34505.215683, max|grad| = 814.8
  norm classes: sigma 0.00149..0.0118, members 1000..1000
  truncation normalisation on [-5, 5] sigma, 8 class(es), 2048 t points
bsy term: 8000 candidates, 171000 group rows (34139 pruned), 102886 hit rows, 60 parameters, arm 'cf'
  bsy NLL(0) = -34579.297629, max|grad| = 726.3
-> /ceph/submit/data/user/d/david_w/ZMass/cvh/runs_vtxres_260911/beamline/runs/cards/inj_bs_cf.hdf5 (357.6 MB, 60 parameters)
=== card inj_vtx_cf
injecting material_bpix_support6=+0.00243951  -> physical k: material_bpix_support6=+0.0487902 (+5.000 % material)
WARNING: All log messages before absl::InitializeLog() is called are written to STDERR
I0000 00:00:1789252459.170709  992466 port.cc:153] oneDNN custom operations are on. You may see slightly different numerical results due to floating-point round-off errors from different computation orders. To turn them off, set the environment variable `TF_ENABLE_ONEDNN_OPTS=0`.
WARNING: All log messages before absl::InitializeLog() is called are written to STDERR
I0000 00:00:1789252463.127703  992466 port.cc:153] oneDNN custom operations are on. You may see slightly different numerical results due to floating-point round-off errors from different computation orders. To turn them off, set the environment variable `TF_ENABLE_ONEDNN_OPTS=0`.
  vtx: standard two-track selection on 10254 candidates
  vtx:     Jpsi_vtxok                        --  (column absent: NOT APPLIED)
  vtx:     finite sigma_m, sigma_v        10254  (100.00 %, -0)
  vtx:     min leg hits >= 8              10254  (100.00 %, -0)
  vtx:     |z_v| < 5                      10254  (100.00 %, -0)
  vtx:     kept                           10254  (100.00 %)
  norm classes: sigma 0.00181..0.00434, members 1000..1000
  truncation normalisation on [-5, 5] sigma, 8 class(es), 2048 t points
E0000 00:00:1789252468.889256  992466 cuda_platform.cc:52] failed call to cuInit: INTERNAL: CUDA error: Failed call to cuInit: UNKNOWN ERROR (303)
vtx term: 8000 candidates, 182967 group rows (22172 pruned), 102886 hit rows, 60 parameters, arm 'cf'
  vtx NLL(0) = -35801.222619, max|grad| = 1003
-> /ceph/submit/data/user/d/david_w/ZMass/cvh/runs_vtxres_260911/beamline/runs/cards/inj_vtx_cf.hdf5 (190.7 MB, 60 parameters)
=== card inj_vtxbs_cf
injecting material_bpix_support6=+0.00243951  -> physical k: material_bpix_support6=+0.0487902 (+5.000 % material)
WARNING: All log messages before absl::InitializeLog() is called are written to STDERR
I0000 00:00:1789252471.230621  994278 port.cc:153] oneDNN custom operations are on. You may see slightly different numerical results due to floating-point round-off errors from different computation orders. To turn them off, set the environment variable `TF_ENABLE_ONEDNN_OPTS=0`.
WARNING: All log messages before absl::InitializeLog() is called are written to STDERR
I0000 00:00:1789252475.225716  994278 port.cc:153] oneDNN custom operations are on. You may see slightly different numerical results due to floating-point round-off errors from different computation orders. To turn them off, set the environment variable `TF_ENABLE_ONEDNN_OPTS=0`.
  vtx: standard two-track selection on 10254 candidates
  vtx:     Jpsi_vtxok                        --  (column absent: NOT APPLIED)
  vtx:     finite sigma_m, sigma_v        10254  (100.00 %, -0)
  vtx:     min leg hits >= 8              10254  (100.00 %, -0)
  vtx:     |z_v| < 5                      10254  (100.00 %, -0)
  vtx:     kept                           10254  (100.00 %)
  bsx: standard two-track selection on 10254 candidates
  bsx:     Jpsi_vtxok                        --  (column absent: NOT APPLIED)
  bsx:     finite sigma_m, sigma_v        10254  (100.00 %, -0)
  bsx:     min leg hits >= 8              10254  (100.00 %, -0)
  bsx:     |z_v| < 5                      10254  (100.00 %, -0)
  bsx:     kept                           10254  (100.00 %)
  bsy: standard two-track selection on 10254 candidates
  bsy:     Jpsi_vtxok                        --  (column absent: NOT APPLIED)
  bsy:     finite sigma_m, sigma_v        10254  (100.00 %, -0)
  bsy:     min leg hits >= 8              10254  (100.00 %, -0)
  bsy:     |z_v| < 5                      10254  (100.00 %, -0)
  bsy:     kept                           10254  (100.00 %)
--same-candidates: 8000 candidates kept by BOTH functionals
  norm classes: sigma 0.00181..0.00434, members 1000..1000
  truncation normalisation on [-5, 5] sigma, 8 class(es), 2048 t points
E0000 00:00:1789252481.056801  994278 cuda_platform.cc:52] failed call to cuInit: INTERNAL: CUDA error: Failed call to cuInit: UNKNOWN ERROR (303)
vtx term: 8000 candidates, 182967 group rows (22172 pruned), 102886 hit rows, 60 parameters, arm 'cf'
  vtx NLL(0) = -35801.222619, max|grad| = 1003
  norm classes: sigma 0.00154..0.0124, members 1000..1000
  truncation normalisation on [-5, 5] sigma, 8 class(es), 2048 t points
bsx term: 8000 candidates, 170478 group rows (34661 pruned), 102886 hit rows, 60 parameters, arm 'cf'
  bsx NLL(0) = -34505.215683, max|grad| = 814.8
  norm classes: sigma 0.00149..0.0118, members 1000..1000
  truncation normalisation on [-5, 5] sigma, 8 class(es), 2048 t points
bsy term: 8000 candidates, 171000 group rows (34139 pruned), 102886 hit rows, 60 parameters, arm 'cf'
  bsy NLL(0) = -34579.297629, max|grad| = 726.3
-> /ceph/submit/data/user/d/david_w/ZMass/cvh/runs_vtxres_260911/beamline/runs/cards/inj_vtxbs_cf.hdf5 (548.2 MB, 60 parameters)
=== card inj_vtxbsm_cf
injecting material_bpix_support6=+0.00243951  -> physical k: material_bpix_support6=+0.0487902 (+5.000 % material)
WARNING: All log messages before absl::InitializeLog() is called are written to STDERR
I0000 00:00:1789252488.887914  996723 port.cc:153] oneDNN custom operations are on. You may see slightly different numerical results due to floating-point round-off errors from different computation orders. To turn them off, set the environment variable `TF_ENABLE_ONEDNN_OPTS=0`.
WARNING: All log messages before absl::InitializeLog() is called are written to STDERR
I0000 00:00:1789252493.063288  996723 port.cc:153] oneDNN custom operations are on. You may see slightly different numerical results due to floating-point round-off errors from different computation orders. To turn them off, set the environment variable `TF_ENABLE_ONEDNN_OPTS=0`.
  vtx: standard two-track selection on 10254 candidates
  vtx:     Jpsi_vtxok                        --  (column absent: NOT APPLIED)
  vtx:     finite sigma_m, sigma_v        10254  (100.00 %, -0)
  vtx:     min leg hits >= 8              10254  (100.00 %, -0)
  vtx:     |z_v| < 5                      10254  (100.00 %, -0)
  vtx:     kept                           10254  (100.00 %)
  bsx: standard two-track selection on 10254 candidates
  bsx:     Jpsi_vtxok                        --  (column absent: NOT APPLIED)
  bsx:     finite sigma_m, sigma_v        10254  (100.00 %, -0)
  bsx:     min leg hits >= 8              10254  (100.00 %, -0)
  bsx:     |z_v| < 5                      10254  (100.00 %, -0)
  bsx:     kept                           10254  (100.00 %)
  bsy: standard two-track selection on 10254 candidates
  bsy:     Jpsi_vtxok                        --  (column absent: NOT APPLIED)
  bsy:     finite sigma_m, sigma_v        10254  (100.00 %, -0)
  bsy:     min leg hits >= 8              10254  (100.00 %, -0)
  bsy:     |z_v| < 5                      10254  (100.00 %, -0)
  bsy:     kept                           10254  (100.00 %)
  mass: standard two-track selection on 10254 candidates
  mass:     Jpsi_vtxok                        --  (column absent: NOT APPLIED)
  mass:     finite sigma_m, sigma_v        10254  (100.00 %, -0)
  mass:     min leg hits >= 8              10254  (100.00 %, -0)
  mass:     |z_v| < 5                      10254  (100.00 %, -0)
  mass:     kept                           10254  (100.00 %)
--same-candidates: 8000 candidates kept by BOTH functionals
  norm classes: sigma 0.00181..0.00435, members 1000..1000
  truncation normalisation on [-5, 5] sigma, 8 class(es), 2048 t points
E0000 00:00:1789252499.068854  996723 cuda_platform.cc:52] failed call to cuInit: INTERNAL: CUDA error: Failed call to cuInit: UNKNOWN ERROR (303)
vtx term: 8000 candidates, 183169 group rows (22198 pruned), 102856 hit rows, 60 parameters, arm 'cf'
  vtx NLL(0) = -35792.429634, max|grad| = 1036
  norm classes: sigma 0.00154..0.0123, members 1000..1000
  truncation normalisation on [-5, 5] sigma, 8 class(es), 2048 t points
bsx term: 8000 candidates, 170702 group rows (34665 pruned), 102856 hit rows, 60 parameters, arm 'cf'
  bsx NLL(0) = -34536.761333, max|grad| = 843.3
  norm classes: sigma 0.00149..0.0116, members 1000..1000
  truncation normalisation on [-5, 5] sigma, 8 class(es), 2048 t points
bsy term: 8000 candidates, 171197 group rows (34170 pruned), 102856 hit rows, 60 parameters, arm 'cf'
  bsy NLL(0) = -34631.513358, max|grad| = 717.1
[18:35:06] kernel CF tabulation (8000 samples) built in 0.9 s
mass term: 8000 candidates, 184987 group rows (20380 pruned), 102856 hit rows, 60 parameters, arm 'cf'
  mass NLL(0) = 23543.909465, max|grad| = 11.49
-> /ceph/submit/data/user/d/david_w/ZMass/cvh/runs_vtxres_260911/beamline/runs/cards/inj_vtxbsm_cf.hdf5 (739.4 MB, 60 parameters)
=== card injhit_bs_cf
injecting hitres_pix_x_q2=+0.1
WARNING: All log messages before absl::InitializeLog() is called are written to STDERR
I0000 00:00:1789252510.042341 1000440 port.cc:153] oneDNN custom operations are on. You may see slightly different numerical results due to floating-point round-off errors from different computation orders. To turn them off, set the environment variable `TF_ENABLE_ONEDNN_OPTS=0`.
WARNING: All log messages before absl::InitializeLog() is called are written to STDERR
I0000 00:00:1789252514.049144 1000440 port.cc:153] oneDNN custom operations are on. You may see slightly different numerical results due to floating-point round-off errors from different computation orders. To turn them off, set the environment variable `TF_ENABLE_ONEDNN_OPTS=0`.
  bsx: standard two-track selection on 10254 candidates
  bsx:     Jpsi_vtxok                        --  (column absent: NOT APPLIED)
  bsx:     finite sigma_m, sigma_v        10254  (100.00 %, -0)
  bsx:     min leg hits >= 8              10254  (100.00 %, -0)
  bsx:     |z_v| < 5                      10254  (100.00 %, -0)
  bsx:     kept                           10254  (100.00 %)
  bsy: standard two-track selection on 10254 candidates
  bsy:     Jpsi_vtxok                        --  (column absent: NOT APPLIED)
  bsy:     finite sigma_m, sigma_v        10254  (100.00 %, -0)
  bsy:     min leg hits >= 8              10254  (100.00 %, -0)
  bsy:     |z_v| < 5                      10254  (100.00 %, -0)
  bsy:     kept                           10254  (100.00 %)
--same-candidates: 8000 candidates kept by BOTH functionals
  norm classes: sigma 0.00154..0.0124, members 1000..1000
  truncation normalisation on [-5, 5] sigma, 8 class(es), 2048 t points
E0000 00:00:1789252519.942499 1000440 cuda_platform.cc:52] failed call to cuInit: INTERNAL: CUDA error: Failed call to cuInit: UNKNOWN ERROR (303)
bsx term: 8000 candidates, 170478 group rows (34661 pruned), 102886 hit rows, 60 parameters, arm 'cf'
  bsx NLL(0) = -34504.224081, max|grad| = 791.9
  norm classes: sigma 0.00149..0.0118, members 1000..1000
  truncation normalisation on [-5, 5] sigma, 8 class(es), 2048 t points
bsy term: 8000 candidates, 171000 group rows (34139 pruned), 102886 hit rows, 60 parameters, arm 'cf'
  bsy NLL(0) = -34578.423316, max|grad| = 708
-> /ceph/submit/data/user/d/david_w/ZMass/cvh/runs_vtxres_260911/beamline/runs/cards/injhit_bs_cf.hdf5 (357.7 MB, 60 parameters)
=== card injhit_vtx_cf
injecting hitres_pix_x_q2=+0.1
WARNING: All log messages before absl::InitializeLog() is called are written to STDERR
I0000 00:00:1789252524.996182 1002501 port.cc:153] oneDNN custom operations are on. You may see slightly different numerical results due to floating-point round-off errors from different computation orders. To turn them off, set the environment variable `TF_ENABLE_ONEDNN_OPTS=0`.
WARNING: All log messages before absl::InitializeLog() is called are written to STDERR
I0000 00:00:1789252528.992280 1002501 port.cc:153] oneDNN custom operations are on. You may see slightly different numerical results due to floating-point round-off errors from different computation orders. To turn them off, set the environment variable `TF_ENABLE_ONEDNN_OPTS=0`.
  vtx: standard two-track selection on 10254 candidates
  vtx:     Jpsi_vtxok                        --  (column absent: NOT APPLIED)
  vtx:     finite sigma_m, sigma_v        10254  (100.00 %, -0)
  vtx:     min leg hits >= 8              10254  (100.00 %, -0)
  vtx:     |z_v| < 5                      10254  (100.00 %, -0)
  vtx:     kept                           10254  (100.00 %)
  norm classes: sigma 0.00181..0.00434, members 1000..1000
  truncation normalisation on [-5, 5] sigma, 8 class(es), 2048 t points
E0000 00:00:1789252534.838583 1002501 cuda_platform.cc:52] failed call to cuInit: INTERNAL: CUDA error: Failed call to cuInit: UNKNOWN ERROR (303)
vtx term: 8000 candidates, 182967 group rows (22172 pruned), 102886 hit rows, 60 parameters, arm 'cf'
  vtx NLL(0) = -35802.943249, max|grad| = 932
-> /ceph/submit/data/user/d/david_w/ZMass/cvh/runs_vtxres_260911/beamline/runs/cards/injhit_vtx_cf.hdf5 (190.7 MB, 60 parameters)
=== card injhit_vtxbs_cf
injecting hitres_pix_x_q2=+0.1
WARNING: All log messages before absl::InitializeLog() is called are written to STDERR
I0000 00:00:1789252537.086846 1004220 port.cc:153] oneDNN custom operations are on. You may see slightly different numerical results due to floating-point round-off errors from different computation orders. To turn them off, set the environment variable `TF_ENABLE_ONEDNN_OPTS=0`.
WARNING: All log messages before absl::InitializeLog() is called are written to STDERR
I0000 00:00:1789252541.103620 1004220 port.cc:153] oneDNN custom operations are on. You may see slightly different numerical results due to floating-point round-off errors from different computation orders. To turn them off, set the environment variable `TF_ENABLE_ONEDNN_OPTS=0`.
  vtx: standard two-track selection on 10254 candidates
  vtx:     Jpsi_vtxok                        --  (column absent: NOT APPLIED)
  vtx:     finite sigma_m, sigma_v        10254  (100.00 %, -0)
  vtx:     min leg hits >= 8              10254  (100.00 %, -0)
  vtx:     |z_v| < 5                      10254  (100.00 %, -0)
  vtx:     kept                           10254  (100.00 %)
  bsx: standard two-track selection on 10254 candidates
  bsx:     Jpsi_vtxok                        --  (column absent: NOT APPLIED)
  bsx:     finite sigma_m, sigma_v        10254  (100.00 %, -0)
  bsx:     min leg hits >= 8              10254  (100.00 %, -0)
  bsx:     |z_v| < 5                      10254  (100.00 %, -0)
  bsx:     kept                           10254  (100.00 %)
  bsy: standard two-track selection on 10254 candidates
  bsy:     Jpsi_vtxok                        --  (column absent: NOT APPLIED)
  bsy:     finite sigma_m, sigma_v        10254  (100.00 %, -0)
  bsy:     min leg hits >= 8              10254  (100.00 %, -0)
  bsy:     |z_v| < 5                      10254  (100.00 %, -0)
  bsy:     kept                           10254  (100.00 %)
--same-candidates: 8000 candidates kept by BOTH functionals
  norm classes: sigma 0.00181..0.00434, members 1000..1000
  truncation normalisation on [-5, 5] sigma, 8 class(es), 2048 t points
E0000 00:00:1789252546.976488 1004220 cuda_platform.cc:52] failed call to cuInit: INTERNAL: CUDA error: Failed call to cuInit: UNKNOWN ERROR (303)
vtx term: 8000 candidates, 182967 group rows (22172 pruned), 102886 hit rows, 60 parameters, arm 'cf'
  vtx NLL(0) = -35802.943249, max|grad| = 932
  norm classes: sigma 0.00154..0.0124, members 1000..1000
  truncation normalisation on [-5, 5] sigma, 8 class(es), 2048 t points
bsx term: 8000 candidates, 170478 group rows (34661 pruned), 102886 hit rows, 60 parameters, arm 'cf'
  bsx NLL(0) = -34504.224081, max|grad| = 791.9
  norm classes: sigma 0.00149..0.0118, members 1000..1000
  truncation normalisation on [-5, 5] sigma, 8 class(es), 2048 t points
bsy term: 8000 candidates, 171000 group rows (34139 pruned), 102886 hit rows, 60 parameters, arm 'cf'
  bsy NLL(0) = -34578.423316, max|grad| = 708
-> /ceph/submit/data/user/d/david_w/ZMass/cvh/runs_vtxres_260911/beamline/runs/cards/injhit_vtxbs_cf.hdf5 (548.4 MB, 60 parameters)
=== fit bs_cf
param models: --paramModel UnbinnedParams
WARNING: All log messages before absl::InitializeLog() is called are written to STDERR
I0000 00:00:1789252555.084288 1008746 port.cc:153] oneDNN custom operations are on. You may see slightly different numerical results due to floating-point round-off errors from different computation orders. To turn them off, set the environment variable `TF_ENABLE_ONEDNN_OPTS=0`.
WARNING: All log messages before absl::InitializeLog() is called are written to STDERR
I0000 00:00:1789252559.185126 1008746 port.cc:153] oneDNN custom operations are on. You may see slightly different numerical results due to floating-point round-off errors from different computation orders. To turn them off, set the environment variable `TF_ENABLE_ONEDNN_OPTS=0`.
E0000 00:00:1789252564.374281 1008746 cuda_platform.cc:52] failed call to cuInit: INTERNAL: CUDA error: Failed call to cuInit: UNKNOWN ERROR (303)
calib_dummy {'axes': [Integer(0, 1, underflow=False, overflow=False, name='bin')], 'masked': False, 'flow': False, 'start': 0, 'stop': 1}
[38;21mINFO:unbinned.py: Loaded unbinned term 'bsx' (kind MaterialCF, channel jpsi): 8000 candidates, 1 chunk(s) of 8000, parameters ['material_other', 'material_beampipe', 'material_bpix_active_L1', 'material_bpix_active_L2', 'material_bpix_active_L3', 'material_bpix_services', 'material_bpix_support6', 'material_bpix_support7', 'material_fpix_active_D1', 'material_fpix_active_D2', 'material_fpix_support', 'material_tib_active_L1', 'material_tib_active_L2', 'material_tib_active_L3', 'material_tib_active_L4', 'material_tibtid_services', 'material_tib_support', 'material_tid_active_R1', 'material_tid_active_R2', 'material_tid_active_R3', 'material_tid_support', 'material_tob_active_L1', 'material_tob_active_L2', 'material_tob_active_L3', 'material_tob_active_L4', 'material_tob_active_L5', 'material_tob_active_L6', 'material_tob_services', 'material_tob_support', 'material_tec_active_R1', 'material_tec_active_R2', 'material_tec_active_R3', 'material_tec_active_R4', 'material_tec_active_R5', 'material_tec_active_R6', 'material_tec_active_R7', 'material_tec_services', 'material_tec_structure', 'material_thermal_screen', 'material_support_tube', 'material_pp1_cables', 'material_pixel_patch', 'hitres_pix_x_q0', 'hitres_pix_x_q1', 'hitres_pix_x_q2', 'hitres_pix_x_q3', 'hitres_pix_y_q0', 'hitres_pix_y_q1', 'hitres_pix_y_q2', 'hitres_pix_y_q3', 'hitres_str_N1_lo', 'hitres_str_N1_hi', 'hitres_str_N2_lo', 'hitres_str_N2_hi', 'hitres_str_N3_lo', 'hitres_str_N3_hi', 'hitres_str_N4_lo', 'hitres_str_N4_hi', 'hitres_str_N5_lo', 'hitres_str_N5_hi'][0m
[38;21mINFO:unbinned.py: Loaded unbinned term 'bsy' (kind MaterialCF, channel jpsi): 8000 candidates, 1 chunk(s) of 8000, parameters ['material_other', 'material_beampipe', 'material_bpix_active_L1', 'material_bpix_active_L2', 'material_bpix_active_L3', 'material_bpix_services', 'material_bpix_support6', 'material_bpix_support7', 'material_fpix_active_D1', 'material_fpix_active_D2', 'material_fpix_support', 'material_tib_active_L1', 'material_tib_active_L2', 'material_tib_active_L3', 'material_tib_active_L4', 'material_tibtid_services', 'material_tib_support', 'material_tid_active_R1', 'material_tid_active_R2', 'material_tid_active_R3', 'material_tid_support', 'material_tob_active_L1', 'material_tob_active_L2', 'material_tob_active_L3', 'material_tob_active_L4', 'material_tob_active_L5', 'material_tob_active_L6', 'material_tob_services', 'material_tob_support', 'material_tec_active_R1', 'material_tec_active_R2', 'material_tec_active_R3', 'material_tec_active_R4', 'material_tec_active_R5', 'material_tec_active_R6', 'material_tec_active_R7', 'material_tec_services', 'material_tec_structure', 'material_thermal_screen', 'material_support_tube', 'material_pp1_cables', 'material_pixel_patch', 'hitres_pix_x_q0', 'hitres_pix_x_q1', 'hitres_pix_x_q2', 'hitres_pix_x_q3', 'hitres_pix_y_q0', 'hitres_pix_y_q1', 'hitres_pix_y_q2', 'hitres_pix_y_q3', 'hitres_str_N1_lo', 'hitres_str_N1_hi', 'hitres_str_N2_lo', 'hitres_str_N2_hi', 'hitres_str_N3_lo', 'hitres_str_N3_hi', 'hitres_str_N4_lo', 'hitres_str_N4_hi', 'hitres_str_N5_lo', 'hitres_str_N5_hi'][0m
[38;21mINFO:unbinned_params.py: UnbinnedParams: 60 POI(s) ['material_other', 'material_beampipe', 'material_bpix_active_L1', 'material_bpix_active_L2', 'material_bpix_active_L3', 'material_bpix_services', 'material_bpix_support6', 'material_bpix_support7', 'material_fpix_active_D1', 'material_fpix_active_D2', 'material_fpix_support', 'material_tib_active_L1', 'material_tib_active_L2', 'material_tib_active_L3', 'material_tib_active_L4', 'material_tibtid_services', 'material_tib_support', 'material_tid_active_R1', 'material_tid_active_R2', 'material_tid_active_R3', 'material_tid_support', 'material_tob_active_L1', 'material_tob_active_L2', 'material_tob_active_L3', 'material_tob_active_L4', 'material_tob_active_L5', 'material_tob_active_L6', 'material_tob_services', 'material_tob_support', 'material_tec_active_R1', 'material_tec_active_R2', 'material_tec_active_R3', 'material_tec_active_R4', 'material_tec_active_R5', 'material_tec_active_R6', 'material_tec_active_R7', 'material_tec_services', 'material_tec_structure', 'material_thermal_screen', 'material_support_tube', 'material_pp1_cables', 'material_pixel_patch', 'hitres_pix_x_q0', 'hitres_pix_x_q1', 'hitres_pix_x_q2', 'hitres_pix_x_q3', 'hitres_pix_y_q0', 'hitres_pix_y_q1', 'hitres_pix_y_q2', 'hitres_pix_y_q3', 'hitres_str_N1_lo', 'hitres_str_N1_hi', 'hitres_str_N2_lo', 'hitres_str_N2_hi', 'hitres_str_N3_lo', 'hitres_str_N3_hi', 'hitres_str_N4_lo', 'hitres_str_N4_hi', 'hitres_str_N5_lo', 'hitres_str_N5_hi'], 0 nuisance(s) [], 60 with a Gaussian prior[0m
[38;21mINFO:fitter.py: Unblinding 60 parameters: ['material_other', 'material_beampipe', 'material_bpix_active_L1', 'material_bpix_active_L2', 'material_bpix_active_L3', 'material_bpix_services', 'material_bpix_support6', 'material_bpix_support7', 'material_fpix_active_D1', 'material_fpix_active_D2', 'material_fpix_support', 'material_tib_active_L1', 'material_tib_active_L2', 'material_tib_active_L3', 'material_tib_active_L4', 'material_tibtid_services', 'material_tib_support', 'material_tid_active_R1', 'material_tid_active_R2', 'material_tid_active_R3', 'material_tid_support', 'material_tob_active_L1', 'material_tob_active_L2', 'material_tob_active_L3', 'material_tob_active_L4', 'material_tob_active_L5', 'material_tob_active_L6', 'material_tob_services', 'material_tob_support', 'material_tec_active_R1', 'material_tec_active_R2', 'material_tec_active_R3', 'material_tec_active_R4', 'material_tec_active_R5', 'material_tec_active_R6', 'material_tec_active_R7', 'material_tec_services', 'material_tec_structure', 'material_thermal_screen', 'material_support_tube', 'material_pp1_cables', 'material_pixel_patch', 'hitres_pix_x_q0', 'hitres_pix_x_q1', 'hitres_pix_x_q2', 'hitres_pix_x_q3', 'hitres_pix_y_q0', 'hitres_pix_y_q1', 'hitres_pix_y_q2', 'hitres_pix_y_q3', 'hitres_str_N1_lo', 'hitres_str_N1_hi', 'hitres_str_N2_lo', 'hitres_str_N2_hi', 'hitres_str_N3_lo', 'hitres_str_N3_hi', 'hitres_str_N4_lo', 'hitres_str_N4_hi', 'hitres_str_N5_lo', 'hitres_str_N5_hi'][0m
[38;21mINFO:fitter.py: [paramPriors] applying Gaussian priors to 60/60 ParamModel params:[0m
[38;21mINFO:fitter.py:     material_other: μ=0 σ=0.04[0m
[38;21mINFO:fitter.py:     material_beampipe: μ=0 σ=0.0001[0m
[38;21mINFO:fitter.py:     material_bpix_active_L1: μ=0 σ=0.0004[0m
[38;21mINFO:fitter.py:     material_bpix_active_L2: μ=0 σ=0.0004[0m
[38;21mINFO:fitter.py:     material_bpix_active_L3: μ=0 σ=0.0004[0m
[38;21mINFO:fitter.py:     material_bpix_services: μ=0 σ=0.01[0m
[38;21mINFO:fitter.py:     material_bpix_support6: μ=0 σ=0.0025[0m
[38;21mINFO:fitter.py:     material_bpix_support7: μ=0 σ=0.01[0m
[38;21mINFO:fitter.py:     material_fpix_active_D1: μ=0 σ=0.0004[0m
[38;21mINFO:fitter.py:     material_fpix_active_D2: μ=0 σ=0.0004[0m
[38;21mINFO:fitter.py:     material_fpix_support: μ=0 σ=0.0025[0m
[38;21mINFO:fitter.py:     material_tib_active_L1: μ=0 σ=0.0004[0m
[38;21mINFO:fitter.py:     material_tib_active_L2: μ=0 σ=0.0004[0m
[38;21mINFO:fitter.py:     material_tib_active_L3: μ=0 σ=0.0004[0m
[38;21mINFO:fitter.py:     material_tib_active_L4: μ=0 σ=0.0004[0m
[38;21mINFO:fitter.py:     material_tibtid_services: μ=0 σ=0.01[0m
[38;21mINFO:fitter.py:     material_tib_support: μ=0 σ=0.0025[0m
[38;21mINFO:fitter.py:     material_tid_active_R1: μ=0 σ=0.0004[0m
[38;21mINFO:fitter.py:     material_tid_active_R2: μ=0 σ=0.0004[0m
[38;21mINFO:fitter.py:     material_tid_active_R3: μ=0 σ=0.0004[0m
[38;21mINFO:fitter.py:     material_tid_support: μ=0 σ=0.0025[0m
[38;21mINFO:fitter.py:     material_tob_active_L1: μ=0 σ=0.0004[0m
[38;21mINFO:fitter.py:     material_tob_active_L2: μ=0 σ=0.0004[0m
[38;21mINFO:fitter.py:     material_tob_active_L3: μ=0 σ=0.0004[0m
[38;21mINFO:fitter.py:     material_tob_active_L4: μ=0 σ=0.0004[0m
[38;21mINFO:fitter.py:     material_tob_active_L5: μ=0 σ=0.0004[0m
[38;21mINFO:fitter.py:     material_tob_active_L6: μ=0 σ=0.0004[0m
[38;21mINFO:fitter.py:     material_tob_services: μ=0 σ=0.01[0m
[38;21mINFO:fitter.py:     material_tob_support: μ=0 σ=0.0025[0m
[38;21mINFO:fitter.py:     material_tec_active_R1: μ=0 σ=0.0004[0m
[38;21mINFO:fitter.py:     material_tec_active_R2: μ=0 σ=0.0004[0m
[38;21mINFO:fitter.py:     material_tec_active_R3: μ=0 σ=0.0004[0m
[38;21mINFO:fitter.py:     material_tec_active_R4: μ=0 σ=0.0004[0m
[38;21mINFO:fitter.py:     material_tec_active_R5: μ=0 σ=0.0004[0m
[38;21mINFO:fitter.py:     material_tec_active_R6: μ=0 σ=0.0004[0m
[38;21mINFO:fitter.py:     material_tec_active_R7: μ=0 σ=0.0004[0m
[38;21mINFO:fitter.py:     material_tec_services: μ=0 σ=0.01[0m
[38;21mINFO:fitter.py:     material_tec_structure: μ=0 σ=0.0025[0m
[38;21mINFO:fitter.py:     material_thermal_screen: μ=0 σ=0.0025[0m
[38;21mINFO:fitter.py:     material_support_tube: μ=0 σ=0.0025[0m
[38;21mINFO:fitter.py:     material_pp1_cables: μ=0 σ=0.01[0m
[38;21mINFO:fitter.py:     material_pixel_patch: μ=0 σ=0.01[0m
[38;21mINFO:fitter.py:     hitres_pix_x_q0: μ=0 σ=1[0m
[38;21mINFO:fitter.py:     hitres_pix_x_q1: μ=0 σ=1[0m
[38;21mINFO:fitter.py:     hitres_pix_x_q2: μ=0 σ=1[0m
[38;21mINFO:fitter.py:     hitres_pix_x_q3: μ=0 σ=1[0m
[38;21mINFO:fitter.py:     hitres_pix_y_q0: μ=0 σ=1[0m
[38;21mINFO:fitter.py:     hitres_pix_y_q1: μ=0 σ=1[0m
[38;21mINFO:fitter.py:     hitres_pix_y_q2: μ=0 σ=1[0m
[38;21mINFO:fitter.py:     hitres_pix_y_q3: μ=0 σ=1[0m
[38;21mINFO:fitter.py:     hitres_str_N1_lo: μ=0 σ=1[0m
[38;21mINFO:fitter.py:     hitres_str_N1_hi: μ=0 σ=1[0m
[38;21mINFO:fitter.py:     hitres_str_N2_lo: μ=0 σ=1[0m
[38;21mINFO:fitter.py:     hitres_str_N2_hi: μ=0 σ=1[0m
[38;21mINFO:fitter.py:     hitres_str_N3_lo: μ=0 σ=1[0m
[38;21mINFO:fitter.py:     hitres_str_N3_hi: μ=0 σ=1[0m
[38;21mINFO:fitter.py:     hitres_str_N4_lo: μ=0 σ=1[0m
[38;21mINFO:fitter.py:     hitres_str_N4_hi: μ=0 σ=1[0m
[38;21mINFO:fitter.py:     hitres_str_N5_lo: μ=0 σ=1[0m
[38;21mINFO:fitter.py:     hitres_str_N5_hi: μ=0 σ=1[0m
[38;21mINFO:fitter.py: unbinned term 'bsx': 8000 candidates in 1 chunk(s) of 8000, graph loop[0m
[38;21mINFO:fitter.py: unbinned term 'bsy': 8000 candidates in 1 chunk(s) of 8000, graph loop[0m
[38;21mINFO:fitter.py: 2 unbinned term(s): the Hessian is assembled from Hessian-vector products rather than from the vectorised jacobian, and the HVP is revrev.[0m
[38;21mINFO:fitter.py: Perform iterative fit[0m
[38;21mINFO:fitter.py: [minimize] method=trust-krylov options={}[0m
[38;21mINFO:rabbit_fit.py: profile beta[0m
[38;21mINFO:rabbit_fit.py: edmval: 1.0957005163493071e-17[0m
[38;21mINFO:rabbit_fit.py: Unbinned likelihood terms contribute -69299.373322 to the NLL; the saturated chi2 below is for the binned likelihood only[0m
[38;21mINFO:rabbit_fit.py: Saturated chi2:[0m
[38;21mINFO:rabbit_fit.py:     ndof: -59[0m
[38;21mINFO:rabbit_fit.py:     2*deltaNLL: 26.41[0m
[38;21mINFO:rabbit_fit.py:     p-value: nan%[0m
/work/submit/david_w/WRemnants_dev/wums/wums/ioutils.py:160: FutureWarning: .metadata was not set, returning None instead of Attribute error, boost-histogram 1.7+ will error.
  metadata = obj.metadata if hasattr(obj, "metadata") else None
Results written in file /ceph/submit/data/user/d/david_w/ZMass/cvh/runs_vtxres_260911/beamline/runs/fits/bs_cf/fitresults.hdf5
[38;21mINFO:rabbit_fit.py: 395.52 seconds total time[0m
=== fit bs_gauss
param models: --paramModel UnbinnedParams
WARNING: All log messages before absl::InitializeLog() is called are written to STDERR
I0000 00:00:1789252962.606510 1027566 port.cc:153] oneDNN custom operations are on. You may see slightly different numerical results due to floating-point round-off errors from different computation orders. To turn them off, set the environment variable `TF_ENABLE_ONEDNN_OPTS=0`.
WARNING: All log messages before absl::InitializeLog() is called are written to STDERR
I0000 00:00:1789252966.876666 1027566 port.cc:153] oneDNN custom operations are on. You may see slightly different numerical results due to floating-point round-off errors from different computation orders. To turn them off, set the environment variable `TF_ENABLE_ONEDNN_OPTS=0`.
E0000 00:00:1789252972.210821 1027566 cuda_platform.cc:52] failed call to cuInit: INTERNAL: CUDA error: Failed call to cuInit: UNKNOWN ERROR (303)
calib_dummy {'axes': [Integer(0, 1, underflow=False, overflow=False, name='bin')], 'masked': False, 'flow': False, 'start': 0, 'stop': 1}
[38;21mINFO:unbinned.py: Loaded unbinned term 'bsx' (kind MaterialCF, channel jpsi): 8000 candidates, 1 chunk(s) of 8000, parameters ['material_other', 'material_beampipe', 'material_bpix_active_L1', 'material_bpix_active_L2', 'material_bpix_active_L3', 'material_bpix_services', 'material_bpix_support6', 'material_bpix_support7', 'material_fpix_active_D1', 'material_fpix_active_D2', 'material_fpix_support', 'material_tib_active_L1', 'material_tib_active_L2', 'material_tib_active_L3', 'material_tib_active_L4', 'material_tibtid_services', 'material_tib_support', 'material_tid_active_R1', 'material_tid_active_R2', 'material_tid_active_R3', 'material_tid_support', 'material_tob_active_L1', 'material_tob_active_L2', 'material_tob_active_L3', 'material_tob_active_L4', 'material_tob_active_L5', 'material_tob_active_L6', 'material_tob_services', 'material_tob_support', 'material_tec_active_R1', 'material_tec_active_R2', 'material_tec_active_R3', 'material_tec_active_R4', 'material_tec_active_R5', 'material_tec_active_R6', 'material_tec_active_R7', 'material_tec_services', 'material_tec_structure', 'material_thermal_screen', 'material_support_tube', 'material_pp1_cables', 'material_pixel_patch', 'hitres_pix_x_q0', 'hitres_pix_x_q1', 'hitres_pix_x_q2', 'hitres_pix_x_q3', 'hitres_pix_y_q0', 'hitres_pix_y_q1', 'hitres_pix_y_q2', 'hitres_pix_y_q3', 'hitres_str_N1_lo', 'hitres_str_N1_hi', 'hitres_str_N2_lo', 'hitres_str_N2_hi', 'hitres_str_N3_lo', 'hitres_str_N3_hi', 'hitres_str_N4_lo', 'hitres_str_N4_hi', 'hitres_str_N5_lo', 'hitres_str_N5_hi'][0m
[38;21mINFO:unbinned.py: Loaded unbinned term 'bsy' (kind MaterialCF, channel jpsi): 8000 candidates, 1 chunk(s) of 8000, parameters ['material_other', 'material_beampipe', 'material_bpix_active_L1', 'material_bpix_active_L2', 'material_bpix_active_L3', 'material_bpix_services', 'material_bpix_support6', 'material_bpix_support7', 'material_fpix_active_D1', 'material_fpix_active_D2', 'material_fpix_support', 'material_tib_active_L1', 'material_tib_active_L2', 'material_tib_active_L3', 'material_tib_active_L4', 'material_tibtid_services', 'material_tib_support', 'material_tid_active_R1', 'material_tid_active_R2', 'material_tid_active_R3', 'material_tid_support', 'material_tob_active_L1', 'material_tob_active_L2', 'material_tob_active_L3', 'material_tob_active_L4', 'material_tob_active_L5', 'material_tob_active_L6', 'material_tob_services', 'material_tob_support', 'material_tec_active_R1', 'material_tec_active_R2', 'material_tec_active_R3', 'material_tec_active_R4', 'material_tec_active_R5', 'material_tec_active_R6', 'material_tec_active_R7', 'material_tec_services', 'material_tec_structure', 'material_thermal_screen', 'material_support_tube', 'material_pp1_cables', 'material_pixel_patch', 'hitres_pix_x_q0', 'hitres_pix_x_q1', 'hitres_pix_x_q2', 'hitres_pix_x_q3', 'hitres_pix_y_q0', 'hitres_pix_y_q1', 'hitres_pix_y_q2', 'hitres_pix_y_q3', 'hitres_str_N1_lo', 'hitres_str_N1_hi', 'hitres_str_N2_lo', 'hitres_str_N2_hi', 'hitres_str_N3_lo', 'hitres_str_N3_hi', 'hitres_str_N4_lo', 'hitres_str_N4_hi', 'hitres_str_N5_lo', 'hitres_str_N5_hi'][0m
[38;21mINFO:unbinned_params.py: UnbinnedParams: 60 POI(s) ['material_other', 'material_beampipe', 'material_bpix_active_L1', 'material_bpix_active_L2', 'material_bpix_active_L3', 'material_bpix_services', 'material_bpix_support6', 'material_bpix_support7', 'material_fpix_active_D1', 'material_fpix_active_D2', 'material_fpix_support', 'material_tib_active_L1', 'material_tib_active_L2', 'material_tib_active_L3', 'material_tib_active_L4', 'material_tibtid_services', 'material_tib_support', 'material_tid_active_R1', 'material_tid_active_R2', 'material_tid_active_R3', 'material_tid_support', 'material_tob_active_L1', 'material_tob_active_L2', 'material_tob_active_L3', 'material_tob_active_L4', 'material_tob_active_L5', 'material_tob_active_L6', 'material_tob_services', 'material_tob_support', 'material_tec_active_R1', 'material_tec_active_R2', 'material_tec_active_R3', 'material_tec_active_R4', 'material_tec_active_R5', 'material_tec_active_R6', 'material_tec_active_R7', 'material_tec_services', 'material_tec_structure', 'material_thermal_screen', 'material_support_tube', 'material_pp1_cables', 'material_pixel_patch', 'hitres_pix_x_q0', 'hitres_pix_x_q1', 'hitres_pix_x_q2', 'hitres_pix_x_q3', 'hitres_pix_y_q0', 'hitres_pix_y_q1', 'hitres_pix_y_q2', 'hitres_pix_y_q3', 'hitres_str_N1_lo', 'hitres_str_N1_hi', 'hitres_str_N2_lo', 'hitres_str_N2_hi', 'hitres_str_N3_lo', 'hitres_str_N3_hi', 'hitres_str_N4_lo', 'hitres_str_N4_hi', 'hitres_str_N5_lo', 'hitres_str_N5_hi'], 0 nuisance(s) [], 60 with a Gaussian prior[0m
[38;21mINFO:fitter.py: Unblinding 60 parameters: ['material_other', 'material_beampipe', 'material_bpix_active_L1', 'material_bpix_active_L2', 'material_bpix_active_L3', 'material_bpix_services', 'material_bpix_support6', 'material_bpix_support7', 'material_fpix_active_D1', 'material_fpix_active_D2', 'material_fpix_support', 'material_tib_active_L1', 'material_tib_active_L2', 'material_tib_active_L3', 'material_tib_active_L4', 'material_tibtid_services', 'material_tib_support', 'material_tid_active_R1', 'material_tid_active_R2', 'material_tid_active_R3', 'material_tid_support', 'material_tob_active_L1', 'material_tob_active_L2', 'material_tob_active_L3', 'material_tob_active_L4', 'material_tob_active_L5', 'material_tob_active_L6', 'material_tob_services', 'material_tob_support', 'material_tec_active_R1', 'material_tec_active_R2', 'material_tec_active_R3', 'material_tec_active_R4', 'material_tec_active_R5', 'material_tec_active_R6', 'material_tec_active_R7', 'material_tec_services', 'material_tec_structure', 'material_thermal_screen', 'material_support_tube', 'material_pp1_cables', 'material_pixel_patch', 'hitres_pix_x_q0', 'hitres_pix_x_q1', 'hitres_pix_x_q2', 'hitres_pix_x_q3', 'hitres_pix_y_q0', 'hitres_pix_y_q1', 'hitres_pix_y_q2', 'hitres_pix_y_q3', 'hitres_str_N1_lo', 'hitres_str_N1_hi', 'hitres_str_N2_lo', 'hitres_str_N2_hi', 'hitres_str_N3_lo', 'hitres_str_N3_hi', 'hitres_str_N4_lo', 'hitres_str_N4_hi', 'hitres_str_N5_lo', 'hitres_str_N5_hi'][0m
[38;21mINFO:fitter.py: [paramPriors] applying Gaussian priors to 60/60 ParamModel params:[0m
[38;21mINFO:fitter.py:     material_other: μ=0 σ=0.04[0m
[38;21mINFO:fitter.py:     material_beampipe: μ=0 σ=0.0001[0m
[38;21mINFO:fitter.py:     material_bpix_active_L1: μ=0 σ=0.0004[0m
[38;21mINFO:fitter.py:     material_bpix_active_L2: μ=0 σ=0.0004[0m
[38;21mINFO:fitter.py:     material_bpix_active_L3: μ=0 σ=0.0004[0m
[38;21mINFO:fitter.py:     material_bpix_services: μ=0 σ=0.01[0m
[38;21mINFO:fitter.py:     material_bpix_support6: μ=0 σ=0.0025[0m
[38;21mINFO:fitter.py:     material_bpix_support7: μ=0 σ=0.01[0m
[38;21mINFO:fitter.py:     material_fpix_active_D1: μ=0 σ=0.0004[0m
[38;21mINFO:fitter.py:     material_fpix_active_D2: μ=0 σ=0.0004[0m
[38;21mINFO:fitter.py:     material_fpix_support: μ=0 σ=0.0025[0m
[38;21mINFO:fitter.py:     material_tib_active_L1: μ=0 σ=0.0004[0m
[38;21mINFO:fitter.py:     material_tib_active_L2: μ=0 σ=0.0004[0m
[38;21mINFO:fitter.py:     material_tib_active_L3: μ=0 σ=0.0004[0m
[38;21mINFO:fitter.py:     material_tib_active_L4: μ=0 σ=0.0004[0m
[38;21mINFO:fitter.py:     material_tibtid_services: μ=0 σ=0.01[0m
[38;21mINFO:fitter.py:     material_tib_support: μ=0 σ=0.0025[0m
[38;21mINFO:fitter.py:     material_tid_active_R1: μ=0 σ=0.0004[0m
[38;21mINFO:fitter.py:     material_tid_active_R2: μ=0 σ=0.0004[0m
[38;21mINFO:fitter.py:     material_tid_active_R3: μ=0 σ=0.0004[0m
[38;21mINFO:fitter.py:     material_tid_support: μ=0 σ=0.0025[0m
[38;21mINFO:fitter.py:     material_tob_active_L1: μ=0 σ=0.0004[0m
[38;21mINFO:fitter.py:     material_tob_active_L2: μ=0 σ=0.0004[0m
[38;21mINFO:fitter.py:     material_tob_active_L3: μ=0 σ=0.0004[0m
[38;21mINFO:fitter.py:     material_tob_active_L4: μ=0 σ=0.0004[0m
[38;21mINFO:fitter.py:     material_tob_active_L5: μ=0 σ=0.0004[0m
[38;21mINFO:fitter.py:     material_tob_active_L6: μ=0 σ=0.0004[0m
[38;21mINFO:fitter.py:     material_tob_services: μ=0 σ=0.01[0m
[38;21mINFO:fitter.py:     material_tob_support: μ=0 σ=0.0025[0m
[38;21mINFO:fitter.py:     material_tec_active_R1: μ=0 σ=0.0004[0m
[38;21mINFO:fitter.py:     material_tec_active_R2: μ=0 σ=0.0004[0m
[38;21mINFO:fitter.py:     material_tec_active_R3: μ=0 σ=0.0004[0m
[38;21mINFO:fitter.py:     material_tec_active_R4: μ=0 σ=0.0004[0m
[38;21mINFO:fitter.py:     material_tec_active_R5: μ=0 σ=0.0004[0m
[38;21mINFO:fitter.py:     material_tec_active_R6: μ=0 σ=0.0004[0m
[38;21mINFO:fitter.py:     material_tec_active_R7: μ=0 σ=0.0004[0m
[38;21mINFO:fitter.py:     material_tec_services: μ=0 σ=0.01[0m
[38;21mINFO:fitter.py:     material_tec_structure: μ=0 σ=0.0025[0m
[38;21mINFO:fitter.py:     material_thermal_screen: μ=0 σ=0.0025[0m
[38;21mINFO:fitter.py:     material_support_tube: μ=0 σ=0.0025[0m
[38;21mINFO:fitter.py:     material_pp1_cables: μ=0 σ=0.01[0m
[38;21mINFO:fitter.py:     material_pixel_patch: μ=0 σ=0.01[0m
[38;21mINFO:fitter.py:     hitres_pix_x_q0: μ=0 σ=1[0m
[38;21mINFO:fitter.py:     hitres_pix_x_q1: μ=0 σ=1[0m
[38;21mINFO:fitter.py:     hitres_pix_x_q2: μ=0 σ=1[0m
[38;21mINFO:fitter.py:     hitres_pix_x_q3: μ=0 σ=1[0m
[38;21mINFO:fitter.py:     hitres_pix_y_q0: μ=0 σ=1[0m
[38;21mINFO:fitter.py:     hitres_pix_y_q1: μ=0 σ=1[0m
[38;21mINFO:fitter.py:     hitres_pix_y_q2: μ=0 σ=1[0m
[38;21mINFO:fitter.py:     hitres_pix_y_q3: μ=0 σ=1[0m
[38;21mINFO:fitter.py:     hitres_str_N1_lo: μ=0 σ=1[0m
[38;21mINFO:fitter.py:     hitres_str_N1_hi: μ=0 σ=1[0m
[38;21mINFO:fitter.py:     hitres_str_N2_lo: μ=0 σ=1[0m
[38;21mINFO:fitter.py:     hitres_str_N2_hi: μ=0 σ=1[0m
[38;21mINFO:fitter.py:     hitres_str_N3_lo: μ=0 σ=1[0m
[38;21mINFO:fitter.py:     hitres_str_N3_hi: μ=0 σ=1[0m
[38;21mINFO:fitter.py:     hitres_str_N4_lo: μ=0 σ=1[0m
[38;21mINFO:fitter.py:     hitres_str_N4_hi: μ=0 σ=1[0m
[38;21mINFO:fitter.py:     hitres_str_N5_lo: μ=0 σ=1[0m
[38;21mINFO:fitter.py:     hitres_str_N5_hi: μ=0 σ=1[0m
[38;21mINFO:fitter.py: unbinned term 'bsx': 8000 candidates in 1 chunk(s) of 8000, graph loop[0m
[38;21mINFO:fitter.py: unbinned term 'bsy': 8000 candidates in 1 chunk(s) of 8000, graph loop[0m
[38;21mINFO:fitter.py: 2 unbinned term(s): the Hessian is assembled from Hessian-vector products rather than from the vectorised jacobian, and the HVP is revrev.[0m
[38;21mINFO:fitter.py: Perform iterative fit[0m
[38;21mINFO:fitter.py: [minimize] method=trust-krylov options={}[0m
[38;21mINFO:rabbit_fit.py: profile beta[0m
[38;21mINFO:rabbit_fit.py: edmval: 7.471392121246344e-15[0m
[38;21mINFO:rabbit_fit.py: Unbinned likelihood terms contribute -69238.890428 to the NLL; the saturated chi2 below is for the binned likelihood only[0m
[38;21mINFO:rabbit_fit.py: Saturated chi2:[0m
[38;21mINFO:rabbit_fit.py:     ndof: -59[0m
[38;21mINFO:rabbit_fit.py:     2*deltaNLL: 27.93[0m
[38;21mINFO:rabbit_fit.py:     p-value: nan%[0m
/work/submit/david_w/WRemnants_dev/wums/wums/ioutils.py:160: FutureWarning: .metadata was not set, returning None instead of Attribute error, boost-histogram 1.7+ will error.
  metadata = obj.metadata if hasattr(obj, "metadata") else None
Results written in file /ceph/submit/data/user/d/david_w/ZMass/cvh/runs_vtxres_260911/beamline/runs/fits/bs_gauss/fitresults.hdf5
[38;21mINFO:rabbit_fit.py: 390.19 seconds total time[0m
=== fit bs_gaussq
param models: --paramModel UnbinnedParams
WARNING: All log messages before absl::InitializeLog() is called are written to STDERR
I0000 00:00:1789253365.853717 1049879 port.cc:153] oneDNN custom operations are on. You may see slightly different numerical results due to floating-point round-off errors from different computation orders. To turn them off, set the environment variable `TF_ENABLE_ONEDNN_OPTS=0`.
WARNING: All log messages before absl::InitializeLog() is called are written to STDERR
I0000 00:00:1789253370.416415 1049879 port.cc:153] oneDNN custom operations are on. You may see slightly different numerical results due to floating-point round-off errors from different computation orders. To turn them off, set the environment variable `TF_ENABLE_ONEDNN_OPTS=0`.
E0000 00:00:1789253377.030437 1049879 cuda_platform.cc:52] failed call to cuInit: INTERNAL: CUDA error: Failed call to cuInit: UNKNOWN ERROR (303)
calib_dummy {'axes': [Integer(0, 1, underflow=False, overflow=False, name='bin')], 'masked': False, 'flow': False, 'start': 0, 'stop': 1}
[38;21mINFO:unbinned.py: Loaded unbinned term 'bsx' (kind MaterialCF, channel jpsi): 8000 candidates, 1 chunk(s) of 8000, parameters ['material_other', 'material_beampipe', 'material_bpix_active_L1', 'material_bpix_active_L2', 'material_bpix_active_L3', 'material_bpix_services', 'material_bpix_support6', 'material_bpix_support7', 'material_fpix_active_D1', 'material_fpix_active_D2', 'material_fpix_support', 'material_tib_active_L1', 'material_tib_active_L2', 'material_tib_active_L3', 'material_tib_active_L4', 'material_tibtid_services', 'material_tib_support', 'material_tid_active_R1', 'material_tid_active_R2', 'material_tid_active_R3', 'material_tid_support', 'material_tob_active_L1', 'material_tob_active_L2', 'material_tob_active_L3', 'material_tob_active_L4', 'material_tob_active_L5', 'material_tob_active_L6', 'material_tob_services', 'material_tob_support', 'material_tec_active_R1', 'material_tec_active_R2', 'material_tec_active_R3', 'material_tec_active_R4', 'material_tec_active_R5', 'material_tec_active_R6', 'material_tec_active_R7', 'material_tec_services', 'material_tec_structure', 'material_thermal_screen', 'material_support_tube', 'material_pp1_cables', 'material_pixel_patch', 'hitres_pix_x_q0', 'hitres_pix_x_q1', 'hitres_pix_x_q2', 'hitres_pix_x_q3', 'hitres_pix_y_q0', 'hitres_pix_y_q1', 'hitres_pix_y_q2', 'hitres_pix_y_q3', 'hitres_str_N1_lo', 'hitres_str_N1_hi', 'hitres_str_N2_lo', 'hitres_str_N2_hi', 'hitres_str_N3_lo', 'hitres_str_N3_hi', 'hitres_str_N4_lo', 'hitres_str_N4_hi', 'hitres_str_N5_lo', 'hitres_str_N5_hi'][0m
[38;21mINFO:unbinned.py: Loaded unbinned term 'bsy' (kind MaterialCF, channel jpsi): 8000 candidates, 1 chunk(s) of 8000, parameters ['material_other', 'material_beampipe', 'material_bpix_active_L1', 'material_bpix_active_L2', 'material_bpix_active_L3', 'material_bpix_services', 'material_bpix_support6', 'material_bpix_support7', 'material_fpix_active_D1', 'material_fpix_active_D2', 'material_fpix_support', 'material_tib_active_L1', 'material_tib_active_L2', 'material_tib_active_L3', 'material_tib_active_L4', 'material_tibtid_services', 'material_tib_support', 'material_tid_active_R1', 'material_tid_active_R2', 'material_tid_active_R3', 'material_tid_support', 'material_tob_active_L1', 'material_tob_active_L2', 'material_tob_active_L3', 'material_tob_active_L4', 'material_tob_active_L5', 'material_tob_active_L6', 'material_tob_services', 'material_tob_support', 'material_tec_active_R1', 'material_tec_active_R2', 'material_tec_active_R3', 'material_tec_active_R4', 'material_tec_active_R5', 'material_tec_active_R6', 'material_tec_active_R7', 'material_tec_services', 'material_tec_structure', 'material_thermal_screen', 'material_support_tube', 'material_pp1_cables', 'material_pixel_patch', 'hitres_pix_x_q0', 'hitres_pix_x_q1', 'hitres_pix_x_q2', 'hitres_pix_x_q3', 'hitres_pix_y_q0', 'hitres_pix_y_q1', 'hitres_pix_y_q2', 'hitres_pix_y_q3', 'hitres_str_N1_lo', 'hitres_str_N1_hi', 'hitres_str_N2_lo', 'hitres_str_N2_hi', 'hitres_str_N3_lo', 'hitres_str_N3_hi', 'hitres_str_N4_lo', 'hitres_str_N4_hi', 'hitres_str_N5_lo', 'hitres_str_N5_hi'][0m
[38;21mINFO:unbinned_params.py: UnbinnedParams: 60 POI(s) ['material_other', 'material_beampipe', 'material_bpix_active_L1', 'material_bpix_active_L2', 'material_bpix_active_L3', 'material_bpix_services', 'material_bpix_support6', 'material_bpix_support7', 'material_fpix_active_D1', 'material_fpix_active_D2', 'material_fpix_support', 'material_tib_active_L1', 'material_tib_active_L2', 'material_tib_active_L3', 'material_tib_active_L4', 'material_tibtid_services', 'material_tib_support', 'material_tid_active_R1', 'material_tid_active_R2', 'material_tid_active_R3', 'material_tid_support', 'material_tob_active_L1', 'material_tob_active_L2', 'material_tob_active_L3', 'material_tob_active_L4', 'material_tob_active_L5', 'material_tob_active_L6', 'material_tob_services', 'material_tob_support', 'material_tec_active_R1', 'material_tec_active_R2', 'material_tec_active_R3', 'material_tec_active_R4', 'material_tec_active_R5', 'material_tec_active_R6', 'material_tec_active_R7', 'material_tec_services', 'material_tec_structure', 'material_thermal_screen', 'material_support_tube', 'material_pp1_cables', 'material_pixel_patch', 'hitres_pix_x_q0', 'hitres_pix_x_q1', 'hitres_pix_x_q2', 'hitres_pix_x_q3', 'hitres_pix_y_q0', 'hitres_pix_y_q1', 'hitres_pix_y_q2', 'hitres_pix_y_q3', 'hitres_str_N1_lo', 'hitres_str_N1_hi', 'hitres_str_N2_lo', 'hitres_str_N2_hi', 'hitres_str_N3_lo', 'hitres_str_N3_hi', 'hitres_str_N4_lo', 'hitres_str_N4_hi', 'hitres_str_N5_lo', 'hitres_str_N5_hi'], 0 nuisance(s) [], 60 with a Gaussian prior[0m
[38;21mINFO:fitter.py: Unblinding 60 parameters: ['material_other', 'material_beampipe', 'material_bpix_active_L1', 'material_bpix_active_L2', 'material_bpix_active_L3', 'material_bpix_services', 'material_bpix_support6', 'material_bpix_support7', 'material_fpix_active_D1', 'material_fpix_active_D2', 'material_fpix_support', 'material_tib_active_L1', 'material_tib_active_L2', 'material_tib_active_L3', 'material_tib_active_L4', 'material_tibtid_services', 'material_tib_support', 'material_tid_active_R1', 'material_tid_active_R2', 'material_tid_active_R3', 'material_tid_support', 'material_tob_active_L1', 'material_tob_active_L2', 'material_tob_active_L3', 'material_tob_active_L4', 'material_tob_active_L5', 'material_tob_active_L6', 'material_tob_services', 'material_tob_support', 'material_tec_active_R1', 'material_tec_active_R2', 'material_tec_active_R3', 'material_tec_active_R4', 'material_tec_active_R5', 'material_tec_active_R6', 'material_tec_active_R7', 'material_tec_services', 'material_tec_structure', 'material_thermal_screen', 'material_support_tube', 'material_pp1_cables', 'material_pixel_patch', 'hitres_pix_x_q0', 'hitres_pix_x_q1', 'hitres_pix_x_q2', 'hitres_pix_x_q3', 'hitres_pix_y_q0', 'hitres_pix_y_q1', 'hitres_pix_y_q2', 'hitres_pix_y_q3', 'hitres_str_N1_lo', 'hitres_str_N1_hi', 'hitres_str_N2_lo', 'hitres_str_N2_hi', 'hitres_str_N3_lo', 'hitres_str_N3_hi', 'hitres_str_N4_lo', 'hitres_str_N4_hi', 'hitres_str_N5_lo', 'hitres_str_N5_hi'][0m
[38;21mINFO:fitter.py: [paramPriors] applying Gaussian priors to 60/60 ParamModel params:[0m
[38;21mINFO:fitter.py:     material_other: μ=0 σ=0.04[0m
[38;21mINFO:fitter.py:     material_beampipe: μ=0 σ=0.0001[0m
[38;21mINFO:fitter.py:     material_bpix_active_L1: μ=0 σ=0.0004[0m
[38;21mINFO:fitter.py:     material_bpix_active_L2: μ=0 σ=0.0004[0m
[38;21mINFO:fitter.py:     material_bpix_active_L3: μ=0 σ=0.0004[0m
[38;21mINFO:fitter.py:     material_bpix_services: μ=0 σ=0.01[0m
[38;21mINFO:fitter.py:     material_bpix_support6: μ=0 σ=0.0025[0m
[38;21mINFO:fitter.py:     material_bpix_support7: μ=0 σ=0.01[0m
[38;21mINFO:fitter.py:     material_fpix_active_D1: μ=0 σ=0.0004[0m
[38;21mINFO:fitter.py:     material_fpix_active_D2: μ=0 σ=0.0004[0m
[38;21mINFO:fitter.py:     material_fpix_support: μ=0 σ=0.0025[0m
[38;21mINFO:fitter.py:     material_tib_active_L1: μ=0 σ=0.0004[0m
[38;21mINFO:fitter.py:     material_tib_active_L2: μ=0 σ=0.0004[0m
[38;21mINFO:fitter.py:     material_tib_active_L3: μ=0 σ=0.0004[0m
[38;21mINFO:fitter.py:     material_tib_active_L4: μ=0 σ=0.0004[0m
[38;21mINFO:fitter.py:     material_tibtid_services: μ=0 σ=0.01[0m
[38;21mINFO:fitter.py:     material_tib_support: μ=0 σ=0.0025[0m
[38;21mINFO:fitter.py:     material_tid_active_R1: μ=0 σ=0.0004[0m
[38;21mINFO:fitter.py:     material_tid_active_R2: μ=0 σ=0.0004[0m
[38;21mINFO:fitter.py:     material_tid_active_R3: μ=0 σ=0.0004[0m
[38;21mINFO:fitter.py:     material_tid_support: μ=0 σ=0.0025[0m
[38;21mINFO:fitter.py:     material_tob_active_L1: μ=0 σ=0.0004[0m
[38;21mINFO:fitter.py:     material_tob_active_L2: μ=0 σ=0.0004[0m
[38;21mINFO:fitter.py:     material_tob_active_L3: μ=0 σ=0.0004[0m
[38;21mINFO:fitter.py:     material_tob_active_L4: μ=0 σ=0.0004[0m
[38;21mINFO:fitter.py:     material_tob_active_L5: μ=0 σ=0.0004[0m
[38;21mINFO:fitter.py:     material_tob_active_L6: μ=0 σ=0.0004[0m
[38;21mINFO:fitter.py:     material_tob_services: μ=0 σ=0.01[0m
[38;21mINFO:fitter.py:     material_tob_support: μ=0 σ=0.0025[0m
[38;21mINFO:fitter.py:     material_tec_active_R1: μ=0 σ=0.0004[0m
[38;21mINFO:fitter.py:     material_tec_active_R2: μ=0 σ=0.0004[0m
[38;21mINFO:fitter.py:     material_tec_active_R3: μ=0 σ=0.0004[0m
[38;21mINFO:fitter.py:     material_tec_active_R4: μ=0 σ=0.0004[0m
[38;21mINFO:fitter.py:     material_tec_active_R5: μ=0 σ=0.0004[0m
[38;21mINFO:fitter.py:     material_tec_active_R6: μ=0 σ=0.0004[0m
[38;21mINFO:fitter.py:     material_tec_active_R7: μ=0 σ=0.0004[0m
[38;21mINFO:fitter.py:     material_tec_services: μ=0 σ=0.01[0m
[38;21mINFO:fitter.py:     material_tec_structure: μ=0 σ=0.0025[0m
[38;21mINFO:fitter.py:     material_thermal_screen: μ=0 σ=0.0025[0m
[38;21mINFO:fitter.py:     material_support_tube: μ=0 σ=0.0025[0m
[38;21mINFO:fitter.py:     material_pp1_cables: μ=0 σ=0.01[0m
[38;21mINFO:fitter.py:     material_pixel_patch: μ=0 σ=0.01[0m
[38;21mINFO:fitter.py:     hitres_pix_x_q0: μ=0 σ=1[0m
[38;21mINFO:fitter.py:     hitres_pix_x_q1: μ=0 σ=1[0m
[38;21mINFO:fitter.py:     hitres_pix_x_q2: μ=0 σ=1[0m
[38;21mINFO:fitter.py:     hitres_pix_x_q3: μ=0 σ=1[0m
[38;21mINFO:fitter.py:     hitres_pix_y_q0: μ=0 σ=1[0m
[38;21mINFO:fitter.py:     hitres_pix_y_q1: μ=0 σ=1[0m
[38;21mINFO:fitter.py:     hitres_pix_y_q2: μ=0 σ=1[0m
[38;21mINFO:fitter.py:     hitres_pix_y_q3: μ=0 σ=1[0m
[38;21mINFO:fitter.py:     hitres_str_N1_lo: μ=0 σ=1[0m
[38;21mINFO:fitter.py:     hitres_str_N1_hi: μ=0 σ=1[0m
[38;21mINFO:fitter.py:     hitres_str_N2_lo: μ=0 σ=1[0m
[38;21mINFO:fitter.py:     hitres_str_N2_hi: μ=0 σ=1[0m
[38;21mINFO:fitter.py:     hitres_str_N3_lo: μ=0 σ=1[0m
[38;21mINFO:fitter.py:     hitres_str_N3_hi: μ=0 σ=1[0m
[38;21mINFO:fitter.py:     hitres_str_N4_lo: μ=0 σ=1[0m
[38;21mINFO:fitter.py:     hitres_str_N4_hi: μ=0 σ=1[0m
[38;21mINFO:fitter.py:     hitres_str_N5_lo: μ=0 σ=1[0m
[38;21mINFO:fitter.py:     hitres_str_N5_hi: μ=0 σ=1[0m
[38;21mINFO:fitter.py: unbinned term 'bsx': 8000 candidates in 1 chunk(s) of 8000, graph loop[0m
[38;21mINFO:fitter.py: unbinned term 'bsy': 8000 candidates in 1 chunk(s) of 8000, graph loop[0m
[38;21mINFO:fitter.py: 2 unbinned term(s): the Hessian is assembled from Hessian-vector products rather than from the vectorised jacobian, and the HVP is revrev.[0m
[38;21mINFO:fitter.py: Perform iterative fit[0m
[38;21mINFO:fitter.py: [minimize] method=trust-krylov options={}[0m
/opt/venv/lib/python3.13/site-packages/scipy/optimize/_trustregion.py:54: RuntimeWarning: overflow encountered in dot
  return self.fun + np.dot(self.jac, p) + 0.5 * np.dot(p, self.hessp(p))
[38;21mINFO:rabbit_fit.py: profile beta[0m
[38;21mINFO:rabbit_fit.py: edmval: 1.864692014329097e-10[0m
[38;21mINFO:rabbit_fit.py: Unbinned likelihood terms contribute -69237.239430 to the NLL; the saturated chi2 below is for the binned likelihood only[0m
[38;21mINFO:rabbit_fit.py: Saturated chi2:[0m
[38;21mINFO:rabbit_fit.py:     ndof: -59[0m
[38;21mINFO:rabbit_fit.py:     2*deltaNLL: 28.16[0m
[38;21mINFO:rabbit_fit.py:     p-value: nan%[0m
/work/submit/david_w/WRemnants_dev/wums/wums/ioutils.py:160: FutureWarning: .metadata was not set, returning None instead of Attribute error, boost-histogram 1.7+ will error.
  metadata = obj.metadata if hasattr(obj, "metadata") else None
Results written in file /ceph/submit/data/user/d/david_w/ZMass/cvh/runs_vtxres_260911/beamline/runs/fits/bs_gaussq/fitresults.hdf5
[38;21mINFO:rabbit_fit.py: 372.24 seconds total time[0m
=== fit vtx_cf
param models: --paramModel UnbinnedParams
WARNING: All log messages before absl::InitializeLog() is called are written to STDERR
I0000 00:00:1789253751.989061 1065815 port.cc:153] oneDNN custom operations are on. You may see slightly different numerical results due to floating-point round-off errors from different computation orders. To turn them off, set the environment variable `TF_ENABLE_ONEDNN_OPTS=0`.
WARNING: All log messages before absl::InitializeLog() is called are written to STDERR
I0000 00:00:1789253756.207534 1065815 port.cc:153] oneDNN custom operations are on. You may see slightly different numerical results due to floating-point round-off errors from different computation orders. To turn them off, set the environment variable `TF_ENABLE_ONEDNN_OPTS=0`.
E0000 00:00:1789253761.400848 1065815 cuda_platform.cc:52] failed call to cuInit: INTERNAL: CUDA error: Failed call to cuInit: UNKNOWN ERROR (303)
calib_dummy {'axes': [Integer(0, 1, underflow=False, overflow=False, name='bin')], 'masked': False, 'flow': False, 'start': 0, 'stop': 1}
[38;21mINFO:unbinned.py: Loaded unbinned term 'vtx' (kind MaterialCF, channel jpsi): 8000 candidates, 1 chunk(s) of 8000, parameters ['material_other', 'material_beampipe', 'material_bpix_active_L1', 'material_bpix_active_L2', 'material_bpix_active_L3', 'material_bpix_services', 'material_bpix_support6', 'material_bpix_support7', 'material_fpix_active_D1', 'material_fpix_active_D2', 'material_fpix_support', 'material_tib_active_L1', 'material_tib_active_L2', 'material_tib_active_L3', 'material_tib_active_L4', 'material_tibtid_services', 'material_tib_support', 'material_tid_active_R1', 'material_tid_active_R2', 'material_tid_active_R3', 'material_tid_support', 'material_tob_active_L1', 'material_tob_active_L2', 'material_tob_active_L3', 'material_tob_active_L4', 'material_tob_active_L5', 'material_tob_active_L6', 'material_tob_services', 'material_tob_support', 'material_tec_active_R1', 'material_tec_active_R2', 'material_tec_active_R3', 'material_tec_active_R4', 'material_tec_active_R5', 'material_tec_active_R6', 'material_tec_active_R7', 'material_tec_services', 'material_tec_structure', 'material_thermal_screen', 'material_support_tube', 'material_pp1_cables', 'material_pixel_patch', 'hitres_pix_x_q0', 'hitres_pix_x_q1', 'hitres_pix_x_q2', 'hitres_pix_x_q3', 'hitres_pix_y_q0', 'hitres_pix_y_q1', 'hitres_pix_y_q2', 'hitres_pix_y_q3', 'hitres_str_N1_lo', 'hitres_str_N1_hi', 'hitres_str_N2_lo', 'hitres_str_N2_hi', 'hitres_str_N3_lo', 'hitres_str_N3_hi', 'hitres_str_N4_lo', 'hitres_str_N4_hi', 'hitres_str_N5_lo', 'hitres_str_N5_hi'][0m
[38;21mINFO:unbinned_params.py: UnbinnedParams: 60 POI(s) ['material_other', 'material_beampipe', 'material_bpix_active_L1', 'material_bpix_active_L2', 'material_bpix_active_L3', 'material_bpix_services', 'material_bpix_support6', 'material_bpix_support7', 'material_fpix_active_D1', 'material_fpix_active_D2', 'material_fpix_support', 'material_tib_active_L1', 'material_tib_active_L2', 'material_tib_active_L3', 'material_tib_active_L4', 'material_tibtid_services', 'material_tib_support', 'material_tid_active_R1', 'material_tid_active_R2', 'material_tid_active_R3', 'material_tid_support', 'material_tob_active_L1', 'material_tob_active_L2', 'material_tob_active_L3', 'material_tob_active_L4', 'material_tob_active_L5', 'material_tob_active_L6', 'material_tob_services', 'material_tob_support', 'material_tec_active_R1', 'material_tec_active_R2', 'material_tec_active_R3', 'material_tec_active_R4', 'material_tec_active_R5', 'material_tec_active_R6', 'material_tec_active_R7', 'material_tec_services', 'material_tec_structure', 'material_thermal_screen', 'material_support_tube', 'material_pp1_cables', 'material_pixel_patch', 'hitres_pix_x_q0', 'hitres_pix_x_q1', 'hitres_pix_x_q2', 'hitres_pix_x_q3', 'hitres_pix_y_q0', 'hitres_pix_y_q1', 'hitres_pix_y_q2', 'hitres_pix_y_q3', 'hitres_str_N1_lo', 'hitres_str_N1_hi', 'hitres_str_N2_lo', 'hitres_str_N2_hi', 'hitres_str_N3_lo', 'hitres_str_N3_hi', 'hitres_str_N4_lo', 'hitres_str_N4_hi', 'hitres_str_N5_lo', 'hitres_str_N5_hi'], 0 nuisance(s) [], 60 with a Gaussian prior[0m
[38;21mINFO:fitter.py: Unblinding 60 parameters: ['material_other', 'material_beampipe', 'material_bpix_active_L1', 'material_bpix_active_L2', 'material_bpix_active_L3', 'material_bpix_services', 'material_bpix_support6', 'material_bpix_support7', 'material_fpix_active_D1', 'material_fpix_active_D2', 'material_fpix_support', 'material_tib_active_L1', 'material_tib_active_L2', 'material_tib_active_L3', 'material_tib_active_L4', 'material_tibtid_services', 'material_tib_support', 'material_tid_active_R1', 'material_tid_active_R2', 'material_tid_active_R3', 'material_tid_support', 'material_tob_active_L1', 'material_tob_active_L2', 'material_tob_active_L3', 'material_tob_active_L4', 'material_tob_active_L5', 'material_tob_active_L6', 'material_tob_services', 'material_tob_support', 'material_tec_active_R1', 'material_tec_active_R2', 'material_tec_active_R3', 'material_tec_active_R4', 'material_tec_active_R5', 'material_tec_active_R6', 'material_tec_active_R7', 'material_tec_services', 'material_tec_structure', 'material_thermal_screen', 'material_support_tube', 'material_pp1_cables', 'material_pixel_patch', 'hitres_pix_x_q0', 'hitres_pix_x_q1', 'hitres_pix_x_q2', 'hitres_pix_x_q3', 'hitres_pix_y_q0', 'hitres_pix_y_q1', 'hitres_pix_y_q2', 'hitres_pix_y_q3', 'hitres_str_N1_lo', 'hitres_str_N1_hi', 'hitres_str_N2_lo', 'hitres_str_N2_hi', 'hitres_str_N3_lo', 'hitres_str_N3_hi', 'hitres_str_N4_lo', 'hitres_str_N4_hi', 'hitres_str_N5_lo', 'hitres_str_N5_hi'][0m
[38;21mINFO:fitter.py: [paramPriors] applying Gaussian priors to 60/60 ParamModel params:[0m
[38;21mINFO:fitter.py:     material_other: μ=0 σ=0.04[0m
[38;21mINFO:fitter.py:     material_beampipe: μ=0 σ=0.0001[0m
[38;21mINFO:fitter.py:     material_bpix_active_L1: μ=0 σ=0.0004[0m
[38;21mINFO:fitter.py:     material_bpix_active_L2: μ=0 σ=0.0004[0m
[38;21mINFO:fitter.py:     material_bpix_active_L3: μ=0 σ=0.0004[0m
[38;21mINFO:fitter.py:     material_bpix_services: μ=0 σ=0.01[0m
[38;21mINFO:fitter.py:     material_bpix_support6: μ=0 σ=0.0025[0m
[38;21mINFO:fitter.py:     material_bpix_support7: μ=0 σ=0.01[0m
[38;21mINFO:fitter.py:     material_fpix_active_D1: μ=0 σ=0.0004[0m
[38;21mINFO:fitter.py:     material_fpix_active_D2: μ=0 σ=0.0004[0m
[38;21mINFO:fitter.py:     material_fpix_support: μ=0 σ=0.0025[0m
[38;21mINFO:fitter.py:     material_tib_active_L1: μ=0 σ=0.0004[0m
[38;21mINFO:fitter.py:     material_tib_active_L2: μ=0 σ=0.0004[0m
[38;21mINFO:fitter.py:     material_tib_active_L3: μ=0 σ=0.0004[0m
[38;21mINFO:fitter.py:     material_tib_active_L4: μ=0 σ=0.0004[0m
[38;21mINFO:fitter.py:     material_tibtid_services: μ=0 σ=0.01[0m
[38;21mINFO:fitter.py:     material_tib_support: μ=0 σ=0.0025[0m
[38;21mINFO:fitter.py:     material_tid_active_R1: μ=0 σ=0.0004[0m
[38;21mINFO:fitter.py:     material_tid_active_R2: μ=0 σ=0.0004[0m
[38;21mINFO:fitter.py:     material_tid_active_R3: μ=0 σ=0.0004[0m
[38;21mINFO:fitter.py:     material_tid_support: μ=0 σ=0.0025[0m
[38;21mINFO:fitter.py:     material_tob_active_L1: μ=0 σ=0.0004[0m
[38;21mINFO:fitter.py:     material_tob_active_L2: μ=0 σ=0.0004[0m
[38;21mINFO:fitter.py:     material_tob_active_L3: μ=0 σ=0.0004[0m
[38;21mINFO:fitter.py:     material_tob_active_L4: μ=0 σ=0.0004[0m
[38;21mINFO:fitter.py:     material_tob_active_L5: μ=0 σ=0.0004[0m
[38;21mINFO:fitter.py:     material_tob_active_L6: μ=0 σ=0.0004[0m
[38;21mINFO:fitter.py:     material_tob_services: μ=0 σ=0.01[0m
[38;21mINFO:fitter.py:     material_tob_support: μ=0 σ=0.0025[0m
[38;21mINFO:fitter.py:     material_tec_active_R1: μ=0 σ=0.0004[0m
[38;21mINFO:fitter.py:     material_tec_active_R2: μ=0 σ=0.0004[0m
[38;21mINFO:fitter.py:     material_tec_active_R3: μ=0 σ=0.0004[0m
[38;21mINFO:fitter.py:     material_tec_active_R4: μ=0 σ=0.0004[0m
[38;21mINFO:fitter.py:     material_tec_active_R5: μ=0 σ=0.0004[0m
[38;21mINFO:fitter.py:     material_tec_active_R6: μ=0 σ=0.0004[0m
[38;21mINFO:fitter.py:     material_tec_active_R7: μ=0 σ=0.0004[0m
[38;21mINFO:fitter.py:     material_tec_services: μ=0 σ=0.01[0m
[38;21mINFO:fitter.py:     material_tec_structure: μ=0 σ=0.0025[0m
[38;21mINFO:fitter.py:     material_thermal_screen: μ=0 σ=0.0025[0m
[38;21mINFO:fitter.py:     material_support_tube: μ=0 σ=0.0025[0m
[38;21mINFO:fitter.py:     material_pp1_cables: μ=0 σ=0.01[0m
[38;21mINFO:fitter.py:     material_pixel_patch: μ=0 σ=0.01[0m
[38;21mINFO:fitter.py:     hitres_pix_x_q0: μ=0 σ=1[0m
[38;21mINFO:fitter.py:     hitres_pix_x_q1: μ=0 σ=1[0m
[38;21mINFO:fitter.py:     hitres_pix_x_q2: μ=0 σ=1[0m
[38;21mINFO:fitter.py:     hitres_pix_x_q3: μ=0 σ=1[0m
[38;21mINFO:fitter.py:     hitres_pix_y_q0: μ=0 σ=1[0m
[38;21mINFO:fitter.py:     hitres_pix_y_q1: μ=0 σ=1[0m
[38;21mINFO:fitter.py:     hitres_pix_y_q2: μ=0 σ=1[0m
[38;21mINFO:fitter.py:     hitres_pix_y_q3: μ=0 σ=1[0m
[38;21mINFO:fitter.py:     hitres_str_N1_lo: μ=0 σ=1[0m
[38;21mINFO:fitter.py:     hitres_str_N1_hi: μ=0 σ=1[0m
[38;21mINFO:fitter.py:     hitres_str_N2_lo: μ=0 σ=1[0m
[38;21mINFO:fitter.py:     hitres_str_N2_hi: μ=0 σ=1[0m
[38;21mINFO:fitter.py:     hitres_str_N3_lo: μ=0 σ=1[0m
[38;21mINFO:fitter.py:     hitres_str_N3_hi: μ=0 σ=1[0m
[38;21mINFO:fitter.py:     hitres_str_N4_lo: μ=0 σ=1[0m
[38;21mINFO:fitter.py:     hitres_str_N4_hi: μ=0 σ=1[0m
[38;21mINFO:fitter.py:     hitres_str_N5_lo: μ=0 σ=1[0m
[38;21mINFO:fitter.py:     hitres_str_N5_hi: μ=0 σ=1[0m
[38;21mINFO:fitter.py: unbinned term 'vtx': 8000 candidates in 1 chunk(s) of 8000, graph loop[0m
[38;21mINFO:fitter.py: 1 unbinned term(s): the Hessian is assembled from Hessian-vector products rather than from the vectorised jacobian, and the HVP is revrev.[0m
[38;21mINFO:fitter.py: Perform iterative fit[0m
[38;21mINFO:fitter.py: [minimize] method=trust-krylov options={}[0m
[38;21mINFO:rabbit_fit.py: profile beta[0m
[38;21mINFO:rabbit_fit.py: edmval: 1.9527070235867607e-13[0m
[38;21mINFO:rabbit_fit.py: Unbinned likelihood terms contribute -35886.419953 to the NLL; the saturated chi2 below is for the binned likelihood only[0m
[38;21mINFO:rabbit_fit.py: Saturated chi2:[0m
[38;21mINFO:rabbit_fit.py:     ndof: -59[0m
[38;21mINFO:rabbit_fit.py:     2*deltaNLL: 6.41[0m
[38;21mINFO:rabbit_fit.py:     p-value: nan%[0m
/work/submit/david_w/WRemnants_dev/wums/wums/ioutils.py:160: FutureWarning: .metadata was not set, returning None instead of Attribute error, boost-histogram 1.7+ will error.
  metadata = obj.metadata if hasattr(obj, "metadata") else None
Results written in file /ceph/submit/data/user/d/david_w/ZMass/cvh/runs_vtxres_260911/beamline/runs/fits/vtx_cf/fitresults.hdf5
[38;21mINFO:rabbit_fit.py: 228.17 seconds total time[0m
=== fit mass_cf
param models: --paramModel UnbinnedParams
WARNING: All log messages before absl::InitializeLog() is called are written to STDERR
I0000 00:00:1789253992.408847 1075851 port.cc:153] oneDNN custom operations are on. You may see slightly different numerical results due to floating-point round-off errors from different computation orders. To turn them off, set the environment variable `TF_ENABLE_ONEDNN_OPTS=0`.
WARNING: All log messages before absl::InitializeLog() is called are written to STDERR
I0000 00:00:1789253996.910233 1075851 port.cc:153] oneDNN custom operations are on. You may see slightly different numerical results due to floating-point round-off errors from different computation orders. To turn them off, set the environment variable `TF_ENABLE_ONEDNN_OPTS=0`.
E0000 00:00:1789254002.482882 1075851 cuda_platform.cc:52] failed call to cuInit: INTERNAL: CUDA error: Failed call to cuInit: UNKNOWN ERROR (303)
calib_dummy {'axes': [Integer(0, 1, underflow=False, overflow=False, name='bin')], 'masked': False, 'flow': False, 'start': 0, 'stop': 1}
[38;21mINFO:unbinned.py: Loaded unbinned term 'mass' (kind MaterialCF, channel jpsi): 7906 candidates, 1 chunk(s) of 7906, parameters ['material_other', 'material_beampipe', 'material_bpix_active_L1', 'material_bpix_active_L2', 'material_bpix_active_L3', 'material_bpix_services', 'material_bpix_support6', 'material_bpix_support7', 'material_fpix_active_D1', 'material_fpix_active_D2', 'material_fpix_support', 'material_tib_active_L1', 'material_tib_active_L2', 'material_tib_active_L3', 'material_tib_active_L4', 'material_tibtid_services', 'material_tib_support', 'material_tid_active_R1', 'material_tid_active_R2', 'material_tid_active_R3', 'material_tid_support', 'material_tob_active_L1', 'material_tob_active_L2', 'material_tob_active_L3', 'material_tob_active_L4', 'material_tob_active_L5', 'material_tob_active_L6', 'material_tob_services', 'material_tob_support', 'material_tec_active_R1', 'material_tec_active_R2', 'material_tec_active_R3', 'material_tec_active_R4', 'material_tec_active_R5', 'material_tec_active_R6', 'material_tec_active_R7', 'material_tec_services', 'material_tec_structure', 'material_thermal_screen', 'material_support_tube', 'material_pp1_cables', 'material_pixel_patch', 'hitres_pix_x_q0', 'hitres_pix_x_q1', 'hitres_pix_x_q2', 'hitres_pix_x_q3', 'hitres_pix_y_q0', 'hitres_pix_y_q1', 'hitres_pix_y_q2', 'hitres_pix_y_q3', 'hitres_str_N1_lo', 'hitres_str_N1_hi', 'hitres_str_N2_lo', 'hitres_str_N2_hi', 'hitres_str_N3_lo', 'hitres_str_N3_hi', 'hitres_str_N4_lo', 'hitres_str_N4_hi', 'hitres_str_N5_lo', 'hitres_str_N5_hi'][0m
[38;21mINFO:unbinned_params.py: UnbinnedParams: 60 POI(s) ['material_other', 'material_beampipe', 'material_bpix_active_L1', 'material_bpix_active_L2', 'material_bpix_active_L3', 'material_bpix_services', 'material_bpix_support6', 'material_bpix_support7', 'material_fpix_active_D1', 'material_fpix_active_D2', 'material_fpix_support', 'material_tib_active_L1', 'material_tib_active_L2', 'material_tib_active_L3', 'material_tib_active_L4', 'material_tibtid_services', 'material_tib_support', 'material_tid_active_R1', 'material_tid_active_R2', 'material_tid_active_R3', 'material_tid_support', 'material_tob_active_L1', 'material_tob_active_L2', 'material_tob_active_L3', 'material_tob_active_L4', 'material_tob_active_L5', 'material_tob_active_L6', 'material_tob_services', 'material_tob_support', 'material_tec_active_R1', 'material_tec_active_R2', 'material_tec_active_R3', 'material_tec_active_R4', 'material_tec_active_R5', 'material_tec_active_R6', 'material_tec_active_R7', 'material_tec_services', 'material_tec_structure', 'material_thermal_screen', 'material_support_tube', 'material_pp1_cables', 'material_pixel_patch', 'hitres_pix_x_q0', 'hitres_pix_x_q1', 'hitres_pix_x_q2', 'hitres_pix_x_q3', 'hitres_pix_y_q0', 'hitres_pix_y_q1', 'hitres_pix_y_q2', 'hitres_pix_y_q3', 'hitres_str_N1_lo', 'hitres_str_N1_hi', 'hitres_str_N2_lo', 'hitres_str_N2_hi', 'hitres_str_N3_lo', 'hitres_str_N3_hi', 'hitres_str_N4_lo', 'hitres_str_N4_hi', 'hitres_str_N5_lo', 'hitres_str_N5_hi'], 0 nuisance(s) [], 60 with a Gaussian prior[0m
[38;21mINFO:fitter.py: Unblinding 60 parameters: ['material_other', 'material_beampipe', 'material_bpix_active_L1', 'material_bpix_active_L2', 'material_bpix_active_L3', 'material_bpix_services', 'material_bpix_support6', 'material_bpix_support7', 'material_fpix_active_D1', 'material_fpix_active_D2', 'material_fpix_support', 'material_tib_active_L1', 'material_tib_active_L2', 'material_tib_active_L3', 'material_tib_active_L4', 'material_tibtid_services', 'material_tib_support', 'material_tid_active_R1', 'material_tid_active_R2', 'material_tid_active_R3', 'material_tid_support', 'material_tob_active_L1', 'material_tob_active_L2', 'material_tob_active_L3', 'material_tob_active_L4', 'material_tob_active_L5', 'material_tob_active_L6', 'material_tob_services', 'material_tob_support', 'material_tec_active_R1', 'material_tec_active_R2', 'material_tec_active_R3', 'material_tec_active_R4', 'material_tec_active_R5', 'material_tec_active_R6', 'material_tec_active_R7', 'material_tec_services', 'material_tec_structure', 'material_thermal_screen', 'material_support_tube', 'material_pp1_cables', 'material_pixel_patch', 'hitres_pix_x_q0', 'hitres_pix_x_q1', 'hitres_pix_x_q2', 'hitres_pix_x_q3', 'hitres_pix_y_q0', 'hitres_pix_y_q1', 'hitres_pix_y_q2', 'hitres_pix_y_q3', 'hitres_str_N1_lo', 'hitres_str_N1_hi', 'hitres_str_N2_lo', 'hitres_str_N2_hi', 'hitres_str_N3_lo', 'hitres_str_N3_hi', 'hitres_str_N4_lo', 'hitres_str_N4_hi', 'hitres_str_N5_lo', 'hitres_str_N5_hi'][0m
[38;21mINFO:fitter.py: [paramPriors] applying Gaussian priors to 60/60 ParamModel params:[0m
[38;21mINFO:fitter.py:     material_other: μ=0 σ=0.04[0m
[38;21mINFO:fitter.py:     material_beampipe: μ=0 σ=0.0001[0m
[38;21mINFO:fitter.py:     material_bpix_active_L1: μ=0 σ=0.0004[0m
[38;21mINFO:fitter.py:     material_bpix_active_L2: μ=0 σ=0.0004[0m
[38;21mINFO:fitter.py:     material_bpix_active_L3: μ=0 σ=0.0004[0m
[38;21mINFO:fitter.py:     material_bpix_services: μ=0 σ=0.01[0m
[38;21mINFO:fitter.py:     material_bpix_support6: μ=0 σ=0.0025[0m
[38;21mINFO:fitter.py:     material_bpix_support7: μ=0 σ=0.01[0m
[38;21mINFO:fitter.py:     material_fpix_active_D1: μ=0 σ=0.0004[0m
[38;21mINFO:fitter.py:     material_fpix_active_D2: μ=0 σ=0.0004[0m
[38;21mINFO:fitter.py:     material_fpix_support: μ=0 σ=0.0025[0m
[38;21mINFO:fitter.py:     material_tib_active_L1: μ=0 σ=0.0004[0m
[38;21mINFO:fitter.py:     material_tib_active_L2: μ=0 σ=0.0004[0m
[38;21mINFO:fitter.py:     material_tib_active_L3: μ=0 σ=0.0004[0m
[38;21mINFO:fitter.py:     material_tib_active_L4: μ=0 σ=0.0004[0m
[38;21mINFO:fitter.py:     material_tibtid_services: μ=0 σ=0.01[0m
[38;21mINFO:fitter.py:     material_tib_support: μ=0 σ=0.0025[0m
[38;21mINFO:fitter.py:     material_tid_active_R1: μ=0 σ=0.0004[0m
[38;21mINFO:fitter.py:     material_tid_active_R2: μ=0 σ=0.0004[0m
[38;21mINFO:fitter.py:     material_tid_active_R3: μ=0 σ=0.0004[0m
[38;21mINFO:fitter.py:     material_tid_support: μ=0 σ=0.0025[0m
[38;21mINFO:fitter.py:     material_tob_active_L1: μ=0 σ=0.0004[0m
[38;21mINFO:fitter.py:     material_tob_active_L2: μ=0 σ=0.0004[0m
[38;21mINFO:fitter.py:     material_tob_active_L3: μ=0 σ=0.0004[0m
[38;21mINFO:fitter.py:     material_tob_active_L4: μ=0 σ=0.0004[0m
[38;21mINFO:fitter.py:     material_tob_active_L5: μ=0 σ=0.0004[0m
[38;21mINFO:fitter.py:     material_tob_active_L6: μ=0 σ=0.0004[0m
[38;21mINFO:fitter.py:     material_tob_services: μ=0 σ=0.01[0m
[38;21mINFO:fitter.py:     material_tob_support: μ=0 σ=0.0025[0m
[38;21mINFO:fitter.py:     material_tec_active_R1: μ=0 σ=0.0004[0m
[38;21mINFO:fitter.py:     material_tec_active_R2: μ=0 σ=0.0004[0m
[38;21mINFO:fitter.py:     material_tec_active_R3: μ=0 σ=0.0004[0m
[38;21mINFO:fitter.py:     material_tec_active_R4: μ=0 σ=0.0004[0m
[38;21mINFO:fitter.py:     material_tec_active_R5: μ=0 σ=0.0004[0m
[38;21mINFO:fitter.py:     material_tec_active_R6: μ=0 σ=0.0004[0m
[38;21mINFO:fitter.py:     material_tec_active_R7: μ=0 σ=0.0004[0m
[38;21mINFO:fitter.py:     material_tec_services: μ=0 σ=0.01[0m
[38;21mINFO:fitter.py:     material_tec_structure: μ=0 σ=0.0025[0m
[38;21mINFO:fitter.py:     material_thermal_screen: μ=0 σ=0.0025[0m
[38;21mINFO:fitter.py:     material_support_tube: μ=0 σ=0.0025[0m
[38;21mINFO:fitter.py:     material_pp1_cables: μ=0 σ=0.01[0m
[38;21mINFO:fitter.py:     material_pixel_patch: μ=0 σ=0.01[0m
[38;21mINFO:fitter.py:     hitres_pix_x_q0: μ=0 σ=1[0m
[38;21mINFO:fitter.py:     hitres_pix_x_q1: μ=0 σ=1[0m
[38;21mINFO:fitter.py:     hitres_pix_x_q2: μ=0 σ=1[0m
[38;21mINFO:fitter.py:     hitres_pix_x_q3: μ=0 σ=1[0m
[38;21mINFO:fitter.py:     hitres_pix_y_q0: μ=0 σ=1[0m
[38;21mINFO:fitter.py:     hitres_pix_y_q1: μ=0 σ=1[0m
[38;21mINFO:fitter.py:     hitres_pix_y_q2: μ=0 σ=1[0m
[38;21mINFO:fitter.py:     hitres_pix_y_q3: μ=0 σ=1[0m
[38;21mINFO:fitter.py:     hitres_str_N1_lo: μ=0 σ=1[0m
[38;21mINFO:fitter.py:     hitres_str_N1_hi: μ=0 σ=1[0m
[38;21mINFO:fitter.py:     hitres_str_N2_lo: μ=0 σ=1[0m
[38;21mINFO:fitter.py:     hitres_str_N2_hi: μ=0 σ=1[0m
[38;21mINFO:fitter.py:     hitres_str_N3_lo: μ=0 σ=1[0m
[38;21mINFO:fitter.py:     hitres_str_N3_hi: μ=0 σ=1[0m
[38;21mINFO:fitter.py:     hitres_str_N4_lo: μ=0 σ=1[0m
[38;21mINFO:fitter.py:     hitres_str_N4_hi: μ=0 σ=1[0m
[38;21mINFO:fitter.py:     hitres_str_N5_lo: μ=0 σ=1[0m
[38;21mINFO:fitter.py:     hitres_str_N5_hi: μ=0 σ=1[0m
[38;21mINFO:fitter.py: unbinned term 'mass': 7906 candidates in 1 chunk(s) of 7906, graph loop[0m
[38;21mINFO:fitter.py: 1 unbinned term(s): the Hessian is assembled from Hessian-vector products rather than from the vectorised jacobian, and the HVP is revrev.[0m
[38;21mINFO:fitter.py: Perform iterative fit[0m
[38;21mINFO:fitter.py: [minimize] method=trust-krylov options={}[0m
[38;21mINFO:rabbit_fit.py: profile beta[0m
[38;21mINFO:rabbit_fit.py: edmval: 6.101682304025407e-19[0m
[38;21mINFO:rabbit_fit.py: Unbinned likelihood terms contribute 23259.242647 to the NLL; the saturated chi2 below is for the binned likelihood only[0m
[38;21mINFO:rabbit_fit.py: Saturated chi2:[0m
[38;21mINFO:rabbit_fit.py:     ndof: -59[0m
[38;21mINFO:rabbit_fit.py:     2*deltaNLL: 0.57[0m
[38;21mINFO:rabbit_fit.py:     p-value: nan%[0m
/work/submit/david_w/WRemnants_dev/wums/wums/ioutils.py:160: FutureWarning: .metadata was not set, returning None instead of Attribute error, boost-histogram 1.7+ will error.
  metadata = obj.metadata if hasattr(obj, "metadata") else None
Results written in file /ceph/submit/data/user/d/david_w/ZMass/cvh/runs_vtxres_260911/beamline/runs/fits/mass_cf/fitresults.hdf5
[38;21mINFO:rabbit_fit.py: 99.86 seconds total time[0m
=== fit vtxbs_cf
param models: --paramModel UnbinnedParams
WARNING: All log messages before absl::InitializeLog() is called are written to STDERR
I0000 00:00:1789254104.816605 1081929 port.cc:153] oneDNN custom operations are on. You may see slightly different numerical results due to floating-point round-off errors from different computation orders. To turn them off, set the environment variable `TF_ENABLE_ONEDNN_OPTS=0`.
WARNING: All log messages before absl::InitializeLog() is called are written to STDERR
I0000 00:00:1789254109.285185 1081929 port.cc:153] oneDNN custom operations are on. You may see slightly different numerical results due to floating-point round-off errors from different computation orders. To turn them off, set the environment variable `TF_ENABLE_ONEDNN_OPTS=0`.
E0000 00:00:1789254114.855199 1081929 cuda_platform.cc:52] failed call to cuInit: INTERNAL: CUDA error: Failed call to cuInit: UNKNOWN ERROR (303)
calib_dummy {'axes': [Integer(0, 1, underflow=False, overflow=False, name='bin')], 'masked': False, 'flow': False, 'start': 0, 'stop': 1}
[38;21mINFO:unbinned.py: Loaded unbinned term 'bsx' (kind MaterialCF, channel jpsi): 8000 candidates, 1 chunk(s) of 8000, parameters ['material_other', 'material_beampipe', 'material_bpix_active_L1', 'material_bpix_active_L2', 'material_bpix_active_L3', 'material_bpix_services', 'material_bpix_support6', 'material_bpix_support7', 'material_fpix_active_D1', 'material_fpix_active_D2', 'material_fpix_support', 'material_tib_active_L1', 'material_tib_active_L2', 'material_tib_active_L3', 'material_tib_active_L4', 'material_tibtid_services', 'material_tib_support', 'material_tid_active_R1', 'material_tid_active_R2', 'material_tid_active_R3', 'material_tid_support', 'material_tob_active_L1', 'material_tob_active_L2', 'material_tob_active_L3', 'material_tob_active_L4', 'material_tob_active_L5', 'material_tob_active_L6', 'material_tob_services', 'material_tob_support', 'material_tec_active_R1', 'material_tec_active_R2', 'material_tec_active_R3', 'material_tec_active_R4', 'material_tec_active_R5', 'material_tec_active_R6', 'material_tec_active_R7', 'material_tec_services', 'material_tec_structure', 'material_thermal_screen', 'material_support_tube', 'material_pp1_cables', 'material_pixel_patch', 'hitres_pix_x_q0', 'hitres_pix_x_q1', 'hitres_pix_x_q2', 'hitres_pix_x_q3', 'hitres_pix_y_q0', 'hitres_pix_y_q1', 'hitres_pix_y_q2', 'hitres_pix_y_q3', 'hitres_str_N1_lo', 'hitres_str_N1_hi', 'hitres_str_N2_lo', 'hitres_str_N2_hi', 'hitres_str_N3_lo', 'hitres_str_N3_hi', 'hitres_str_N4_lo', 'hitres_str_N4_hi', 'hitres_str_N5_lo', 'hitres_str_N5_hi'][0m
[38;21mINFO:unbinned.py: Loaded unbinned term 'bsy' (kind MaterialCF, channel jpsi): 8000 candidates, 1 chunk(s) of 8000, parameters ['material_other', 'material_beampipe', 'material_bpix_active_L1', 'material_bpix_active_L2', 'material_bpix_active_L3', 'material_bpix_services', 'material_bpix_support6', 'material_bpix_support7', 'material_fpix_active_D1', 'material_fpix_active_D2', 'material_fpix_support', 'material_tib_active_L1', 'material_tib_active_L2', 'material_tib_active_L3', 'material_tib_active_L4', 'material_tibtid_services', 'material_tib_support', 'material_tid_active_R1', 'material_tid_active_R2', 'material_tid_active_R3', 'material_tid_support', 'material_tob_active_L1', 'material_tob_active_L2', 'material_tob_active_L3', 'material_tob_active_L4', 'material_tob_active_L5', 'material_tob_active_L6', 'material_tob_services', 'material_tob_support', 'material_tec_active_R1', 'material_tec_active_R2', 'material_tec_active_R3', 'material_tec_active_R4', 'material_tec_active_R5', 'material_tec_active_R6', 'material_tec_active_R7', 'material_tec_services', 'material_tec_structure', 'material_thermal_screen', 'material_support_tube', 'material_pp1_cables', 'material_pixel_patch', 'hitres_pix_x_q0', 'hitres_pix_x_q1', 'hitres_pix_x_q2', 'hitres_pix_x_q3', 'hitres_pix_y_q0', 'hitres_pix_y_q1', 'hitres_pix_y_q2', 'hitres_pix_y_q3', 'hitres_str_N1_lo', 'hitres_str_N1_hi', 'hitres_str_N2_lo', 'hitres_str_N2_hi', 'hitres_str_N3_lo', 'hitres_str_N3_hi', 'hitres_str_N4_lo', 'hitres_str_N4_hi', 'hitres_str_N5_lo', 'hitres_str_N5_hi'][0m
[38;21mINFO:unbinned.py: Loaded unbinned term 'vtx' (kind MaterialCF, channel jpsi): 8000 candidates, 1 chunk(s) of 8000, parameters ['material_other', 'material_beampipe', 'material_bpix_active_L1', 'material_bpix_active_L2', 'material_bpix_active_L3', 'material_bpix_services', 'material_bpix_support6', 'material_bpix_support7', 'material_fpix_active_D1', 'material_fpix_active_D2', 'material_fpix_support', 'material_tib_active_L1', 'material_tib_active_L2', 'material_tib_active_L3', 'material_tib_active_L4', 'material_tibtid_services', 'material_tib_support', 'material_tid_active_R1', 'material_tid_active_R2', 'material_tid_active_R3', 'material_tid_support', 'material_tob_active_L1', 'material_tob_active_L2', 'material_tob_active_L3', 'material_tob_active_L4', 'material_tob_active_L5', 'material_tob_active_L6', 'material_tob_services', 'material_tob_support', 'material_tec_active_R1', 'material_tec_active_R2', 'material_tec_active_R3', 'material_tec_active_R4', 'material_tec_active_R5', 'material_tec_active_R6', 'material_tec_active_R7', 'material_tec_services', 'material_tec_structure', 'material_thermal_screen', 'material_support_tube', 'material_pp1_cables', 'material_pixel_patch', 'hitres_pix_x_q0', 'hitres_pix_x_q1', 'hitres_pix_x_q2', 'hitres_pix_x_q3', 'hitres_pix_y_q0', 'hitres_pix_y_q1', 'hitres_pix_y_q2', 'hitres_pix_y_q3', 'hitres_str_N1_lo', 'hitres_str_N1_hi', 'hitres_str_N2_lo', 'hitres_str_N2_hi', 'hitres_str_N3_lo', 'hitres_str_N3_hi', 'hitres_str_N4_lo', 'hitres_str_N4_hi', 'hitres_str_N5_lo', 'hitres_str_N5_hi'][0m
[38;21mINFO:unbinned_params.py: UnbinnedParams: 60 POI(s) ['material_other', 'material_beampipe', 'material_bpix_active_L1', 'material_bpix_active_L2', 'material_bpix_active_L3', 'material_bpix_services', 'material_bpix_support6', 'material_bpix_support7', 'material_fpix_active_D1', 'material_fpix_active_D2', 'material_fpix_support', 'material_tib_active_L1', 'material_tib_active_L2', 'material_tib_active_L3', 'material_tib_active_L4', 'material_tibtid_services', 'material_tib_support', 'material_tid_active_R1', 'material_tid_active_R2', 'material_tid_active_R3', 'material_tid_support', 'material_tob_active_L1', 'material_tob_active_L2', 'material_tob_active_L3', 'material_tob_active_L4', 'material_tob_active_L5', 'material_tob_active_L6', 'material_tob_services', 'material_tob_support', 'material_tec_active_R1', 'material_tec_active_R2', 'material_tec_active_R3', 'material_tec_active_R4', 'material_tec_active_R5', 'material_tec_active_R6', 'material_tec_active_R7', 'material_tec_services', 'material_tec_structure', 'material_thermal_screen', 'material_support_tube', 'material_pp1_cables', 'material_pixel_patch', 'hitres_pix_x_q0', 'hitres_pix_x_q1', 'hitres_pix_x_q2', 'hitres_pix_x_q3', 'hitres_pix_y_q0', 'hitres_pix_y_q1', 'hitres_pix_y_q2', 'hitres_pix_y_q3', 'hitres_str_N1_lo', 'hitres_str_N1_hi', 'hitres_str_N2_lo', 'hitres_str_N2_hi', 'hitres_str_N3_lo', 'hitres_str_N3_hi', 'hitres_str_N4_lo', 'hitres_str_N4_hi', 'hitres_str_N5_lo', 'hitres_str_N5_hi'], 0 nuisance(s) [], 60 with a Gaussian prior[0m
[38;21mINFO:fitter.py: Unblinding 60 parameters: ['material_other', 'material_beampipe', 'material_bpix_active_L1', 'material_bpix_active_L2', 'material_bpix_active_L3', 'material_bpix_services', 'material_bpix_support6', 'material_bpix_support7', 'material_fpix_active_D1', 'material_fpix_active_D2', 'material_fpix_support', 'material_tib_active_L1', 'material_tib_active_L2', 'material_tib_active_L3', 'material_tib_active_L4', 'material_tibtid_services', 'material_tib_support', 'material_tid_active_R1', 'material_tid_active_R2', 'material_tid_active_R3', 'material_tid_support', 'material_tob_active_L1', 'material_tob_active_L2', 'material_tob_active_L3', 'material_tob_active_L4', 'material_tob_active_L5', 'material_tob_active_L6', 'material_tob_services', 'material_tob_support', 'material_tec_active_R1', 'material_tec_active_R2', 'material_tec_active_R3', 'material_tec_active_R4', 'material_tec_active_R5', 'material_tec_active_R6', 'material_tec_active_R7', 'material_tec_services', 'material_tec_structure', 'material_thermal_screen', 'material_support_tube', 'material_pp1_cables', 'material_pixel_patch', 'hitres_pix_x_q0', 'hitres_pix_x_q1', 'hitres_pix_x_q2', 'hitres_pix_x_q3', 'hitres_pix_y_q0', 'hitres_pix_y_q1', 'hitres_pix_y_q2', 'hitres_pix_y_q3', 'hitres_str_N1_lo', 'hitres_str_N1_hi', 'hitres_str_N2_lo', 'hitres_str_N2_hi', 'hitres_str_N3_lo', 'hitres_str_N3_hi', 'hitres_str_N4_lo', 'hitres_str_N4_hi', 'hitres_str_N5_lo', 'hitres_str_N5_hi'][0m
[38;21mINFO:fitter.py: [paramPriors] applying Gaussian priors to 60/60 ParamModel params:[0m
[38;21mINFO:fitter.py:     material_other: μ=0 σ=0.04[0m
[38;21mINFO:fitter.py:     material_beampipe: μ=0 σ=0.0001[0m
[38;21mINFO:fitter.py:     material_bpix_active_L1: μ=0 σ=0.0004[0m
[38;21mINFO:fitter.py:     material_bpix_active_L2: μ=0 σ=0.0004[0m
[38;21mINFO:fitter.py:     material_bpix_active_L3: μ=0 σ=0.0004[0m
[38;21mINFO:fitter.py:     material_bpix_services: μ=0 σ=0.01[0m
[38;21mINFO:fitter.py:     material_bpix_support6: μ=0 σ=0.0025[0m
[38;21mINFO:fitter.py:     material_bpix_support7: μ=0 σ=0.01[0m
[38;21mINFO:fitter.py:     material_fpix_active_D1: μ=0 σ=0.0004[0m
[38;21mINFO:fitter.py:     material_fpix_active_D2: μ=0 σ=0.0004[0m
[38;21mINFO:fitter.py:     material_fpix_support: μ=0 σ=0.0025[0m
[38;21mINFO:fitter.py:     material_tib_active_L1: μ=0 σ=0.0004[0m
[38;21mINFO:fitter.py:     material_tib_active_L2: μ=0 σ=0.0004[0m
[38;21mINFO:fitter.py:     material_tib_active_L3: μ=0 σ=0.0004[0m
[38;21mINFO:fitter.py:     material_tib_active_L4: μ=0 σ=0.0004[0m
[38;21mINFO:fitter.py:     material_tibtid_services: μ=0 σ=0.01[0m
[38;21mINFO:fitter.py:     material_tib_support: μ=0 σ=0.0025[0m
[38;21mINFO:fitter.py:     material_tid_active_R1: μ=0 σ=0.0004[0m
[38;21mINFO:fitter.py:     material_tid_active_R2: μ=0 σ=0.0004[0m
[38;21mINFO:fitter.py:     material_tid_active_R3: μ=0 σ=0.0004[0m
[38;21mINFO:fitter.py:     material_tid_support: μ=0 σ=0.0025[0m
[38;21mINFO:fitter.py:     material_tob_active_L1: μ=0 σ=0.0004[0m
[38;21mINFO:fitter.py:     material_tob_active_L2: μ=0 σ=0.0004[0m
[38;21mINFO:fitter.py:     material_tob_active_L3: μ=0 σ=0.0004[0m
[38;21mINFO:fitter.py:     material_tob_active_L4: μ=0 σ=0.0004[0m
[38;21mINFO:fitter.py:     material_tob_active_L5: μ=0 σ=0.0004[0m
[38;21mINFO:fitter.py:     material_tob_active_L6: μ=0 σ=0.0004[0m
[38;21mINFO:fitter.py:     material_tob_services: μ=0 σ=0.01[0m
[38;21mINFO:fitter.py:     material_tob_support: μ=0 σ=0.0025[0m
[38;21mINFO:fitter.py:     material_tec_active_R1: μ=0 σ=0.0004[0m
[38;21mINFO:fitter.py:     material_tec_active_R2: μ=0 σ=0.0004[0m
[38;21mINFO:fitter.py:     material_tec_active_R3: μ=0 σ=0.0004[0m
[38;21mINFO:fitter.py:     material_tec_active_R4: μ=0 σ=0.0004[0m
[38;21mINFO:fitter.py:     material_tec_active_R5: μ=0 σ=0.0004[0m
[38;21mINFO:fitter.py:     material_tec_active_R6: μ=0 σ=0.0004[0m
[38;21mINFO:fitter.py:     material_tec_active_R7: μ=0 σ=0.0004[0m
[38;21mINFO:fitter.py:     material_tec_services: μ=0 σ=0.01[0m
[38;21mINFO:fitter.py:     material_tec_structure: μ=0 σ=0.0025[0m
[38;21mINFO:fitter.py:     material_thermal_screen: μ=0 σ=0.0025[0m
[38;21mINFO:fitter.py:     material_support_tube: μ=0 σ=0.0025[0m
[38;21mINFO:fitter.py:     material_pp1_cables: μ=0 σ=0.01[0m
[38;21mINFO:fitter.py:     material_pixel_patch: μ=0 σ=0.01[0m
[38;21mINFO:fitter.py:     hitres_pix_x_q0: μ=0 σ=1[0m
[38;21mINFO:fitter.py:     hitres_pix_x_q1: μ=0 σ=1[0m
[38;21mINFO:fitter.py:     hitres_pix_x_q2: μ=0 σ=1[0m
[38;21mINFO:fitter.py:     hitres_pix_x_q3: μ=0 σ=1[0m
[38;21mINFO:fitter.py:     hitres_pix_y_q0: μ=0 σ=1[0m
[38;21mINFO:fitter.py:     hitres_pix_y_q1: μ=0 σ=1[0m
[38;21mINFO:fitter.py:     hitres_pix_y_q2: μ=0 σ=1[0m
[38;21mINFO:fitter.py:     hitres_pix_y_q3: μ=0 σ=1[0m
[38;21mINFO:fitter.py:     hitres_str_N1_lo: μ=0 σ=1[0m
[38;21mINFO:fitter.py:     hitres_str_N1_hi: μ=0 σ=1[0m
[38;21mINFO:fitter.py:     hitres_str_N2_lo: μ=0 σ=1[0m
[38;21mINFO:fitter.py:     hitres_str_N2_hi: μ=0 σ=1[0m
[38;21mINFO:fitter.py:     hitres_str_N3_lo: μ=0 σ=1[0m
[38;21mINFO:fitter.py:     hitres_str_N3_hi: μ=0 σ=1[0m
[38;21mINFO:fitter.py:     hitres_str_N4_lo: μ=0 σ=1[0m
[38;21mINFO:fitter.py:     hitres_str_N4_hi: μ=0 σ=1[0m
[38;21mINFO:fitter.py:     hitres_str_N5_lo: μ=0 σ=1[0m
[38;21mINFO:fitter.py:     hitres_str_N5_hi: μ=0 σ=1[0m
[38;21mINFO:fitter.py: unbinned term 'bsx': 8000 candidates in 1 chunk(s) of 8000, graph loop[0m
[38;21mINFO:fitter.py: unbinned term 'bsy': 8000 candidates in 1 chunk(s) of 8000, graph loop[0m
[38;21mINFO:fitter.py: unbinned term 'vtx': 8000 candidates in 1 chunk(s) of 8000, graph loop[0m
[38;21mINFO:fitter.py: 3 unbinned term(s): the Hessian is assembled from Hessian-vector products rather than from the vectorised jacobian, and the HVP is revrev.[0m
[38;21mINFO:fitter.py: Perform iterative fit[0m
[38;21mINFO:fitter.py: [minimize] method=trust-krylov options={}[0m
[38;21mINFO:rabbit_fit.py: profile beta[0m
[38;21mINFO:rabbit_fit.py: edmval: 2.4162457026772087e-13[0m
[38;21mINFO:rabbit_fit.py: Unbinned likelihood terms contribute -105162.473076 to the NLL; the saturated chi2 below is for the binned likelihood only[0m
[38;21mINFO:rabbit_fit.py: Saturated chi2:[0m
[38;21mINFO:rabbit_fit.py:     ndof: -59[0m
[38;21mINFO:rabbit_fit.py:     2*deltaNLL: 24.54[0m
[38;21mINFO:rabbit_fit.py:     p-value: nan%[0m
/work/submit/david_w/WRemnants_dev/wums/wums/ioutils.py:160: FutureWarning: .metadata was not set, returning None instead of Attribute error, boost-histogram 1.7+ will error.
  metadata = obj.metadata if hasattr(obj, "metadata") else None
Results written in file /ceph/submit/data/user/d/david_w/ZMass/cvh/runs_vtxres_260911/beamline/runs/fits/vtxbs_cf/fitresults.hdf5
[38;21mINFO:rabbit_fit.py: 655.77 seconds total time[0m
=== fit vtxbsm_cf
param models: --paramModel UnbinnedParams
WARNING: All log messages before absl::InitializeLog() is called are written to STDERR
I0000 00:00:1789254773.860436 1106493 port.cc:153] oneDNN custom operations are on. You may see slightly different numerical results due to floating-point round-off errors from different computation orders. To turn them off, set the environment variable `TF_ENABLE_ONEDNN_OPTS=0`.
WARNING: All log messages before absl::InitializeLog() is called are written to STDERR
I0000 00:00:1789254778.063745 1106493 port.cc:153] oneDNN custom operations are on. You may see slightly different numerical results due to floating-point round-off errors from different computation orders. To turn them off, set the environment variable `TF_ENABLE_ONEDNN_OPTS=0`.
E0000 00:00:1789254783.318809 1106493 cuda_platform.cc:52] failed call to cuInit: INTERNAL: CUDA error: Failed call to cuInit: UNKNOWN ERROR (303)
calib_dummy {'axes': [Integer(0, 1, underflow=False, overflow=False, name='bin')], 'masked': False, 'flow': False, 'start': 0, 'stop': 1}
[38;21mINFO:unbinned.py: Loaded unbinned term 'bsx' (kind MaterialCF, channel jpsi): 8000 candidates, 1 chunk(s) of 8000, parameters ['material_other', 'material_beampipe', 'material_bpix_active_L1', 'material_bpix_active_L2', 'material_bpix_active_L3', 'material_bpix_services', 'material_bpix_support6', 'material_bpix_support7', 'material_fpix_active_D1', 'material_fpix_active_D2', 'material_fpix_support', 'material_tib_active_L1', 'material_tib_active_L2', 'material_tib_active_L3', 'material_tib_active_L4', 'material_tibtid_services', 'material_tib_support', 'material_tid_active_R1', 'material_tid_active_R2', 'material_tid_active_R3', 'material_tid_support', 'material_tob_active_L1', 'material_tob_active_L2', 'material_tob_active_L3', 'material_tob_active_L4', 'material_tob_active_L5', 'material_tob_active_L6', 'material_tob_services', 'material_tob_support', 'material_tec_active_R1', 'material_tec_active_R2', 'material_tec_active_R3', 'material_tec_active_R4', 'material_tec_active_R5', 'material_tec_active_R6', 'material_tec_active_R7', 'material_tec_services', 'material_tec_structure', 'material_thermal_screen', 'material_support_tube', 'material_pp1_cables', 'material_pixel_patch', 'hitres_pix_x_q0', 'hitres_pix_x_q1', 'hitres_pix_x_q2', 'hitres_pix_x_q3', 'hitres_pix_y_q0', 'hitres_pix_y_q1', 'hitres_pix_y_q2', 'hitres_pix_y_q3', 'hitres_str_N1_lo', 'hitres_str_N1_hi', 'hitres_str_N2_lo', 'hitres_str_N2_hi', 'hitres_str_N3_lo', 'hitres_str_N3_hi', 'hitres_str_N4_lo', 'hitres_str_N4_hi', 'hitres_str_N5_lo', 'hitres_str_N5_hi'][0m
[38;21mINFO:unbinned.py: Loaded unbinned term 'bsy' (kind MaterialCF, channel jpsi): 8000 candidates, 1 chunk(s) of 8000, parameters ['material_other', 'material_beampipe', 'material_bpix_active_L1', 'material_bpix_active_L2', 'material_bpix_active_L3', 'material_bpix_services', 'material_bpix_support6', 'material_bpix_support7', 'material_fpix_active_D1', 'material_fpix_active_D2', 'material_fpix_support', 'material_tib_active_L1', 'material_tib_active_L2', 'material_tib_active_L3', 'material_tib_active_L4', 'material_tibtid_services', 'material_tib_support', 'material_tid_active_R1', 'material_tid_active_R2', 'material_tid_active_R3', 'material_tid_support', 'material_tob_active_L1', 'material_tob_active_L2', 'material_tob_active_L3', 'material_tob_active_L4', 'material_tob_active_L5', 'material_tob_active_L6', 'material_tob_services', 'material_tob_support', 'material_tec_active_R1', 'material_tec_active_R2', 'material_tec_active_R3', 'material_tec_active_R4', 'material_tec_active_R5', 'material_tec_active_R6', 'material_tec_active_R7', 'material_tec_services', 'material_tec_structure', 'material_thermal_screen', 'material_support_tube', 'material_pp1_cables', 'material_pixel_patch', 'hitres_pix_x_q0', 'hitres_pix_x_q1', 'hitres_pix_x_q2', 'hitres_pix_x_q3', 'hitres_pix_y_q0', 'hitres_pix_y_q1', 'hitres_pix_y_q2', 'hitres_pix_y_q3', 'hitres_str_N1_lo', 'hitres_str_N1_hi', 'hitres_str_N2_lo', 'hitres_str_N2_hi', 'hitres_str_N3_lo', 'hitres_str_N3_hi', 'hitres_str_N4_lo', 'hitres_str_N4_hi', 'hitres_str_N5_lo', 'hitres_str_N5_hi'][0m
[38;21mINFO:unbinned.py: Loaded unbinned term 'mass' (kind MaterialCF, channel jpsi): 8000 candidates, 1 chunk(s) of 8000, parameters ['material_other', 'material_beampipe', 'material_bpix_active_L1', 'material_bpix_active_L2', 'material_bpix_active_L3', 'material_bpix_services', 'material_bpix_support6', 'material_bpix_support7', 'material_fpix_active_D1', 'material_fpix_active_D2', 'material_fpix_support', 'material_tib_active_L1', 'material_tib_active_L2', 'material_tib_active_L3', 'material_tib_active_L4', 'material_tibtid_services', 'material_tib_support', 'material_tid_active_R1', 'material_tid_active_R2', 'material_tid_active_R3', 'material_tid_support', 'material_tob_active_L1', 'material_tob_active_L2', 'material_tob_active_L3', 'material_tob_active_L4', 'material_tob_active_L5', 'material_tob_active_L6', 'material_tob_services', 'material_tob_support', 'material_tec_active_R1', 'material_tec_active_R2', 'material_tec_active_R3', 'material_tec_active_R4', 'material_tec_active_R5', 'material_tec_active_R6', 'material_tec_active_R7', 'material_tec_services', 'material_tec_structure', 'material_thermal_screen', 'material_support_tube', 'material_pp1_cables', 'material_pixel_patch', 'hitres_pix_x_q0', 'hitres_pix_x_q1', 'hitres_pix_x_q2', 'hitres_pix_x_q3', 'hitres_pix_y_q0', 'hitres_pix_y_q1', 'hitres_pix_y_q2', 'hitres_pix_y_q3', 'hitres_str_N1_lo', 'hitres_str_N1_hi', 'hitres_str_N2_lo', 'hitres_str_N2_hi', 'hitres_str_N3_lo', 'hitres_str_N3_hi', 'hitres_str_N4_lo', 'hitres_str_N4_hi', 'hitres_str_N5_lo', 'hitres_str_N5_hi'][0m
[38;21mINFO:unbinned.py: Loaded unbinned term 'vtx' (kind MaterialCF, channel jpsi): 8000 candidates, 1 chunk(s) of 8000, parameters ['material_other', 'material_beampipe', 'material_bpix_active_L1', 'material_bpix_active_L2', 'material_bpix_active_L3', 'material_bpix_services', 'material_bpix_support6', 'material_bpix_support7', 'material_fpix_active_D1', 'material_fpix_active_D2', 'material_fpix_support', 'material_tib_active_L1', 'material_tib_active_L2', 'material_tib_active_L3', 'material_tib_active_L4', 'material_tibtid_services', 'material_tib_support', 'material_tid_active_R1', 'material_tid_active_R2', 'material_tid_active_R3', 'material_tid_support', 'material_tob_active_L1', 'material_tob_active_L2', 'material_tob_active_L3', 'material_tob_active_L4', 'material_tob_active_L5', 'material_tob_active_L6', 'material_tob_services', 'material_tob_support', 'material_tec_active_R1', 'material_tec_active_R2', 'material_tec_active_R3', 'material_tec_active_R4', 'material_tec_active_R5', 'material_tec_active_R6', 'material_tec_active_R7', 'material_tec_services', 'material_tec_structure', 'material_thermal_screen', 'material_support_tube', 'material_pp1_cables', 'material_pixel_patch', 'hitres_pix_x_q0', 'hitres_pix_x_q1', 'hitres_pix_x_q2', 'hitres_pix_x_q3', 'hitres_pix_y_q0', 'hitres_pix_y_q1', 'hitres_pix_y_q2', 'hitres_pix_y_q3', 'hitres_str_N1_lo', 'hitres_str_N1_hi', 'hitres_str_N2_lo', 'hitres_str_N2_hi', 'hitres_str_N3_lo', 'hitres_str_N3_hi', 'hitres_str_N4_lo', 'hitres_str_N4_hi', 'hitres_str_N5_lo', 'hitres_str_N5_hi'][0m
[38;21mINFO:unbinned_params.py: UnbinnedParams: 60 POI(s) ['material_other', 'material_beampipe', 'material_bpix_active_L1', 'material_bpix_active_L2', 'material_bpix_active_L3', 'material_bpix_services', 'material_bpix_support6', 'material_bpix_support7', 'material_fpix_active_D1', 'material_fpix_active_D2', 'material_fpix_support', 'material_tib_active_L1', 'material_tib_active_L2', 'material_tib_active_L3', 'material_tib_active_L4', 'material_tibtid_services', 'material_tib_support', 'material_tid_active_R1', 'material_tid_active_R2', 'material_tid_active_R3', 'material_tid_support', 'material_tob_active_L1', 'material_tob_active_L2', 'material_tob_active_L3', 'material_tob_active_L4', 'material_tob_active_L5', 'material_tob_active_L6', 'material_tob_services', 'material_tob_support', 'material_tec_active_R1', 'material_tec_active_R2', 'material_tec_active_R3', 'material_tec_active_R4', 'material_tec_active_R5', 'material_tec_active_R6', 'material_tec_active_R7', 'material_tec_services', 'material_tec_structure', 'material_thermal_screen', 'material_support_tube', 'material_pp1_cables', 'material_pixel_patch', 'hitres_pix_x_q0', 'hitres_pix_x_q1', 'hitres_pix_x_q2', 'hitres_pix_x_q3', 'hitres_pix_y_q0', 'hitres_pix_y_q1', 'hitres_pix_y_q2', 'hitres_pix_y_q3', 'hitres_str_N1_lo', 'hitres_str_N1_hi', 'hitres_str_N2_lo', 'hitres_str_N2_hi', 'hitres_str_N3_lo', 'hitres_str_N3_hi', 'hitres_str_N4_lo', 'hitres_str_N4_hi', 'hitres_str_N5_lo', 'hitres_str_N5_hi'], 0 nuisance(s) [], 60 with a Gaussian prior[0m
[38;21mINFO:fitter.py: Unblinding 60 parameters: ['material_other', 'material_beampipe', 'material_bpix_active_L1', 'material_bpix_active_L2', 'material_bpix_active_L3', 'material_bpix_services', 'material_bpix_support6', 'material_bpix_support7', 'material_fpix_active_D1', 'material_fpix_active_D2', 'material_fpix_support', 'material_tib_active_L1', 'material_tib_active_L2', 'material_tib_active_L3', 'material_tib_active_L4', 'material_tibtid_services', 'material_tib_support', 'material_tid_active_R1', 'material_tid_active_R2', 'material_tid_active_R3', 'material_tid_support', 'material_tob_active_L1', 'material_tob_active_L2', 'material_tob_active_L3', 'material_tob_active_L4', 'material_tob_active_L5', 'material_tob_active_L6', 'material_tob_services', 'material_tob_support', 'material_tec_active_R1', 'material_tec_active_R2', 'material_tec_active_R3', 'material_tec_active_R4', 'material_tec_active_R5', 'material_tec_active_R6', 'material_tec_active_R7', 'material_tec_services', 'material_tec_structure', 'material_thermal_screen', 'material_support_tube', 'material_pp1_cables', 'material_pixel_patch', 'hitres_pix_x_q0', 'hitres_pix_x_q1', 'hitres_pix_x_q2', 'hitres_pix_x_q3', 'hitres_pix_y_q0', 'hitres_pix_y_q1', 'hitres_pix_y_q2', 'hitres_pix_y_q3', 'hitres_str_N1_lo', 'hitres_str_N1_hi', 'hitres_str_N2_lo', 'hitres_str_N2_hi', 'hitres_str_N3_lo', 'hitres_str_N3_hi', 'hitres_str_N4_lo', 'hitres_str_N4_hi', 'hitres_str_N5_lo', 'hitres_str_N5_hi'][0m
[38;21mINFO:fitter.py: [paramPriors] applying Gaussian priors to 60/60 ParamModel params:[0m
[38;21mINFO:fitter.py:     material_other: μ=0 σ=0.04[0m
[38;21mINFO:fitter.py:     material_beampipe: μ=0 σ=0.0001[0m
[38;21mINFO:fitter.py:     material_bpix_active_L1: μ=0 σ=0.0004[0m
[38;21mINFO:fitter.py:     material_bpix_active_L2: μ=0 σ=0.0004[0m
[38;21mINFO:fitter.py:     material_bpix_active_L3: μ=0 σ=0.0004[0m
[38;21mINFO:fitter.py:     material_bpix_services: μ=0 σ=0.01[0m
[38;21mINFO:fitter.py:     material_bpix_support6: μ=0 σ=0.0025[0m
[38;21mINFO:fitter.py:     material_bpix_support7: μ=0 σ=0.01[0m
[38;21mINFO:fitter.py:     material_fpix_active_D1: μ=0 σ=0.0004[0m
[38;21mINFO:fitter.py:     material_fpix_active_D2: μ=0 σ=0.0004[0m
[38;21mINFO:fitter.py:     material_fpix_support: μ=0 σ=0.0025[0m
[38;21mINFO:fitter.py:     material_tib_active_L1: μ=0 σ=0.0004[0m
[38;21mINFO:fitter.py:     material_tib_active_L2: μ=0 σ=0.0004[0m
[38;21mINFO:fitter.py:     material_tib_active_L3: μ=0 σ=0.0004[0m
[38;21mINFO:fitter.py:     material_tib_active_L4: μ=0 σ=0.0004[0m
[38;21mINFO:fitter.py:     material_tibtid_services: μ=0 σ=0.01[0m
[38;21mINFO:fitter.py:     material_tib_support: μ=0 σ=0.0025[0m
[38;21mINFO:fitter.py:     material_tid_active_R1: μ=0 σ=0.0004[0m
[38;21mINFO:fitter.py:     material_tid_active_R2: μ=0 σ=0.0004[0m
[38;21mINFO:fitter.py:     material_tid_active_R3: μ=0 σ=0.0004[0m
[38;21mINFO:fitter.py:     material_tid_support: μ=0 σ=0.0025[0m
[38;21mINFO:fitter.py:     material_tob_active_L1: μ=0 σ=0.0004[0m
[38;21mINFO:fitter.py:     material_tob_active_L2: μ=0 σ=0.0004[0m
[38;21mINFO:fitter.py:     material_tob_active_L3: μ=0 σ=0.0004[0m
[38;21mINFO:fitter.py:     material_tob_active_L4: μ=0 σ=0.0004[0m
[38;21mINFO:fitter.py:     material_tob_active_L5: μ=0 σ=0.0004[0m
[38;21mINFO:fitter.py:     material_tob_active_L6: μ=0 σ=0.0004[0m
[38;21mINFO:fitter.py:     material_tob_services: μ=0 σ=0.01[0m
[38;21mINFO:fitter.py:     material_tob_support: μ=0 σ=0.0025[0m
[38;21mINFO:fitter.py:     material_tec_active_R1: μ=0 σ=0.0004[0m
[38;21mINFO:fitter.py:     material_tec_active_R2: μ=0 σ=0.0004[0m
[38;21mINFO:fitter.py:     material_tec_active_R3: μ=0 σ=0.0004[0m
[38;21mINFO:fitter.py:     material_tec_active_R4: μ=0 σ=0.0004[0m
[38;21mINFO:fitter.py:     material_tec_active_R5: μ=0 σ=0.0004[0m
[38;21mINFO:fitter.py:     material_tec_active_R6: μ=0 σ=0.0004[0m
[38;21mINFO:fitter.py:     material_tec_active_R7: μ=0 σ=0.0004[0m
[38;21mINFO:fitter.py:     material_tec_services: μ=0 σ=0.01[0m
[38;21mINFO:fitter.py:     material_tec_structure: μ=0 σ=0.0025[0m
[38;21mINFO:fitter.py:     material_thermal_screen: μ=0 σ=0.0025[0m
[38;21mINFO:fitter.py:     material_support_tube: μ=0 σ=0.0025[0m
[38;21mINFO:fitter.py:     material_pp1_cables: μ=0 σ=0.01[0m
[38;21mINFO:fitter.py:     material_pixel_patch: μ=0 σ=0.01[0m
[38;21mINFO:fitter.py:     hitres_pix_x_q0: μ=0 σ=1[0m
[38;21mINFO:fitter.py:     hitres_pix_x_q1: μ=0 σ=1[0m
[38;21mINFO:fitter.py:     hitres_pix_x_q2: μ=0 σ=1[0m
[38;21mINFO:fitter.py:     hitres_pix_x_q3: μ=0 σ=1[0m
[38;21mINFO:fitter.py:     hitres_pix_y_q0: μ=0 σ=1[0m
[38;21mINFO:fitter.py:     hitres_pix_y_q1: μ=0 σ=1[0m
[38;21mINFO:fitter.py:     hitres_pix_y_q2: μ=0 σ=1[0m
[38;21mINFO:fitter.py:     hitres_pix_y_q3: μ=0 σ=1[0m
[38;21mINFO:fitter.py:     hitres_str_N1_lo: μ=0 σ=1[0m
[38;21mINFO:fitter.py:     hitres_str_N1_hi: μ=0 σ=1[0m
[38;21mINFO:fitter.py:     hitres_str_N2_lo: μ=0 σ=1[0m
[38;21mINFO:fitter.py:     hitres_str_N2_hi: μ=0 σ=1[0m
[38;21mINFO:fitter.py:     hitres_str_N3_lo: μ=0 σ=1[0m
[38;21mINFO:fitter.py:     hitres_str_N3_hi: μ=0 σ=1[0m
[38;21mINFO:fitter.py:     hitres_str_N4_lo: μ=0 σ=1[0m
[38;21mINFO:fitter.py:     hitres_str_N4_hi: μ=0 σ=1[0m
[38;21mINFO:fitter.py:     hitres_str_N5_lo: μ=0 σ=1[0m
[38;21mINFO:fitter.py:     hitres_str_N5_hi: μ=0 σ=1[0m
[38;21mINFO:fitter.py: unbinned term 'bsx': 8000 candidates in 1 chunk(s) of 8000, graph loop[0m
[38;21mINFO:fitter.py: unbinned term 'bsy': 8000 candidates in 1 chunk(s) of 8000, graph loop[0m
[38;21mINFO:fitter.py: unbinned term 'mass': 8000 candidates in 1 chunk(s) of 8000, graph loop[0m
[38;21mINFO:fitter.py: unbinned term 'vtx': 8000 candidates in 1 chunk(s) of 8000, graph loop[0m
[38;21mINFO:fitter.py: 4 unbinned term(s): the Hessian is assembled from Hessian-vector products rather than from the vectorised jacobian, and the HVP is revrev.[0m
[38;21mINFO:fitter.py: Perform iterative fit[0m
[38;21mINFO:fitter.py: [minimize] method=trust-krylov options={}[0m
[38;21mINFO:rabbit_fit.py: profile beta[0m
[38;21mINFO:rabbit_fit.py: edmval: 7.277879844537736e-15[0m
[38;21mINFO:rabbit_fit.py: Unbinned likelihood terms contribute -81693.774697 to the NLL; the saturated chi2 below is for the binned likelihood only[0m
[38;21mINFO:rabbit_fit.py: Saturated chi2:[0m
[38;21mINFO:rabbit_fit.py:     ndof: -59[0m
[38;21mINFO:rabbit_fit.py:     2*deltaNLL: 25.1[0m
[38;21mINFO:rabbit_fit.py:     p-value: nan%[0m
/work/submit/david_w/WRemnants_dev/wums/wums/ioutils.py:160: FutureWarning: .metadata was not set, returning None instead of Attribute error, boost-histogram 1.7+ will error.
  metadata = obj.metadata if hasattr(obj, "metadata") else None
Results written in file /ceph/submit/data/user/d/david_w/ZMass/cvh/runs_vtxres_260911/beamline/runs/fits/vtxbsm_cf/fitresults.hdf5
[38;21mINFO:rabbit_fit.py: 848.71 seconds total time[0m
=== fit inj_bs_cf
param models: --paramModel UnbinnedParams
WARNING: All log messages before absl::InitializeLog() is called are written to STDERR
I0000 00:00:1789255636.660612 1140289 port.cc:153] oneDNN custom operations are on. You may see slightly different numerical results due to floating-point round-off errors from different computation orders. To turn them off, set the environment variable `TF_ENABLE_ONEDNN_OPTS=0`.
WARNING: All log messages before absl::InitializeLog() is called are written to STDERR
I0000 00:00:1789255641.482392 1140289 port.cc:153] oneDNN custom operations are on. You may see slightly different numerical results due to floating-point round-off errors from different computation orders. To turn them off, set the environment variable `TF_ENABLE_ONEDNN_OPTS=0`.
E0000 00:00:1789255647.594169 1140289 cuda_platform.cc:52] failed call to cuInit: INTERNAL: CUDA error: Failed call to cuInit: UNKNOWN ERROR (303)
calib_dummy {'axes': [Integer(0, 1, underflow=False, overflow=False, name='bin')], 'masked': False, 'flow': False, 'start': 0, 'stop': 1}
[38;21mINFO:unbinned.py: Loaded unbinned term 'bsx' (kind MaterialCF, channel jpsi): 8000 candidates, 1 chunk(s) of 8000, parameters ['material_other', 'material_beampipe', 'material_bpix_active_L1', 'material_bpix_active_L2', 'material_bpix_active_L3', 'material_bpix_services', 'material_bpix_support6', 'material_bpix_support7', 'material_fpix_active_D1', 'material_fpix_active_D2', 'material_fpix_support', 'material_tib_active_L1', 'material_tib_active_L2', 'material_tib_active_L3', 'material_tib_active_L4', 'material_tibtid_services', 'material_tib_support', 'material_tid_active_R1', 'material_tid_active_R2', 'material_tid_active_R3', 'material_tid_support', 'material_tob_active_L1', 'material_tob_active_L2', 'material_tob_active_L3', 'material_tob_active_L4', 'material_tob_active_L5', 'material_tob_active_L6', 'material_tob_services', 'material_tob_support', 'material_tec_active_R1', 'material_tec_active_R2', 'material_tec_active_R3', 'material_tec_active_R4', 'material_tec_active_R5', 'material_tec_active_R6', 'material_tec_active_R7', 'material_tec_services', 'material_tec_structure', 'material_thermal_screen', 'material_support_tube', 'material_pp1_cables', 'material_pixel_patch', 'hitres_pix_x_q0', 'hitres_pix_x_q1', 'hitres_pix_x_q2', 'hitres_pix_x_q3', 'hitres_pix_y_q0', 'hitres_pix_y_q1', 'hitres_pix_y_q2', 'hitres_pix_y_q3', 'hitres_str_N1_lo', 'hitres_str_N1_hi', 'hitres_str_N2_lo', 'hitres_str_N2_hi', 'hitres_str_N3_lo', 'hitres_str_N3_hi', 'hitres_str_N4_lo', 'hitres_str_N4_hi', 'hitres_str_N5_lo', 'hitres_str_N5_hi'][0m
[38;21mINFO:unbinned.py: Loaded unbinned term 'bsy' (kind MaterialCF, channel jpsi): 8000 candidates, 1 chunk(s) of 8000, parameters ['material_other', 'material_beampipe', 'material_bpix_active_L1', 'material_bpix_active_L2', 'material_bpix_active_L3', 'material_bpix_services', 'material_bpix_support6', 'material_bpix_support7', 'material_fpix_active_D1', 'material_fpix_active_D2', 'material_fpix_support', 'material_tib_active_L1', 'material_tib_active_L2', 'material_tib_active_L3', 'material_tib_active_L4', 'material_tibtid_services', 'material_tib_support', 'material_tid_active_R1', 'material_tid_active_R2', 'material_tid_active_R3', 'material_tid_support', 'material_tob_active_L1', 'material_tob_active_L2', 'material_tob_active_L3', 'material_tob_active_L4', 'material_tob_active_L5', 'material_tob_active_L6', 'material_tob_services', 'material_tob_support', 'material_tec_active_R1', 'material_tec_active_R2', 'material_tec_active_R3', 'material_tec_active_R4', 'material_tec_active_R5', 'material_tec_active_R6', 'material_tec_active_R7', 'material_tec_services', 'material_tec_structure', 'material_thermal_screen', 'material_support_tube', 'material_pp1_cables', 'material_pixel_patch', 'hitres_pix_x_q0', 'hitres_pix_x_q1', 'hitres_pix_x_q2', 'hitres_pix_x_q3', 'hitres_pix_y_q0', 'hitres_pix_y_q1', 'hitres_pix_y_q2', 'hitres_pix_y_q3', 'hitres_str_N1_lo', 'hitres_str_N1_hi', 'hitres_str_N2_lo', 'hitres_str_N2_hi', 'hitres_str_N3_lo', 'hitres_str_N3_hi', 'hitres_str_N4_lo', 'hitres_str_N4_hi', 'hitres_str_N5_lo', 'hitres_str_N5_hi'][0m
[38;21mINFO:unbinned_params.py: UnbinnedParams: 60 POI(s) ['material_other', 'material_beampipe', 'material_bpix_active_L1', 'material_bpix_active_L2', 'material_bpix_active_L3', 'material_bpix_services', 'material_bpix_support6', 'material_bpix_support7', 'material_fpix_active_D1', 'material_fpix_active_D2', 'material_fpix_support', 'material_tib_active_L1', 'material_tib_active_L2', 'material_tib_active_L3', 'material_tib_active_L4', 'material_tibtid_services', 'material_tib_support', 'material_tid_active_R1', 'material_tid_active_R2', 'material_tid_active_R3', 'material_tid_support', 'material_tob_active_L1', 'material_tob_active_L2', 'material_tob_active_L3', 'material_tob_active_L4', 'material_tob_active_L5', 'material_tob_active_L6', 'material_tob_services', 'material_tob_support', 'material_tec_active_R1', 'material_tec_active_R2', 'material_tec_active_R3', 'material_tec_active_R4', 'material_tec_active_R5', 'material_tec_active_R6', 'material_tec_active_R7', 'material_tec_services', 'material_tec_structure', 'material_thermal_screen', 'material_support_tube', 'material_pp1_cables', 'material_pixel_patch', 'hitres_pix_x_q0', 'hitres_pix_x_q1', 'hitres_pix_x_q2', 'hitres_pix_x_q3', 'hitres_pix_y_q0', 'hitres_pix_y_q1', 'hitres_pix_y_q2', 'hitres_pix_y_q3', 'hitres_str_N1_lo', 'hitres_str_N1_hi', 'hitres_str_N2_lo', 'hitres_str_N2_hi', 'hitres_str_N3_lo', 'hitres_str_N3_hi', 'hitres_str_N4_lo', 'hitres_str_N4_hi', 'hitres_str_N5_lo', 'hitres_str_N5_hi'], 0 nuisance(s) [], 60 with a Gaussian prior[0m
[38;21mINFO:fitter.py: Unblinding 60 parameters: ['material_other', 'material_beampipe', 'material_bpix_active_L1', 'material_bpix_active_L2', 'material_bpix_active_L3', 'material_bpix_services', 'material_bpix_support6', 'material_bpix_support7', 'material_fpix_active_D1', 'material_fpix_active_D2', 'material_fpix_support', 'material_tib_active_L1', 'material_tib_active_L2', 'material_tib_active_L3', 'material_tib_active_L4', 'material_tibtid_services', 'material_tib_support', 'material_tid_active_R1', 'material_tid_active_R2', 'material_tid_active_R3', 'material_tid_support', 'material_tob_active_L1', 'material_tob_active_L2', 'material_tob_active_L3', 'material_tob_active_L4', 'material_tob_active_L5', 'material_tob_active_L6', 'material_tob_services', 'material_tob_support', 'material_tec_active_R1', 'material_tec_active_R2', 'material_tec_active_R3', 'material_tec_active_R4', 'material_tec_active_R5', 'material_tec_active_R6', 'material_tec_active_R7', 'material_tec_services', 'material_tec_structure', 'material_thermal_screen', 'material_support_tube', 'material_pp1_cables', 'material_pixel_patch', 'hitres_pix_x_q0', 'hitres_pix_x_q1', 'hitres_pix_x_q2', 'hitres_pix_x_q3', 'hitres_pix_y_q0', 'hitres_pix_y_q1', 'hitres_pix_y_q2', 'hitres_pix_y_q3', 'hitres_str_N1_lo', 'hitres_str_N1_hi', 'hitres_str_N2_lo', 'hitres_str_N2_hi', 'hitres_str_N3_lo', 'hitres_str_N3_hi', 'hitres_str_N4_lo', 'hitres_str_N4_hi', 'hitres_str_N5_lo', 'hitres_str_N5_hi'][0m
[38;21mINFO:fitter.py: [paramPriors] applying Gaussian priors to 60/60 ParamModel params:[0m
[38;21mINFO:fitter.py:     material_other: μ=0 σ=0.04[0m
[38;21mINFO:fitter.py:     material_beampipe: μ=0 σ=0.0001[0m
[38;21mINFO:fitter.py:     material_bpix_active_L1: μ=0 σ=0.0004[0m
[38;21mINFO:fitter.py:     material_bpix_active_L2: μ=0 σ=0.0004[0m
[38;21mINFO:fitter.py:     material_bpix_active_L3: μ=0 σ=0.0004[0m
[38;21mINFO:fitter.py:     material_bpix_services: μ=0 σ=0.01[0m
[38;21mINFO:fitter.py:     material_bpix_support6: μ=0 σ=0.0025[0m
[38;21mINFO:fitter.py:     material_bpix_support7: μ=0 σ=0.01[0m
[38;21mINFO:fitter.py:     material_fpix_active_D1: μ=0 σ=0.0004[0m
[38;21mINFO:fitter.py:     material_fpix_active_D2: μ=0 σ=0.0004[0m
[38;21mINFO:fitter.py:     material_fpix_support: μ=0 σ=0.0025[0m
[38;21mINFO:fitter.py:     material_tib_active_L1: μ=0 σ=0.0004[0m
[38;21mINFO:fitter.py:     material_tib_active_L2: μ=0 σ=0.0004[0m
[38;21mINFO:fitter.py:     material_tib_active_L3: μ=0 σ=0.0004[0m
[38;21mINFO:fitter.py:     material_tib_active_L4: μ=0 σ=0.0004[0m
[38;21mINFO:fitter.py:     material_tibtid_services: μ=0 σ=0.01[0m
[38;21mINFO:fitter.py:     material_tib_support: μ=0 σ=0.0025[0m
[38;21mINFO:fitter.py:     material_tid_active_R1: μ=0 σ=0.0004[0m
[38;21mINFO:fitter.py:     material_tid_active_R2: μ=0 σ=0.0004[0m
[38;21mINFO:fitter.py:     material_tid_active_R3: μ=0 σ=0.0004[0m
[38;21mINFO:fitter.py:     material_tid_support: μ=0 σ=0.0025[0m
[38;21mINFO:fitter.py:     material_tob_active_L1: μ=0 σ=0.0004[0m
[38;21mINFO:fitter.py:     material_tob_active_L2: μ=0 σ=0.0004[0m
[38;21mINFO:fitter.py:     material_tob_active_L3: μ=0 σ=0.0004[0m
[38;21mINFO:fitter.py:     material_tob_active_L4: μ=0 σ=0.0004[0m
[38;21mINFO:fitter.py:     material_tob_active_L5: μ=0 σ=0.0004[0m
[38;21mINFO:fitter.py:     material_tob_active_L6: μ=0 σ=0.0004[0m
[38;21mINFO:fitter.py:     material_tob_services: μ=0 σ=0.01[0m
[38;21mINFO:fitter.py:     material_tob_support: μ=0 σ=0.0025[0m
[38;21mINFO:fitter.py:     material_tec_active_R1: μ=0 σ=0.0004[0m
[38;21mINFO:fitter.py:     material_tec_active_R2: μ=0 σ=0.0004[0m
[38;21mINFO:fitter.py:     material_tec_active_R3: μ=0 σ=0.0004[0m
[38;21mINFO:fitter.py:     material_tec_active_R4: μ=0 σ=0.0004[0m
[38;21mINFO:fitter.py:     material_tec_active_R5: μ=0 σ=0.0004[0m
[38;21mINFO:fitter.py:     material_tec_active_R6: μ=0 σ=0.0004[0m
[38;21mINFO:fitter.py:     material_tec_active_R7: μ=0 σ=0.0004[0m
[38;21mINFO:fitter.py:     material_tec_services: μ=0 σ=0.01[0m
[38;21mINFO:fitter.py:     material_tec_structure: μ=0 σ=0.0025[0m
[38;21mINFO:fitter.py:     material_thermal_screen: μ=0 σ=0.0025[0m
[38;21mINFO:fitter.py:     material_support_tube: μ=0 σ=0.0025[0m
[38;21mINFO:fitter.py:     material_pp1_cables: μ=0 σ=0.01[0m
[38;21mINFO:fitter.py:     material_pixel_patch: μ=0 σ=0.01[0m
[38;21mINFO:fitter.py:     hitres_pix_x_q0: μ=0 σ=1[0m
[38;21mINFO:fitter.py:     hitres_pix_x_q1: μ=0 σ=1[0m
[38;21mINFO:fitter.py:     hitres_pix_x_q2: μ=0 σ=1[0m
[38;21mINFO:fitter.py:     hitres_pix_x_q3: μ=0 σ=1[0m
[38;21mINFO:fitter.py:     hitres_pix_y_q0: μ=0 σ=1[0m
[38;21mINFO:fitter.py:     hitres_pix_y_q1: μ=0 σ=1[0m
[38;21mINFO:fitter.py:     hitres_pix_y_q2: μ=0 σ=1[0m
[38;21mINFO:fitter.py:     hitres_pix_y_q3: μ=0 σ=1[0m
[38;21mINFO:fitter.py:     hitres_str_N1_lo: μ=0 σ=1[0m
[38;21mINFO:fitter.py:     hitres_str_N1_hi: μ=0 σ=1[0m
[38;21mINFO:fitter.py:     hitres_str_N2_lo: μ=0 σ=1[0m
[38;21mINFO:fitter.py:     hitres_str_N2_hi: μ=0 σ=1[0m
[38;21mINFO:fitter.py:     hitres_str_N3_lo: μ=0 σ=1[0m
[38;21mINFO:fitter.py:     hitres_str_N3_hi: μ=0 σ=1[0m
[38;21mINFO:fitter.py:     hitres_str_N4_lo: μ=0 σ=1[0m
[38;21mINFO:fitter.py:     hitres_str_N4_hi: μ=0 σ=1[0m
[38;21mINFO:fitter.py:     hitres_str_N5_lo: μ=0 σ=1[0m
[38;21mINFO:fitter.py:     hitres_str_N5_hi: μ=0 σ=1[0m
[38;21mINFO:fitter.py: unbinned term 'bsx': 8000 candidates in 1 chunk(s) of 8000, graph loop[0m
[38;21mINFO:fitter.py: unbinned term 'bsy': 8000 candidates in 1 chunk(s) of 8000, graph loop[0m
[38;21mINFO:fitter.py: 2 unbinned term(s): the Hessian is assembled from Hessian-vector products rather than from the vectorised jacobian, and the HVP is revrev.[0m
[38;21mINFO:fitter.py: Perform iterative fit[0m
[38;21mINFO:fitter.py: [minimize] method=trust-krylov options={}[0m
[38;21mINFO:rabbit_fit.py: profile beta[0m
[38;21mINFO:rabbit_fit.py: edmval: 7.331705587515752e-17[0m
[38;21mINFO:rabbit_fit.py: Unbinned likelihood terms contribute -69300.420434 to the NLL; the saturated chi2 below is for the binned likelihood only[0m
[38;21mINFO:rabbit_fit.py: Saturated chi2:[0m
[38;21mINFO:rabbit_fit.py:     ndof: -59[0m
[38;21mINFO:rabbit_fit.py:     2*deltaNLL: 26.2[0m
[38;21mINFO:rabbit_fit.py:     p-value: nan%[0m
/work/submit/david_w/WRemnants_dev/wums/wums/ioutils.py:160: FutureWarning: .metadata was not set, returning None instead of Attribute error, boost-histogram 1.7+ will error.
  metadata = obj.metadata if hasattr(obj, "metadata") else None
Results written in file /ceph/submit/data/user/d/david_w/ZMass/cvh/runs_vtxres_260911/beamline/runs/fits/inj_bs_cf/fitresults.hdf5
[38;21mINFO:rabbit_fit.py: 406.08 seconds total time[0m
=== fit inj_vtx_cf
param models: --paramModel UnbinnedParams
WARNING: All log messages before absl::InitializeLog() is called are written to STDERR
I0000 00:00:1789256057.331343 1160574 port.cc:153] oneDNN custom operations are on. You may see slightly different numerical results due to floating-point round-off errors from different computation orders. To turn them off, set the environment variable `TF_ENABLE_ONEDNN_OPTS=0`.
WARNING: All log messages before absl::InitializeLog() is called are written to STDERR
I0000 00:00:1789256061.832109 1160574 port.cc:153] oneDNN custom operations are on. You may see slightly different numerical results due to floating-point round-off errors from different computation orders. To turn them off, set the environment variable `TF_ENABLE_ONEDNN_OPTS=0`.
E0000 00:00:1789256067.465771 1160574 cuda_platform.cc:52] failed call to cuInit: INTERNAL: CUDA error: Failed call to cuInit: UNKNOWN ERROR (303)
calib_dummy {'axes': [Integer(0, 1, underflow=False, overflow=False, name='bin')], 'masked': False, 'flow': False, 'start': 0, 'stop': 1}
[38;21mINFO:unbinned.py: Loaded unbinned term 'vtx' (kind MaterialCF, channel jpsi): 8000 candidates, 1 chunk(s) of 8000, parameters ['material_other', 'material_beampipe', 'material_bpix_active_L1', 'material_bpix_active_L2', 'material_bpix_active_L3', 'material_bpix_services', 'material_bpix_support6', 'material_bpix_support7', 'material_fpix_active_D1', 'material_fpix_active_D2', 'material_fpix_support', 'material_tib_active_L1', 'material_tib_active_L2', 'material_tib_active_L3', 'material_tib_active_L4', 'material_tibtid_services', 'material_tib_support', 'material_tid_active_R1', 'material_tid_active_R2', 'material_tid_active_R3', 'material_tid_support', 'material_tob_active_L1', 'material_tob_active_L2', 'material_tob_active_L3', 'material_tob_active_L4', 'material_tob_active_L5', 'material_tob_active_L6', 'material_tob_services', 'material_tob_support', 'material_tec_active_R1', 'material_tec_active_R2', 'material_tec_active_R3', 'material_tec_active_R4', 'material_tec_active_R5', 'material_tec_active_R6', 'material_tec_active_R7', 'material_tec_services', 'material_tec_structure', 'material_thermal_screen', 'material_support_tube', 'material_pp1_cables', 'material_pixel_patch', 'hitres_pix_x_q0', 'hitres_pix_x_q1', 'hitres_pix_x_q2', 'hitres_pix_x_q3', 'hitres_pix_y_q0', 'hitres_pix_y_q1', 'hitres_pix_y_q2', 'hitres_pix_y_q3', 'hitres_str_N1_lo', 'hitres_str_N1_hi', 'hitres_str_N2_lo', 'hitres_str_N2_hi', 'hitres_str_N3_lo', 'hitres_str_N3_hi', 'hitres_str_N4_lo', 'hitres_str_N4_hi', 'hitres_str_N5_lo', 'hitres_str_N5_hi'][0m
[38;21mINFO:unbinned_params.py: UnbinnedParams: 60 POI(s) ['material_other', 'material_beampipe', 'material_bpix_active_L1', 'material_bpix_active_L2', 'material_bpix_active_L3', 'material_bpix_services', 'material_bpix_support6', 'material_bpix_support7', 'material_fpix_active_D1', 'material_fpix_active_D2', 'material_fpix_support', 'material_tib_active_L1', 'material_tib_active_L2', 'material_tib_active_L3', 'material_tib_active_L4', 'material_tibtid_services', 'material_tib_support', 'material_tid_active_R1', 'material_tid_active_R2', 'material_tid_active_R3', 'material_tid_support', 'material_tob_active_L1', 'material_tob_active_L2', 'material_tob_active_L3', 'material_tob_active_L4', 'material_tob_active_L5', 'material_tob_active_L6', 'material_tob_services', 'material_tob_support', 'material_tec_active_R1', 'material_tec_active_R2', 'material_tec_active_R3', 'material_tec_active_R4', 'material_tec_active_R5', 'material_tec_active_R6', 'material_tec_active_R7', 'material_tec_services', 'material_tec_structure', 'material_thermal_screen', 'material_support_tube', 'material_pp1_cables', 'material_pixel_patch', 'hitres_pix_x_q0', 'hitres_pix_x_q1', 'hitres_pix_x_q2', 'hitres_pix_x_q3', 'hitres_pix_y_q0', 'hitres_pix_y_q1', 'hitres_pix_y_q2', 'hitres_pix_y_q3', 'hitres_str_N1_lo', 'hitres_str_N1_hi', 'hitres_str_N2_lo', 'hitres_str_N2_hi', 'hitres_str_N3_lo', 'hitres_str_N3_hi', 'hitres_str_N4_lo', 'hitres_str_N4_hi', 'hitres_str_N5_lo', 'hitres_str_N5_hi'], 0 nuisance(s) [], 60 with a Gaussian prior[0m
[38;21mINFO:fitter.py: Unblinding 60 parameters: ['material_other', 'material_beampipe', 'material_bpix_active_L1', 'material_bpix_active_L2', 'material_bpix_active_L3', 'material_bpix_services', 'material_bpix_support6', 'material_bpix_support7', 'material_fpix_active_D1', 'material_fpix_active_D2', 'material_fpix_support', 'material_tib_active_L1', 'material_tib_active_L2', 'material_tib_active_L3', 'material_tib_active_L4', 'material_tibtid_services', 'material_tib_support', 'material_tid_active_R1', 'material_tid_active_R2', 'material_tid_active_R3', 'material_tid_support', 'material_tob_active_L1', 'material_tob_active_L2', 'material_tob_active_L3', 'material_tob_active_L4', 'material_tob_active_L5', 'material_tob_active_L6', 'material_tob_services', 'material_tob_support', 'material_tec_active_R1', 'material_tec_active_R2', 'material_tec_active_R3', 'material_tec_active_R4', 'material_tec_active_R5', 'material_tec_active_R6', 'material_tec_active_R7', 'material_tec_services', 'material_tec_structure', 'material_thermal_screen', 'material_support_tube', 'material_pp1_cables', 'material_pixel_patch', 'hitres_pix_x_q0', 'hitres_pix_x_q1', 'hitres_pix_x_q2', 'hitres_pix_x_q3', 'hitres_pix_y_q0', 'hitres_pix_y_q1', 'hitres_pix_y_q2', 'hitres_pix_y_q3', 'hitres_str_N1_lo', 'hitres_str_N1_hi', 'hitres_str_N2_lo', 'hitres_str_N2_hi', 'hitres_str_N3_lo', 'hitres_str_N3_hi', 'hitres_str_N4_lo', 'hitres_str_N4_hi', 'hitres_str_N5_lo', 'hitres_str_N5_hi'][0m
[38;21mINFO:fitter.py: [paramPriors] applying Gaussian priors to 60/60 ParamModel params:[0m
[38;21mINFO:fitter.py:     material_other: μ=0 σ=0.04[0m
[38;21mINFO:fitter.py:     material_beampipe: μ=0 σ=0.0001[0m
[38;21mINFO:fitter.py:     material_bpix_active_L1: μ=0 σ=0.0004[0m
[38;21mINFO:fitter.py:     material_bpix_active_L2: μ=0 σ=0.0004[0m
[38;21mINFO:fitter.py:     material_bpix_active_L3: μ=0 σ=0.0004[0m
[38;21mINFO:fitter.py:     material_bpix_services: μ=0 σ=0.01[0m
[38;21mINFO:fitter.py:     material_bpix_support6: μ=0 σ=0.0025[0m
[38;21mINFO:fitter.py:     material_bpix_support7: μ=0 σ=0.01[0m
[38;21mINFO:fitter.py:     material_fpix_active_D1: μ=0 σ=0.0004[0m
[38;21mINFO:fitter.py:     material_fpix_active_D2: μ=0 σ=0.0004[0m
[38;21mINFO:fitter.py:     material_fpix_support: μ=0 σ=0.0025[0m
[38;21mINFO:fitter.py:     material_tib_active_L1: μ=0 σ=0.0004[0m
[38;21mINFO:fitter.py:     material_tib_active_L2: μ=0 σ=0.0004[0m
[38;21mINFO:fitter.py:     material_tib_active_L3: μ=0 σ=0.0004[0m
[38;21mINFO:fitter.py:     material_tib_active_L4: μ=0 σ=0.0004[0m
[38;21mINFO:fitter.py:     material_tibtid_services: μ=0 σ=0.01[0m
[38;21mINFO:fitter.py:     material_tib_support: μ=0 σ=0.0025[0m
[38;21mINFO:fitter.py:     material_tid_active_R1: μ=0 σ=0.0004[0m
[38;21mINFO:fitter.py:     material_tid_active_R2: μ=0 σ=0.0004[0m
[38;21mINFO:fitter.py:     material_tid_active_R3: μ=0 σ=0.0004[0m
[38;21mINFO:fitter.py:     material_tid_support: μ=0 σ=0.0025[0m
[38;21mINFO:fitter.py:     material_tob_active_L1: μ=0 σ=0.0004[0m
[38;21mINFO:fitter.py:     material_tob_active_L2: μ=0 σ=0.0004[0m
[38;21mINFO:fitter.py:     material_tob_active_L3: μ=0 σ=0.0004[0m
[38;21mINFO:fitter.py:     material_tob_active_L4: μ=0 σ=0.0004[0m
[38;21mINFO:fitter.py:     material_tob_active_L5: μ=0 σ=0.0004[0m
[38;21mINFO:fitter.py:     material_tob_active_L6: μ=0 σ=0.0004[0m
[38;21mINFO:fitter.py:     material_tob_services: μ=0 σ=0.01[0m
[38;21mINFO:fitter.py:     material_tob_support: μ=0 σ=0.0025[0m
[38;21mINFO:fitter.py:     material_tec_active_R1: μ=0 σ=0.0004[0m
[38;21mINFO:fitter.py:     material_tec_active_R2: μ=0 σ=0.0004[0m
[38;21mINFO:fitter.py:     material_tec_active_R3: μ=0 σ=0.0004[0m
[38;21mINFO:fitter.py:     material_tec_active_R4: μ=0 σ=0.0004[0m
[38;21mINFO:fitter.py:     material_tec_active_R5: μ=0 σ=0.0004[0m
[38;21mINFO:fitter.py:     material_tec_active_R6: μ=0 σ=0.0004[0m
[38;21mINFO:fitter.py:     material_tec_active_R7: μ=0 σ=0.0004[0m
[38;21mINFO:fitter.py:     material_tec_services: μ=0 σ=0.01[0m
[38;21mINFO:fitter.py:     material_tec_structure: μ=0 σ=0.0025[0m
[38;21mINFO:fitter.py:     material_thermal_screen: μ=0 σ=0.0025[0m
[38;21mINFO:fitter.py:     material_support_tube: μ=0 σ=0.0025[0m
[38;21mINFO:fitter.py:     material_pp1_cables: μ=0 σ=0.01[0m
[38;21mINFO:fitter.py:     material_pixel_patch: μ=0 σ=0.01[0m
[38;21mINFO:fitter.py:     hitres_pix_x_q0: μ=0 σ=1[0m
[38;21mINFO:fitter.py:     hitres_pix_x_q1: μ=0 σ=1[0m
[38;21mINFO:fitter.py:     hitres_pix_x_q2: μ=0 σ=1[0m
[38;21mINFO:fitter.py:     hitres_pix_x_q3: μ=0 σ=1[0m
[38;21mINFO:fitter.py:     hitres_pix_y_q0: μ=0 σ=1[0m
[38;21mINFO:fitter.py:     hitres_pix_y_q1: μ=0 σ=1[0m
[38;21mINFO:fitter.py:     hitres_pix_y_q2: μ=0 σ=1[0m
[38;21mINFO:fitter.py:     hitres_pix_y_q3: μ=0 σ=1[0m
[38;21mINFO:fitter.py:     hitres_str_N1_lo: μ=0 σ=1[0m
[38;21mINFO:fitter.py:     hitres_str_N1_hi: μ=0 σ=1[0m
[38;21mINFO:fitter.py:     hitres_str_N2_lo: μ=0 σ=1[0m
[38;21mINFO:fitter.py:     hitres_str_N2_hi: μ=0 σ=1[0m
[38;21mINFO:fitter.py:     hitres_str_N3_lo: μ=0 σ=1[0m
[38;21mINFO:fitter.py:     hitres_str_N3_hi: μ=0 σ=1[0m
[38;21mINFO:fitter.py:     hitres_str_N4_lo: μ=0 σ=1[0m
[38;21mINFO:fitter.py:     hitres_str_N4_hi: μ=0 σ=1[0m
[38;21mINFO:fitter.py:     hitres_str_N5_lo: μ=0 σ=1[0m
[38;21mINFO:fitter.py:     hitres_str_N5_hi: μ=0 σ=1[0m
[38;21mINFO:fitter.py: unbinned term 'vtx': 8000 candidates in 1 chunk(s) of 8000, graph loop[0m
[38;21mINFO:fitter.py: 1 unbinned term(s): the Hessian is assembled from Hessian-vector products rather than from the vectorised jacobian, and the HVP is revrev.[0m
[38;21mINFO:fitter.py: Perform iterative fit[0m
[38;21mINFO:fitter.py: [minimize] method=trust-krylov options={}[0m
[38;21mINFO:rabbit_fit.py: profile beta[0m
[38;21mINFO:rabbit_fit.py: edmval: 6.072656004919838e-17[0m
[38;21mINFO:rabbit_fit.py: Unbinned likelihood terms contribute -35886.811089 to the NLL; the saturated chi2 below is for the binned likelihood only[0m
[38;21mINFO:rabbit_fit.py: Saturated chi2:[0m
[38;21mINFO:rabbit_fit.py:     ndof: -59[0m
[38;21mINFO:rabbit_fit.py:     2*deltaNLL: 6.3[0m
[38;21mINFO:rabbit_fit.py:     p-value: nan%[0m
/work/submit/david_w/WRemnants_dev/wums/wums/ioutils.py:160: FutureWarning: .metadata was not set, returning None instead of Attribute error, boost-histogram 1.7+ will error.
  metadata = obj.metadata if hasattr(obj, "metadata") else None
Results written in file /ceph/submit/data/user/d/david_w/ZMass/cvh/runs_vtxres_260911/beamline/runs/fits/inj_vtx_cf/fitresults.hdf5
[38;21mINFO:rabbit_fit.py: 208.28 seconds total time[0m
=== fit inj_vtxbs_cf
param models: --paramModel UnbinnedParams
WARNING: All log messages before absl::InitializeLog() is called are written to STDERR
I0000 00:00:1789256278.604612 1171571 port.cc:153] oneDNN custom operations are on. You may see slightly different numerical results due to floating-point round-off errors from different computation orders. To turn them off, set the environment variable `TF_ENABLE_ONEDNN_OPTS=0`.
WARNING: All log messages before absl::InitializeLog() is called are written to STDERR
I0000 00:00:1789256282.955730 1171571 port.cc:153] oneDNN custom operations are on. You may see slightly different numerical results due to floating-point round-off errors from different computation orders. To turn them off, set the environment variable `TF_ENABLE_ONEDNN_OPTS=0`.
E0000 00:00:1789256288.311254 1171571 cuda_platform.cc:52] failed call to cuInit: INTERNAL: CUDA error: Failed call to cuInit: UNKNOWN ERROR (303)
calib_dummy {'axes': [Integer(0, 1, underflow=False, overflow=False, name='bin')], 'masked': False, 'flow': False, 'start': 0, 'stop': 1}
[38;21mINFO:unbinned.py: Loaded unbinned term 'bsx' (kind MaterialCF, channel jpsi): 8000 candidates, 1 chunk(s) of 8000, parameters ['material_other', 'material_beampipe', 'material_bpix_active_L1', 'material_bpix_active_L2', 'material_bpix_active_L3', 'material_bpix_services', 'material_bpix_support6', 'material_bpix_support7', 'material_fpix_active_D1', 'material_fpix_active_D2', 'material_fpix_support', 'material_tib_active_L1', 'material_tib_active_L2', 'material_tib_active_L3', 'material_tib_active_L4', 'material_tibtid_services', 'material_tib_support', 'material_tid_active_R1', 'material_tid_active_R2', 'material_tid_active_R3', 'material_tid_support', 'material_tob_active_L1', 'material_tob_active_L2', 'material_tob_active_L3', 'material_tob_active_L4', 'material_tob_active_L5', 'material_tob_active_L6', 'material_tob_services', 'material_tob_support', 'material_tec_active_R1', 'material_tec_active_R2', 'material_tec_active_R3', 'material_tec_active_R4', 'material_tec_active_R5', 'material_tec_active_R6', 'material_tec_active_R7', 'material_tec_services', 'material_tec_structure', 'material_thermal_screen', 'material_support_tube', 'material_pp1_cables', 'material_pixel_patch', 'hitres_pix_x_q0', 'hitres_pix_x_q1', 'hitres_pix_x_q2', 'hitres_pix_x_q3', 'hitres_pix_y_q0', 'hitres_pix_y_q1', 'hitres_pix_y_q2', 'hitres_pix_y_q3', 'hitres_str_N1_lo', 'hitres_str_N1_hi', 'hitres_str_N2_lo', 'hitres_str_N2_hi', 'hitres_str_N3_lo', 'hitres_str_N3_hi', 'hitres_str_N4_lo', 'hitres_str_N4_hi', 'hitres_str_N5_lo', 'hitres_str_N5_hi'][0m
[38;21mINFO:unbinned.py: Loaded unbinned term 'bsy' (kind MaterialCF, channel jpsi): 8000 candidates, 1 chunk(s) of 8000, parameters ['material_other', 'material_beampipe', 'material_bpix_active_L1', 'material_bpix_active_L2', 'material_bpix_active_L3', 'material_bpix_services', 'material_bpix_support6', 'material_bpix_support7', 'material_fpix_active_D1', 'material_fpix_active_D2', 'material_fpix_support', 'material_tib_active_L1', 'material_tib_active_L2', 'material_tib_active_L3', 'material_tib_active_L4', 'material_tibtid_services', 'material_tib_support', 'material_tid_active_R1', 'material_tid_active_R2', 'material_tid_active_R3', 'material_tid_support', 'material_tob_active_L1', 'material_tob_active_L2', 'material_tob_active_L3', 'material_tob_active_L4', 'material_tob_active_L5', 'material_tob_active_L6', 'material_tob_services', 'material_tob_support', 'material_tec_active_R1', 'material_tec_active_R2', 'material_tec_active_R3', 'material_tec_active_R4', 'material_tec_active_R5', 'material_tec_active_R6', 'material_tec_active_R7', 'material_tec_services', 'material_tec_structure', 'material_thermal_screen', 'material_support_tube', 'material_pp1_cables', 'material_pixel_patch', 'hitres_pix_x_q0', 'hitres_pix_x_q1', 'hitres_pix_x_q2', 'hitres_pix_x_q3', 'hitres_pix_y_q0', 'hitres_pix_y_q1', 'hitres_pix_y_q2', 'hitres_pix_y_q3', 'hitres_str_N1_lo', 'hitres_str_N1_hi', 'hitres_str_N2_lo', 'hitres_str_N2_hi', 'hitres_str_N3_lo', 'hitres_str_N3_hi', 'hitres_str_N4_lo', 'hitres_str_N4_hi', 'hitres_str_N5_lo', 'hitres_str_N5_hi'][0m
[38;21mINFO:unbinned.py: Loaded unbinned term 'vtx' (kind MaterialCF, channel jpsi): 8000 candidates, 1 chunk(s) of 8000, parameters ['material_other', 'material_beampipe', 'material_bpix_active_L1', 'material_bpix_active_L2', 'material_bpix_active_L3', 'material_bpix_services', 'material_bpix_support6', 'material_bpix_support7', 'material_fpix_active_D1', 'material_fpix_active_D2', 'material_fpix_support', 'material_tib_active_L1', 'material_tib_active_L2', 'material_tib_active_L3', 'material_tib_active_L4', 'material_tibtid_services', 'material_tib_support', 'material_tid_active_R1', 'material_tid_active_R2', 'material_tid_active_R3', 'material_tid_support', 'material_tob_active_L1', 'material_tob_active_L2', 'material_tob_active_L3', 'material_tob_active_L4', 'material_tob_active_L5', 'material_tob_active_L6', 'material_tob_services', 'material_tob_support', 'material_tec_active_R1', 'material_tec_active_R2', 'material_tec_active_R3', 'material_tec_active_R4', 'material_tec_active_R5', 'material_tec_active_R6', 'material_tec_active_R7', 'material_tec_services', 'material_tec_structure', 'material_thermal_screen', 'material_support_tube', 'material_pp1_cables', 'material_pixel_patch', 'hitres_pix_x_q0', 'hitres_pix_x_q1', 'hitres_pix_x_q2', 'hitres_pix_x_q3', 'hitres_pix_y_q0', 'hitres_pix_y_q1', 'hitres_pix_y_q2', 'hitres_pix_y_q3', 'hitres_str_N1_lo', 'hitres_str_N1_hi', 'hitres_str_N2_lo', 'hitres_str_N2_hi', 'hitres_str_N3_lo', 'hitres_str_N3_hi', 'hitres_str_N4_lo', 'hitres_str_N4_hi', 'hitres_str_N5_lo', 'hitres_str_N5_hi'][0m
[38;21mINFO:unbinned_params.py: UnbinnedParams: 60 POI(s) ['material_other', 'material_beampipe', 'material_bpix_active_L1', 'material_bpix_active_L2', 'material_bpix_active_L3', 'material_bpix_services', 'material_bpix_support6', 'material_bpix_support7', 'material_fpix_active_D1', 'material_fpix_active_D2', 'material_fpix_support', 'material_tib_active_L1', 'material_tib_active_L2', 'material_tib_active_L3', 'material_tib_active_L4', 'material_tibtid_services', 'material_tib_support', 'material_tid_active_R1', 'material_tid_active_R2', 'material_tid_active_R3', 'material_tid_support', 'material_tob_active_L1', 'material_tob_active_L2', 'material_tob_active_L3', 'material_tob_active_L4', 'material_tob_active_L5', 'material_tob_active_L6', 'material_tob_services', 'material_tob_support', 'material_tec_active_R1', 'material_tec_active_R2', 'material_tec_active_R3', 'material_tec_active_R4', 'material_tec_active_R5', 'material_tec_active_R6', 'material_tec_active_R7', 'material_tec_services', 'material_tec_structure', 'material_thermal_screen', 'material_support_tube', 'material_pp1_cables', 'material_pixel_patch', 'hitres_pix_x_q0', 'hitres_pix_x_q1', 'hitres_pix_x_q2', 'hitres_pix_x_q3', 'hitres_pix_y_q0', 'hitres_pix_y_q1', 'hitres_pix_y_q2', 'hitres_pix_y_q3', 'hitres_str_N1_lo', 'hitres_str_N1_hi', 'hitres_str_N2_lo', 'hitres_str_N2_hi', 'hitres_str_N3_lo', 'hitres_str_N3_hi', 'hitres_str_N4_lo', 'hitres_str_N4_hi', 'hitres_str_N5_lo', 'hitres_str_N5_hi'], 0 nuisance(s) [], 60 with a Gaussian prior[0m
[38;21mINFO:fitter.py: Unblinding 60 parameters: ['material_other', 'material_beampipe', 'material_bpix_active_L1', 'material_bpix_active_L2', 'material_bpix_active_L3', 'material_bpix_services', 'material_bpix_support6', 'material_bpix_support7', 'material_fpix_active_D1', 'material_fpix_active_D2', 'material_fpix_support', 'material_tib_active_L1', 'material_tib_active_L2', 'material_tib_active_L3', 'material_tib_active_L4', 'material_tibtid_services', 'material_tib_support', 'material_tid_active_R1', 'material_tid_active_R2', 'material_tid_active_R3', 'material_tid_support', 'material_tob_active_L1', 'material_tob_active_L2', 'material_tob_active_L3', 'material_tob_active_L4', 'material_tob_active_L5', 'material_tob_active_L6', 'material_tob_services', 'material_tob_support', 'material_tec_active_R1', 'material_tec_active_R2', 'material_tec_active_R3', 'material_tec_active_R4', 'material_tec_active_R5', 'material_tec_active_R6', 'material_tec_active_R7', 'material_tec_services', 'material_tec_structure', 'material_thermal_screen', 'material_support_tube', 'material_pp1_cables', 'material_pixel_patch', 'hitres_pix_x_q0', 'hitres_pix_x_q1', 'hitres_pix_x_q2', 'hitres_pix_x_q3', 'hitres_pix_y_q0', 'hitres_pix_y_q1', 'hitres_pix_y_q2', 'hitres_pix_y_q3', 'hitres_str_N1_lo', 'hitres_str_N1_hi', 'hitres_str_N2_lo', 'hitres_str_N2_hi', 'hitres_str_N3_lo', 'hitres_str_N3_hi', 'hitres_str_N4_lo', 'hitres_str_N4_hi', 'hitres_str_N5_lo', 'hitres_str_N5_hi'][0m
[38;21mINFO:fitter.py: [paramPriors] applying Gaussian priors to 60/60 ParamModel params:[0m
[38;21mINFO:fitter.py:     material_other: μ=0 σ=0.04[0m
[38;21mINFO:fitter.py:     material_beampipe: μ=0 σ=0.0001[0m
[38;21mINFO:fitter.py:     material_bpix_active_L1: μ=0 σ=0.0004[0m
[38;21mINFO:fitter.py:     material_bpix_active_L2: μ=0 σ=0.0004[0m
[38;21mINFO:fitter.py:     material_bpix_active_L3: μ=0 σ=0.0004[0m
[38;21mINFO:fitter.py:     material_bpix_services: μ=0 σ=0.01[0m
[38;21mINFO:fitter.py:     material_bpix_support6: μ=0 σ=0.0025[0m
[38;21mINFO:fitter.py:     material_bpix_support7: μ=0 σ=0.01[0m
[38;21mINFO:fitter.py:     material_fpix_active_D1: μ=0 σ=0.0004[0m
[38;21mINFO:fitter.py:     material_fpix_active_D2: μ=0 σ=0.0004[0m
[38;21mINFO:fitter.py:     material_fpix_support: μ=0 σ=0.0025[0m
[38;21mINFO:fitter.py:     material_tib_active_L1: μ=0 σ=0.0004[0m
[38;21mINFO:fitter.py:     material_tib_active_L2: μ=0 σ=0.0004[0m
[38;21mINFO:fitter.py:     material_tib_active_L3: μ=0 σ=0.0004[0m
[38;21mINFO:fitter.py:     material_tib_active_L4: μ=0 σ=0.0004[0m
[38;21mINFO:fitter.py:     material_tibtid_services: μ=0 σ=0.01[0m
[38;21mINFO:fitter.py:     material_tib_support: μ=0 σ=0.0025[0m
[38;21mINFO:fitter.py:     material_tid_active_R1: μ=0 σ=0.0004[0m
[38;21mINFO:fitter.py:     material_tid_active_R2: μ=0 σ=0.0004[0m
[38;21mINFO:fitter.py:     material_tid_active_R3: μ=0 σ=0.0004[0m
[38;21mINFO:fitter.py:     material_tid_support: μ=0 σ=0.0025[0m
[38;21mINFO:fitter.py:     material_tob_active_L1: μ=0 σ=0.0004[0m
[38;21mINFO:fitter.py:     material_tob_active_L2: μ=0 σ=0.0004[0m
[38;21mINFO:fitter.py:     material_tob_active_L3: μ=0 σ=0.0004[0m
[38;21mINFO:fitter.py:     material_tob_active_L4: μ=0 σ=0.0004[0m
[38;21mINFO:fitter.py:     material_tob_active_L5: μ=0 σ=0.0004[0m
[38;21mINFO:fitter.py:     material_tob_active_L6: μ=0 σ=0.0004[0m
[38;21mINFO:fitter.py:     material_tob_services: μ=0 σ=0.01[0m
[38;21mINFO:fitter.py:     material_tob_support: μ=0 σ=0.0025[0m
[38;21mINFO:fitter.py:     material_tec_active_R1: μ=0 σ=0.0004[0m
[38;21mINFO:fitter.py:     material_tec_active_R2: μ=0 σ=0.0004[0m
[38;21mINFO:fitter.py:     material_tec_active_R3: μ=0 σ=0.0004[0m
[38;21mINFO:fitter.py:     material_tec_active_R4: μ=0 σ=0.0004[0m
[38;21mINFO:fitter.py:     material_tec_active_R5: μ=0 σ=0.0004[0m
[38;21mINFO:fitter.py:     material_tec_active_R6: μ=0 σ=0.0004[0m
[38;21mINFO:fitter.py:     material_tec_active_R7: μ=0 σ=0.0004[0m
[38;21mINFO:fitter.py:     material_tec_services: μ=0 σ=0.01[0m
[38;21mINFO:fitter.py:     material_tec_structure: μ=0 σ=0.0025[0m
[38;21mINFO:fitter.py:     material_thermal_screen: μ=0 σ=0.0025[0m
[38;21mINFO:fitter.py:     material_support_tube: μ=0 σ=0.0025[0m
[38;21mINFO:fitter.py:     material_pp1_cables: μ=0 σ=0.01[0m
[38;21mINFO:fitter.py:     material_pixel_patch: μ=0 σ=0.01[0m
[38;21mINFO:fitter.py:     hitres_pix_x_q0: μ=0 σ=1[0m
[38;21mINFO:fitter.py:     hitres_pix_x_q1: μ=0 σ=1[0m
[38;21mINFO:fitter.py:     hitres_pix_x_q2: μ=0 σ=1[0m
[38;21mINFO:fitter.py:     hitres_pix_x_q3: μ=0 σ=1[0m
[38;21mINFO:fitter.py:     hitres_pix_y_q0: μ=0 σ=1[0m
[38;21mINFO:fitter.py:     hitres_pix_y_q1: μ=0 σ=1[0m
[38;21mINFO:fitter.py:     hitres_pix_y_q2: μ=0 σ=1[0m
[38;21mINFO:fitter.py:     hitres_pix_y_q3: μ=0 σ=1[0m
[38;21mINFO:fitter.py:     hitres_str_N1_lo: μ=0 σ=1[0m
[38;21mINFO:fitter.py:     hitres_str_N1_hi: μ=0 σ=1[0m
[38;21mINFO:fitter.py:     hitres_str_N2_lo: μ=0 σ=1[0m
[38;21mINFO:fitter.py:     hitres_str_N2_hi: μ=0 σ=1[0m
[38;21mINFO:fitter.py:     hitres_str_N3_lo: μ=0 σ=1[0m
[38;21mINFO:fitter.py:     hitres_str_N3_hi: μ=0 σ=1[0m
[38;21mINFO:fitter.py:     hitres_str_N4_lo: μ=0 σ=1[0m
[38;21mINFO:fitter.py:     hitres_str_N4_hi: μ=0 σ=1[0m
[38;21mINFO:fitter.py:     hitres_str_N5_lo: μ=0 σ=1[0m
[38;21mINFO:fitter.py:     hitres_str_N5_hi: μ=0 σ=1[0m
[38;21mINFO:fitter.py: unbinned term 'bsx': 8000 candidates in 1 chunk(s) of 8000, graph loop[0m
[38;21mINFO:fitter.py: unbinned term 'bsy': 8000 candidates in 1 chunk(s) of 8000, graph loop[0m
[38;21mINFO:fitter.py: unbinned term 'vtx': 8000 candidates in 1 chunk(s) of 8000, graph loop[0m
[38;21mINFO:fitter.py: 3 unbinned term(s): the Hessian is assembled from Hessian-vector products rather than from the vectorised jacobian, and the HVP is revrev.[0m
[38;21mINFO:fitter.py: Perform iterative fit[0m
[38;21mINFO:fitter.py: [minimize] method=trust-krylov options={}[0m
[38;21mINFO:rabbit_fit.py: profile beta[0m
[38;21mINFO:rabbit_fit.py: edmval: 2.6438486819731103e-12[0m
[38;21mINFO:rabbit_fit.py: Unbinned likelihood terms contribute -105163.800940 to the NLL; the saturated chi2 below is for the binned likelihood only[0m
[38;21mINFO:rabbit_fit.py: Saturated chi2:[0m
[38;21mINFO:rabbit_fit.py:     ndof: -59[0m
[38;21mINFO:rabbit_fit.py:     2*deltaNLL: 24.17[0m
[38;21mINFO:rabbit_fit.py:     p-value: nan%[0m
/work/submit/david_w/WRemnants_dev/wums/wums/ioutils.py:160: FutureWarning: .metadata was not set, returning None instead of Attribute error, boost-histogram 1.7+ will error.
  metadata = obj.metadata if hasattr(obj, "metadata") else None
Results written in file /ceph/submit/data/user/d/david_w/ZMass/cvh/runs_vtxres_260911/beamline/runs/fits/inj_vtxbs_cf/fitresults.hdf5
[38;21mINFO:rabbit_fit.py: 634.27 seconds total time[0m
=== fit inj_vtxbsm_cf
param models: --paramModel UnbinnedParams
WARNING: All log messages before absl::InitializeLog() is called are written to STDERR
I0000 00:00:1789256926.017316 1202131 port.cc:153] oneDNN custom operations are on. You may see slightly different numerical results due to floating-point round-off errors from different computation orders. To turn them off, set the environment variable `TF_ENABLE_ONEDNN_OPTS=0`.
WARNING: All log messages before absl::InitializeLog() is called are written to STDERR
I0000 00:00:1789256930.445772 1202131 port.cc:153] oneDNN custom operations are on. You may see slightly different numerical results due to floating-point round-off errors from different computation orders. To turn them off, set the environment variable `TF_ENABLE_ONEDNN_OPTS=0`.
E0000 00:00:1789256935.956289 1202131 cuda_platform.cc:52] failed call to cuInit: INTERNAL: CUDA error: Failed call to cuInit: UNKNOWN ERROR (303)
calib_dummy {'axes': [Integer(0, 1, underflow=False, overflow=False, name='bin')], 'masked': False, 'flow': False, 'start': 0, 'stop': 1}
[38;21mINFO:unbinned.py: Loaded unbinned term 'bsx' (kind MaterialCF, channel jpsi): 8000 candidates, 1 chunk(s) of 8000, parameters ['material_other', 'material_beampipe', 'material_bpix_active_L1', 'material_bpix_active_L2', 'material_bpix_active_L3', 'material_bpix_services', 'material_bpix_support6', 'material_bpix_support7', 'material_fpix_active_D1', 'material_fpix_active_D2', 'material_fpix_support', 'material_tib_active_L1', 'material_tib_active_L2', 'material_tib_active_L3', 'material_tib_active_L4', 'material_tibtid_services', 'material_tib_support', 'material_tid_active_R1', 'material_tid_active_R2', 'material_tid_active_R3', 'material_tid_support', 'material_tob_active_L1', 'material_tob_active_L2', 'material_tob_active_L3', 'material_tob_active_L4', 'material_tob_active_L5', 'material_tob_active_L6', 'material_tob_services', 'material_tob_support', 'material_tec_active_R1', 'material_tec_active_R2', 'material_tec_active_R3', 'material_tec_active_R4', 'material_tec_active_R5', 'material_tec_active_R6', 'material_tec_active_R7', 'material_tec_services', 'material_tec_structure', 'material_thermal_screen', 'material_support_tube', 'material_pp1_cables', 'material_pixel_patch', 'hitres_pix_x_q0', 'hitres_pix_x_q1', 'hitres_pix_x_q2', 'hitres_pix_x_q3', 'hitres_pix_y_q0', 'hitres_pix_y_q1', 'hitres_pix_y_q2', 'hitres_pix_y_q3', 'hitres_str_N1_lo', 'hitres_str_N1_hi', 'hitres_str_N2_lo', 'hitres_str_N2_hi', 'hitres_str_N3_lo', 'hitres_str_N3_hi', 'hitres_str_N4_lo', 'hitres_str_N4_hi', 'hitres_str_N5_lo', 'hitres_str_N5_hi'][0m
[38;21mINFO:unbinned.py: Loaded unbinned term 'bsy' (kind MaterialCF, channel jpsi): 8000 candidates, 1 chunk(s) of 8000, parameters ['material_other', 'material_beampipe', 'material_bpix_active_L1', 'material_bpix_active_L2', 'material_bpix_active_L3', 'material_bpix_services', 'material_bpix_support6', 'material_bpix_support7', 'material_fpix_active_D1', 'material_fpix_active_D2', 'material_fpix_support', 'material_tib_active_L1', 'material_tib_active_L2', 'material_tib_active_L3', 'material_tib_active_L4', 'material_tibtid_services', 'material_tib_support', 'material_tid_active_R1', 'material_tid_active_R2', 'material_tid_active_R3', 'material_tid_support', 'material_tob_active_L1', 'material_tob_active_L2', 'material_tob_active_L3', 'material_tob_active_L4', 'material_tob_active_L5', 'material_tob_active_L6', 'material_tob_services', 'material_tob_support', 'material_tec_active_R1', 'material_tec_active_R2', 'material_tec_active_R3', 'material_tec_active_R4', 'material_tec_active_R5', 'material_tec_active_R6', 'material_tec_active_R7', 'material_tec_services', 'material_tec_structure', 'material_thermal_screen', 'material_support_tube', 'material_pp1_cables', 'material_pixel_patch', 'hitres_pix_x_q0', 'hitres_pix_x_q1', 'hitres_pix_x_q2', 'hitres_pix_x_q3', 'hitres_pix_y_q0', 'hitres_pix_y_q1', 'hitres_pix_y_q2', 'hitres_pix_y_q3', 'hitres_str_N1_lo', 'hitres_str_N1_hi', 'hitres_str_N2_lo', 'hitres_str_N2_hi', 'hitres_str_N3_lo', 'hitres_str_N3_hi', 'hitres_str_N4_lo', 'hitres_str_N4_hi', 'hitres_str_N5_lo', 'hitres_str_N5_hi'][0m
[38;21mINFO:unbinned.py: Loaded unbinned term 'mass' (kind MaterialCF, channel jpsi): 8000 candidates, 1 chunk(s) of 8000, parameters ['material_other', 'material_beampipe', 'material_bpix_active_L1', 'material_bpix_active_L2', 'material_bpix_active_L3', 'material_bpix_services', 'material_bpix_support6', 'material_bpix_support7', 'material_fpix_active_D1', 'material_fpix_active_D2', 'material_fpix_support', 'material_tib_active_L1', 'material_tib_active_L2', 'material_tib_active_L3', 'material_tib_active_L4', 'material_tibtid_services', 'material_tib_support', 'material_tid_active_R1', 'material_tid_active_R2', 'material_tid_active_R3', 'material_tid_support', 'material_tob_active_L1', 'material_tob_active_L2', 'material_tob_active_L3', 'material_tob_active_L4', 'material_tob_active_L5', 'material_tob_active_L6', 'material_tob_services', 'material_tob_support', 'material_tec_active_R1', 'material_tec_active_R2', 'material_tec_active_R3', 'material_tec_active_R4', 'material_tec_active_R5', 'material_tec_active_R6', 'material_tec_active_R7', 'material_tec_services', 'material_tec_structure', 'material_thermal_screen', 'material_support_tube', 'material_pp1_cables', 'material_pixel_patch', 'hitres_pix_x_q0', 'hitres_pix_x_q1', 'hitres_pix_x_q2', 'hitres_pix_x_q3', 'hitres_pix_y_q0', 'hitres_pix_y_q1', 'hitres_pix_y_q2', 'hitres_pix_y_q3', 'hitres_str_N1_lo', 'hitres_str_N1_hi', 'hitres_str_N2_lo', 'hitres_str_N2_hi', 'hitres_str_N3_lo', 'hitres_str_N3_hi', 'hitres_str_N4_lo', 'hitres_str_N4_hi', 'hitres_str_N5_lo', 'hitres_str_N5_hi'][0m
[38;21mINFO:unbinned.py: Loaded unbinned term 'vtx' (kind MaterialCF, channel jpsi): 8000 candidates, 1 chunk(s) of 8000, parameters ['material_other', 'material_beampipe', 'material_bpix_active_L1', 'material_bpix_active_L2', 'material_bpix_active_L3', 'material_bpix_services', 'material_bpix_support6', 'material_bpix_support7', 'material_fpix_active_D1', 'material_fpix_active_D2', 'material_fpix_support', 'material_tib_active_L1', 'material_tib_active_L2', 'material_tib_active_L3', 'material_tib_active_L4', 'material_tibtid_services', 'material_tib_support', 'material_tid_active_R1', 'material_tid_active_R2', 'material_tid_active_R3', 'material_tid_support', 'material_tob_active_L1', 'material_tob_active_L2', 'material_tob_active_L3', 'material_tob_active_L4', 'material_tob_active_L5', 'material_tob_active_L6', 'material_tob_services', 'material_tob_support', 'material_tec_active_R1', 'material_tec_active_R2', 'material_tec_active_R3', 'material_tec_active_R4', 'material_tec_active_R5', 'material_tec_active_R6', 'material_tec_active_R7', 'material_tec_services', 'material_tec_structure', 'material_thermal_screen', 'material_support_tube', 'material_pp1_cables', 'material_pixel_patch', 'hitres_pix_x_q0', 'hitres_pix_x_q1', 'hitres_pix_x_q2', 'hitres_pix_x_q3', 'hitres_pix_y_q0', 'hitres_pix_y_q1', 'hitres_pix_y_q2', 'hitres_pix_y_q3', 'hitres_str_N1_lo', 'hitres_str_N1_hi', 'hitres_str_N2_lo', 'hitres_str_N2_hi', 'hitres_str_N3_lo', 'hitres_str_N3_hi', 'hitres_str_N4_lo', 'hitres_str_N4_hi', 'hitres_str_N5_lo', 'hitres_str_N5_hi'][0m
[38;21mINFO:unbinned_params.py: UnbinnedParams: 60 POI(s) ['material_other', 'material_beampipe', 'material_bpix_active_L1', 'material_bpix_active_L2', 'material_bpix_active_L3', 'material_bpix_services', 'material_bpix_support6', 'material_bpix_support7', 'material_fpix_active_D1', 'material_fpix_active_D2', 'material_fpix_support', 'material_tib_active_L1', 'material_tib_active_L2', 'material_tib_active_L3', 'material_tib_active_L4', 'material_tibtid_services', 'material_tib_support', 'material_tid_active_R1', 'material_tid_active_R2', 'material_tid_active_R3', 'material_tid_support', 'material_tob_active_L1', 'material_tob_active_L2', 'material_tob_active_L3', 'material_tob_active_L4', 'material_tob_active_L5', 'material_tob_active_L6', 'material_tob_services', 'material_tob_support', 'material_tec_active_R1', 'material_tec_active_R2', 'material_tec_active_R3', 'material_tec_active_R4', 'material_tec_active_R5', 'material_tec_active_R6', 'material_tec_active_R7', 'material_tec_services', 'material_tec_structure', 'material_thermal_screen', 'material_support_tube', 'material_pp1_cables', 'material_pixel_patch', 'hitres_pix_x_q0', 'hitres_pix_x_q1', 'hitres_pix_x_q2', 'hitres_pix_x_q3', 'hitres_pix_y_q0', 'hitres_pix_y_q1', 'hitres_pix_y_q2', 'hitres_pix_y_q3', 'hitres_str_N1_lo', 'hitres_str_N1_hi', 'hitres_str_N2_lo', 'hitres_str_N2_hi', 'hitres_str_N3_lo', 'hitres_str_N3_hi', 'hitres_str_N4_lo', 'hitres_str_N4_hi', 'hitres_str_N5_lo', 'hitres_str_N5_hi'], 0 nuisance(s) [], 60 with a Gaussian prior[0m
[38;21mINFO:fitter.py: Unblinding 60 parameters: ['material_other', 'material_beampipe', 'material_bpix_active_L1', 'material_bpix_active_L2', 'material_bpix_active_L3', 'material_bpix_services', 'material_bpix_support6', 'material_bpix_support7', 'material_fpix_active_D1', 'material_fpix_active_D2', 'material_fpix_support', 'material_tib_active_L1', 'material_tib_active_L2', 'material_tib_active_L3', 'material_tib_active_L4', 'material_tibtid_services', 'material_tib_support', 'material_tid_active_R1', 'material_tid_active_R2', 'material_tid_active_R3', 'material_tid_support', 'material_tob_active_L1', 'material_tob_active_L2', 'material_tob_active_L3', 'material_tob_active_L4', 'material_tob_active_L5', 'material_tob_active_L6', 'material_tob_services', 'material_tob_support', 'material_tec_active_R1', 'material_tec_active_R2', 'material_tec_active_R3', 'material_tec_active_R4', 'material_tec_active_R5', 'material_tec_active_R6', 'material_tec_active_R7', 'material_tec_services', 'material_tec_structure', 'material_thermal_screen', 'material_support_tube', 'material_pp1_cables', 'material_pixel_patch', 'hitres_pix_x_q0', 'hitres_pix_x_q1', 'hitres_pix_x_q2', 'hitres_pix_x_q3', 'hitres_pix_y_q0', 'hitres_pix_y_q1', 'hitres_pix_y_q2', 'hitres_pix_y_q3', 'hitres_str_N1_lo', 'hitres_str_N1_hi', 'hitres_str_N2_lo', 'hitres_str_N2_hi', 'hitres_str_N3_lo', 'hitres_str_N3_hi', 'hitres_str_N4_lo', 'hitres_str_N4_hi', 'hitres_str_N5_lo', 'hitres_str_N5_hi'][0m
[38;21mINFO:fitter.py: [paramPriors] applying Gaussian priors to 60/60 ParamModel params:[0m
[38;21mINFO:fitter.py:     material_other: μ=0 σ=0.04[0m
[38;21mINFO:fitter.py:     material_beampipe: μ=0 σ=0.0001[0m
[38;21mINFO:fitter.py:     material_bpix_active_L1: μ=0 σ=0.0004[0m
[38;21mINFO:fitter.py:     material_bpix_active_L2: μ=0 σ=0.0004[0m
[38;21mINFO:fitter.py:     material_bpix_active_L3: μ=0 σ=0.0004[0m
[38;21mINFO:fitter.py:     material_bpix_services: μ=0 σ=0.01[0m
[38;21mINFO:fitter.py:     material_bpix_support6: μ=0 σ=0.0025[0m
[38;21mINFO:fitter.py:     material_bpix_support7: μ=0 σ=0.01[0m
[38;21mINFO:fitter.py:     material_fpix_active_D1: μ=0 σ=0.0004[0m
[38;21mINFO:fitter.py:     material_fpix_active_D2: μ=0 σ=0.0004[0m
[38;21mINFO:fitter.py:     material_fpix_support: μ=0 σ=0.0025[0m
[38;21mINFO:fitter.py:     material_tib_active_L1: μ=0 σ=0.0004[0m
[38;21mINFO:fitter.py:     material_tib_active_L2: μ=0 σ=0.0004[0m
[38;21mINFO:fitter.py:     material_tib_active_L3: μ=0 σ=0.0004[0m
[38;21mINFO:fitter.py:     material_tib_active_L4: μ=0 σ=0.0004[0m
[38;21mINFO:fitter.py:     material_tibtid_services: μ=0 σ=0.01[0m
[38;21mINFO:fitter.py:     material_tib_support: μ=0 σ=0.0025[0m
[38;21mINFO:fitter.py:     material_tid_active_R1: μ=0 σ=0.0004[0m
[38;21mINFO:fitter.py:     material_tid_active_R2: μ=0 σ=0.0004[0m
[38;21mINFO:fitter.py:     material_tid_active_R3: μ=0 σ=0.0004[0m
[38;21mINFO:fitter.py:     material_tid_support: μ=0 σ=0.0025[0m
[38;21mINFO:fitter.py:     material_tob_active_L1: μ=0 σ=0.0004[0m
[38;21mINFO:fitter.py:     material_tob_active_L2: μ=0 σ=0.0004[0m
[38;21mINFO:fitter.py:     material_tob_active_L3: μ=0 σ=0.0004[0m
[38;21mINFO:fitter.py:     material_tob_active_L4: μ=0 σ=0.0004[0m
[38;21mINFO:fitter.py:     material_tob_active_L5: μ=0 σ=0.0004[0m
[38;21mINFO:fitter.py:     material_tob_active_L6: μ=0 σ=0.0004[0m
[38;21mINFO:fitter.py:     material_tob_services: μ=0 σ=0.01[0m
[38;21mINFO:fitter.py:     material_tob_support: μ=0 σ=0.0025[0m
[38;21mINFO:fitter.py:     material_tec_active_R1: μ=0 σ=0.0004[0m
[38;21mINFO:fitter.py:     material_tec_active_R2: μ=0 σ=0.0004[0m
[38;21mINFO:fitter.py:     material_tec_active_R3: μ=0 σ=0.0004[0m
[38;21mINFO:fitter.py:     material_tec_active_R4: μ=0 σ=0.0004[0m
[38;21mINFO:fitter.py:     material_tec_active_R5: μ=0 σ=0.0004[0m
[38;21mINFO:fitter.py:     material_tec_active_R6: μ=0 σ=0.0004[0m
[38;21mINFO:fitter.py:     material_tec_active_R7: μ=0 σ=0.0004[0m
[38;21mINFO:fitter.py:     material_tec_services: μ=0 σ=0.01[0m
[38;21mINFO:fitter.py:     material_tec_structure: μ=0 σ=0.0025[0m
[38;21mINFO:fitter.py:     material_thermal_screen: μ=0 σ=0.0025[0m
[38;21mINFO:fitter.py:     material_support_tube: μ=0 σ=0.0025[0m
[38;21mINFO:fitter.py:     material_pp1_cables: μ=0 σ=0.01[0m
[38;21mINFO:fitter.py:     material_pixel_patch: μ=0 σ=0.01[0m
[38;21mINFO:fitter.py:     hitres_pix_x_q0: μ=0 σ=1[0m
[38;21mINFO:fitter.py:     hitres_pix_x_q1: μ=0 σ=1[0m
[38;21mINFO:fitter.py:     hitres_pix_x_q2: μ=0 σ=1[0m
[38;21mINFO:fitter.py:     hitres_pix_x_q3: μ=0 σ=1[0m
[38;21mINFO:fitter.py:     hitres_pix_y_q0: μ=0 σ=1[0m
[38;21mINFO:fitter.py:     hitres_pix_y_q1: μ=0 σ=1[0m
[38;21mINFO:fitter.py:     hitres_pix_y_q2: μ=0 σ=1[0m
[38;21mINFO:fitter.py:     hitres_pix_y_q3: μ=0 σ=1[0m
[38;21mINFO:fitter.py:     hitres_str_N1_lo: μ=0 σ=1[0m
[38;21mINFO:fitter.py:     hitres_str_N1_hi: μ=0 σ=1[0m
[38;21mINFO:fitter.py:     hitres_str_N2_lo: μ=0 σ=1[0m
[38;21mINFO:fitter.py:     hitres_str_N2_hi: μ=0 σ=1[0m
[38;21mINFO:fitter.py:     hitres_str_N3_lo: μ=0 σ=1[0m
[38;21mINFO:fitter.py:     hitres_str_N3_hi: μ=0 σ=1[0m
[38;21mINFO:fitter.py:     hitres_str_N4_lo: μ=0 σ=1[0m
[38;21mINFO:fitter.py:     hitres_str_N4_hi: μ=0 σ=1[0m
[38;21mINFO:fitter.py:     hitres_str_N5_lo: μ=0 σ=1[0m
[38;21mINFO:fitter.py:     hitres_str_N5_hi: μ=0 σ=1[0m
[38;21mINFO:fitter.py: unbinned term 'bsx': 8000 candidates in 1 chunk(s) of 8000, graph loop[0m
[38;21mINFO:fitter.py: unbinned term 'bsy': 8000 candidates in 1 chunk(s) of 8000, graph loop[0m
[38;21mINFO:fitter.py: unbinned term 'mass': 8000 candidates in 1 chunk(s) of 8000, graph loop[0m
[38;21mINFO:fitter.py: unbinned term 'vtx': 8000 candidates in 1 chunk(s) of 8000, graph loop[0m
[38;21mINFO:fitter.py: 4 unbinned term(s): the Hessian is assembled from Hessian-vector products rather than from the vectorised jacobian, and the HVP is revrev.[0m
[38;21mINFO:fitter.py: Perform iterative fit[0m
[38;21mINFO:fitter.py: [minimize] method=trust-krylov options={}[0m
[38;21mINFO:rabbit_fit.py: profile beta[0m
[38;21mINFO:rabbit_fit.py: edmval: 1.1285964166684485e-12[0m
[38;21mINFO:rabbit_fit.py: Unbinned likelihood terms contribute -81695.162790 to the NLL; the saturated chi2 below is for the binned likelihood only[0m
[38;21mINFO:rabbit_fit.py: Saturated chi2:[0m
[38;21mINFO:rabbit_fit.py:     ndof: -59[0m
[38;21mINFO:rabbit_fit.py:     2*deltaNLL: 24.74[0m
[38;21mINFO:rabbit_fit.py:     p-value: nan%[0m
/work/submit/david_w/WRemnants_dev/wums/wums/ioutils.py:160: FutureWarning: .metadata was not set, returning None instead of Attribute error, boost-histogram 1.7+ will error.
  metadata = obj.metadata if hasattr(obj, "metadata") else None
Results written in file /ceph/submit/data/user/d/david_w/ZMass/cvh/runs_vtxres_260911/beamline/runs/fits/inj_vtxbsm_cf/fitresults.hdf5
[38;21mINFO:rabbit_fit.py: 1012.70 seconds total time[0m
=== fit injhit_bs_cf
param models: --paramModel UnbinnedParams
WARNING: All log messages before absl::InitializeLog() is called are written to STDERR
I0000 00:00:1789257953.131379 1240468 port.cc:153] oneDNN custom operations are on. You may see slightly different numerical results due to floating-point round-off errors from different computation orders. To turn them off, set the environment variable `TF_ENABLE_ONEDNN_OPTS=0`.
WARNING: All log messages before absl::InitializeLog() is called are written to STDERR
I0000 00:00:1789257957.421141 1240468 port.cc:153] oneDNN custom operations are on. You may see slightly different numerical results due to floating-point round-off errors from different computation orders. To turn them off, set the environment variable `TF_ENABLE_ONEDNN_OPTS=0`.
E0000 00:00:1789257962.879503 1240468 cuda_platform.cc:52] failed call to cuInit: INTERNAL: CUDA error: Failed call to cuInit: UNKNOWN ERROR (303)
calib_dummy {'axes': [Integer(0, 1, underflow=False, overflow=False, name='bin')], 'masked': False, 'flow': False, 'start': 0, 'stop': 1}
[38;21mINFO:unbinned.py: Loaded unbinned term 'bsx' (kind MaterialCF, channel jpsi): 8000 candidates, 1 chunk(s) of 8000, parameters ['material_other', 'material_beampipe', 'material_bpix_active_L1', 'material_bpix_active_L2', 'material_bpix_active_L3', 'material_bpix_services', 'material_bpix_support6', 'material_bpix_support7', 'material_fpix_active_D1', 'material_fpix_active_D2', 'material_fpix_support', 'material_tib_active_L1', 'material_tib_active_L2', 'material_tib_active_L3', 'material_tib_active_L4', 'material_tibtid_services', 'material_tib_support', 'material_tid_active_R1', 'material_tid_active_R2', 'material_tid_active_R3', 'material_tid_support', 'material_tob_active_L1', 'material_tob_active_L2', 'material_tob_active_L3', 'material_tob_active_L4', 'material_tob_active_L5', 'material_tob_active_L6', 'material_tob_services', 'material_tob_support', 'material_tec_active_R1', 'material_tec_active_R2', 'material_tec_active_R3', 'material_tec_active_R4', 'material_tec_active_R5', 'material_tec_active_R6', 'material_tec_active_R7', 'material_tec_services', 'material_tec_structure', 'material_thermal_screen', 'material_support_tube', 'material_pp1_cables', 'material_pixel_patch', 'hitres_pix_x_q0', 'hitres_pix_x_q1', 'hitres_pix_x_q2', 'hitres_pix_x_q3', 'hitres_pix_y_q0', 'hitres_pix_y_q1', 'hitres_pix_y_q2', 'hitres_pix_y_q3', 'hitres_str_N1_lo', 'hitres_str_N1_hi', 'hitres_str_N2_lo', 'hitres_str_N2_hi', 'hitres_str_N3_lo', 'hitres_str_N3_hi', 'hitres_str_N4_lo', 'hitres_str_N4_hi', 'hitres_str_N5_lo', 'hitres_str_N5_hi'][0m
[38;21mINFO:unbinned.py: Loaded unbinned term 'bsy' (kind MaterialCF, channel jpsi): 8000 candidates, 1 chunk(s) of 8000, parameters ['material_other', 'material_beampipe', 'material_bpix_active_L1', 'material_bpix_active_L2', 'material_bpix_active_L3', 'material_bpix_services', 'material_bpix_support6', 'material_bpix_support7', 'material_fpix_active_D1', 'material_fpix_active_D2', 'material_fpix_support', 'material_tib_active_L1', 'material_tib_active_L2', 'material_tib_active_L3', 'material_tib_active_L4', 'material_tibtid_services', 'material_tib_support', 'material_tid_active_R1', 'material_tid_active_R2', 'material_tid_active_R3', 'material_tid_support', 'material_tob_active_L1', 'material_tob_active_L2', 'material_tob_active_L3', 'material_tob_active_L4', 'material_tob_active_L5', 'material_tob_active_L6', 'material_tob_services', 'material_tob_support', 'material_tec_active_R1', 'material_tec_active_R2', 'material_tec_active_R3', 'material_tec_active_R4', 'material_tec_active_R5', 'material_tec_active_R6', 'material_tec_active_R7', 'material_tec_services', 'material_tec_structure', 'material_thermal_screen', 'material_support_tube', 'material_pp1_cables', 'material_pixel_patch', 'hitres_pix_x_q0', 'hitres_pix_x_q1', 'hitres_pix_x_q2', 'hitres_pix_x_q3', 'hitres_pix_y_q0', 'hitres_pix_y_q1', 'hitres_pix_y_q2', 'hitres_pix_y_q3', 'hitres_str_N1_lo', 'hitres_str_N1_hi', 'hitres_str_N2_lo', 'hitres_str_N2_hi', 'hitres_str_N3_lo', 'hitres_str_N3_hi', 'hitres_str_N4_lo', 'hitres_str_N4_hi', 'hitres_str_N5_lo', 'hitres_str_N5_hi'][0m
[38;21mINFO:unbinned_params.py: UnbinnedParams: 60 POI(s) ['material_other', 'material_beampipe', 'material_bpix_active_L1', 'material_bpix_active_L2', 'material_bpix_active_L3', 'material_bpix_services', 'material_bpix_support6', 'material_bpix_support7', 'material_fpix_active_D1', 'material_fpix_active_D2', 'material_fpix_support', 'material_tib_active_L1', 'material_tib_active_L2', 'material_tib_active_L3', 'material_tib_active_L4', 'material_tibtid_services', 'material_tib_support', 'material_tid_active_R1', 'material_tid_active_R2', 'material_tid_active_R3', 'material_tid_support', 'material_tob_active_L1', 'material_tob_active_L2', 'material_tob_active_L3', 'material_tob_active_L4', 'material_tob_active_L5', 'material_tob_active_L6', 'material_tob_services', 'material_tob_support', 'material_tec_active_R1', 'material_tec_active_R2', 'material_tec_active_R3', 'material_tec_active_R4', 'material_tec_active_R5', 'material_tec_active_R6', 'material_tec_active_R7', 'material_tec_services', 'material_tec_structure', 'material_thermal_screen', 'material_support_tube', 'material_pp1_cables', 'material_pixel_patch', 'hitres_pix_x_q0', 'hitres_pix_x_q1', 'hitres_pix_x_q2', 'hitres_pix_x_q3', 'hitres_pix_y_q0', 'hitres_pix_y_q1', 'hitres_pix_y_q2', 'hitres_pix_y_q3', 'hitres_str_N1_lo', 'hitres_str_N1_hi', 'hitres_str_N2_lo', 'hitres_str_N2_hi', 'hitres_str_N3_lo', 'hitres_str_N3_hi', 'hitres_str_N4_lo', 'hitres_str_N4_hi', 'hitres_str_N5_lo', 'hitres_str_N5_hi'], 0 nuisance(s) [], 60 with a Gaussian prior[0m
[38;21mINFO:fitter.py: Unblinding 60 parameters: ['material_other', 'material_beampipe', 'material_bpix_active_L1', 'material_bpix_active_L2', 'material_bpix_active_L3', 'material_bpix_services', 'material_bpix_support6', 'material_bpix_support7', 'material_fpix_active_D1', 'material_fpix_active_D2', 'material_fpix_support', 'material_tib_active_L1', 'material_tib_active_L2', 'material_tib_active_L3', 'material_tib_active_L4', 'material_tibtid_services', 'material_tib_support', 'material_tid_active_R1', 'material_tid_active_R2', 'material_tid_active_R3', 'material_tid_support', 'material_tob_active_L1', 'material_tob_active_L2', 'material_tob_active_L3', 'material_tob_active_L4', 'material_tob_active_L5', 'material_tob_active_L6', 'material_tob_services', 'material_tob_support', 'material_tec_active_R1', 'material_tec_active_R2', 'material_tec_active_R3', 'material_tec_active_R4', 'material_tec_active_R5', 'material_tec_active_R6', 'material_tec_active_R7', 'material_tec_services', 'material_tec_structure', 'material_thermal_screen', 'material_support_tube', 'material_pp1_cables', 'material_pixel_patch', 'hitres_pix_x_q0', 'hitres_pix_x_q1', 'hitres_pix_x_q2', 'hitres_pix_x_q3', 'hitres_pix_y_q0', 'hitres_pix_y_q1', 'hitres_pix_y_q2', 'hitres_pix_y_q3', 'hitres_str_N1_lo', 'hitres_str_N1_hi', 'hitres_str_N2_lo', 'hitres_str_N2_hi', 'hitres_str_N3_lo', 'hitres_str_N3_hi', 'hitres_str_N4_lo', 'hitres_str_N4_hi', 'hitres_str_N5_lo', 'hitres_str_N5_hi'][0m
[38;21mINFO:fitter.py: [paramPriors] applying Gaussian priors to 60/60 ParamModel params:[0m
[38;21mINFO:fitter.py:     material_other: μ=0 σ=0.04[0m
[38;21mINFO:fitter.py:     material_beampipe: μ=0 σ=0.0001[0m
[38;21mINFO:fitter.py:     material_bpix_active_L1: μ=0 σ=0.0004[0m
[38;21mINFO:fitter.py:     material_bpix_active_L2: μ=0 σ=0.0004[0m
[38;21mINFO:fitter.py:     material_bpix_active_L3: μ=0 σ=0.0004[0m
[38;21mINFO:fitter.py:     material_bpix_services: μ=0 σ=0.01[0m
[38;21mINFO:fitter.py:     material_bpix_support6: μ=0 σ=0.0025[0m
[38;21mINFO:fitter.py:     material_bpix_support7: μ=0 σ=0.01[0m
[38;21mINFO:fitter.py:     material_fpix_active_D1: μ=0 σ=0.0004[0m
[38;21mINFO:fitter.py:     material_fpix_active_D2: μ=0 σ=0.0004[0m
[38;21mINFO:fitter.py:     material_fpix_support: μ=0 σ=0.0025[0m
[38;21mINFO:fitter.py:     material_tib_active_L1: μ=0 σ=0.0004[0m
[38;21mINFO:fitter.py:     material_tib_active_L2: μ=0 σ=0.0004[0m
[38;21mINFO:fitter.py:     material_tib_active_L3: μ=0 σ=0.0004[0m
[38;21mINFO:fitter.py:     material_tib_active_L4: μ=0 σ=0.0004[0m
[38;21mINFO:fitter.py:     material_tibtid_services: μ=0 σ=0.01[0m
[38;21mINFO:fitter.py:     material_tib_support: μ=0 σ=0.0025[0m
[38;21mINFO:fitter.py:     material_tid_active_R1: μ=0 σ=0.0004[0m
[38;21mINFO:fitter.py:     material_tid_active_R2: μ=0 σ=0.0004[0m
[38;21mINFO:fitter.py:     material_tid_active_R3: μ=0 σ=0.0004[0m
[38;21mINFO:fitter.py:     material_tid_support: μ=0 σ=0.0025[0m
[38;21mINFO:fitter.py:     material_tob_active_L1: μ=0 σ=0.0004[0m
[38;21mINFO:fitter.py:     material_tob_active_L2: μ=0 σ=0.0004[0m
[38;21mINFO:fitter.py:     material_tob_active_L3: μ=0 σ=0.0004[0m
[38;21mINFO:fitter.py:     material_tob_active_L4: μ=0 σ=0.0004[0m
[38;21mINFO:fitter.py:     material_tob_active_L5: μ=0 σ=0.0004[0m
[38;21mINFO:fitter.py:     material_tob_active_L6: μ=0 σ=0.0004[0m
[38;21mINFO:fitter.py:     material_tob_services: μ=0 σ=0.01[0m
[38;21mINFO:fitter.py:     material_tob_support: μ=0 σ=0.0025[0m
[38;21mINFO:fitter.py:     material_tec_active_R1: μ=0 σ=0.0004[0m
[38;21mINFO:fitter.py:     material_tec_active_R2: μ=0 σ=0.0004[0m
[38;21mINFO:fitter.py:     material_tec_active_R3: μ=0 σ=0.0004[0m
[38;21mINFO:fitter.py:     material_tec_active_R4: μ=0 σ=0.0004[0m
[38;21mINFO:fitter.py:     material_tec_active_R5: μ=0 σ=0.0004[0m
[38;21mINFO:fitter.py:     material_tec_active_R6: μ=0 σ=0.0004[0m
[38;21mINFO:fitter.py:     material_tec_active_R7: μ=0 σ=0.0004[0m
[38;21mINFO:fitter.py:     material_tec_services: μ=0 σ=0.01[0m
[38;21mINFO:fitter.py:     material_tec_structure: μ=0 σ=0.0025[0m
[38;21mINFO:fitter.py:     material_thermal_screen: μ=0 σ=0.0025[0m
[38;21mINFO:fitter.py:     material_support_tube: μ=0 σ=0.0025[0m
[38;21mINFO:fitter.py:     material_pp1_cables: μ=0 σ=0.01[0m
[38;21mINFO:fitter.py:     material_pixel_patch: μ=0 σ=0.01[0m
[38;21mINFO:fitter.py:     hitres_pix_x_q0: μ=0 σ=1[0m
[38;21mINFO:fitter.py:     hitres_pix_x_q1: μ=0 σ=1[0m
[38;21mINFO:fitter.py:     hitres_pix_x_q2: μ=0 σ=1[0m
[38;21mINFO:fitter.py:     hitres_pix_x_q3: μ=0 σ=1[0m
[38;21mINFO:fitter.py:     hitres_pix_y_q0: μ=0 σ=1[0m
[38;21mINFO:fitter.py:     hitres_pix_y_q1: μ=0 σ=1[0m
[38;21mINFO:fitter.py:     hitres_pix_y_q2: μ=0 σ=1[0m
[38;21mINFO:fitter.py:     hitres_pix_y_q3: μ=0 σ=1[0m
[38;21mINFO:fitter.py:     hitres_str_N1_lo: μ=0 σ=1[0m
[38;21mINFO:fitter.py:     hitres_str_N1_hi: μ=0 σ=1[0m
[38;21mINFO:fitter.py:     hitres_str_N2_lo: μ=0 σ=1[0m
[38;21mINFO:fitter.py:     hitres_str_N2_hi: μ=0 σ=1[0m
[38;21mINFO:fitter.py:     hitres_str_N3_lo: μ=0 σ=1[0m
[38;21mINFO:fitter.py:     hitres_str_N3_hi: μ=0 σ=1[0m
[38;21mINFO:fitter.py:     hitres_str_N4_lo: μ=0 σ=1[0m
[38;21mINFO:fitter.py:     hitres_str_N4_hi: μ=0 σ=1[0m
[38;21mINFO:fitter.py:     hitres_str_N5_lo: μ=0 σ=1[0m
[38;21mINFO:fitter.py:     hitres_str_N5_hi: μ=0 σ=1[0m
[38;21mINFO:fitter.py: unbinned term 'bsx': 8000 candidates in 1 chunk(s) of 8000, graph loop[0m
[38;21mINFO:fitter.py: unbinned term 'bsy': 8000 candidates in 1 chunk(s) of 8000, graph loop[0m
[38;21mINFO:fitter.py: 2 unbinned term(s): the Hessian is assembled from Hessian-vector products rather than from the vectorised jacobian, and the HVP is revrev.[0m
[38;21mINFO:fitter.py: Perform iterative fit[0m
[38;21mINFO:fitter.py: [minimize] method=trust-krylov options={}[0m
[38;21mINFO:rabbit_fit.py: profile beta[0m
[38;21mINFO:rabbit_fit.py: edmval: 3.41760622602902e-16[0m
[38;21mINFO:rabbit_fit.py: Unbinned likelihood terms contribute -69299.371688 to the NLL; the saturated chi2 below is for the binned likelihood only[0m
[38;21mINFO:rabbit_fit.py: Saturated chi2:[0m
[38;21mINFO:rabbit_fit.py:     ndof: -59[0m
[38;21mINFO:rabbit_fit.py:     2*deltaNLL: 26.39[0m
[38;21mINFO:rabbit_fit.py:     p-value: nan%[0m
/work/submit/david_w/WRemnants_dev/wums/wums/ioutils.py:160: FutureWarning: .metadata was not set, returning None instead of Attribute error, boost-histogram 1.7+ will error.
  metadata = obj.metadata if hasattr(obj, "metadata") else None
Results written in file /ceph/submit/data/user/d/david_w/ZMass/cvh/runs_vtxres_260911/beamline/runs/fits/injhit_bs_cf/fitresults.hdf5
[38;21mINFO:rabbit_fit.py: 380.34 seconds total time[0m
=== fit injhit_vtx_cf
param models: --paramModel UnbinnedParams
WARNING: All log messages before absl::InitializeLog() is called are written to STDERR
I0000 00:00:1789258346.052785 1256768 port.cc:153] oneDNN custom operations are on. You may see slightly different numerical results due to floating-point round-off errors from different computation orders. To turn them off, set the environment variable `TF_ENABLE_ONEDNN_OPTS=0`.
WARNING: All log messages before absl::InitializeLog() is called are written to STDERR
I0000 00:00:1789258350.362988 1256768 port.cc:153] oneDNN custom operations are on. You may see slightly different numerical results due to floating-point round-off errors from different computation orders. To turn them off, set the environment variable `TF_ENABLE_ONEDNN_OPTS=0`.
E0000 00:00:1789258355.628778 1256768 cuda_platform.cc:52] failed call to cuInit: INTERNAL: CUDA error: Failed call to cuInit: UNKNOWN ERROR (303)
calib_dummy {'axes': [Integer(0, 1, underflow=False, overflow=False, name='bin')], 'masked': False, 'flow': False, 'start': 0, 'stop': 1}
[38;21mINFO:unbinned.py: Loaded unbinned term 'vtx' (kind MaterialCF, channel jpsi): 8000 candidates, 1 chunk(s) of 8000, parameters ['material_other', 'material_beampipe', 'material_bpix_active_L1', 'material_bpix_active_L2', 'material_bpix_active_L3', 'material_bpix_services', 'material_bpix_support6', 'material_bpix_support7', 'material_fpix_active_D1', 'material_fpix_active_D2', 'material_fpix_support', 'material_tib_active_L1', 'material_tib_active_L2', 'material_tib_active_L3', 'material_tib_active_L4', 'material_tibtid_services', 'material_tib_support', 'material_tid_active_R1', 'material_tid_active_R2', 'material_tid_active_R3', 'material_tid_support', 'material_tob_active_L1', 'material_tob_active_L2', 'material_tob_active_L3', 'material_tob_active_L4', 'material_tob_active_L5', 'material_tob_active_L6', 'material_tob_services', 'material_tob_support', 'material_tec_active_R1', 'material_tec_active_R2', 'material_tec_active_R3', 'material_tec_active_R4', 'material_tec_active_R5', 'material_tec_active_R6', 'material_tec_active_R7', 'material_tec_services', 'material_tec_structure', 'material_thermal_screen', 'material_support_tube', 'material_pp1_cables', 'material_pixel_patch', 'hitres_pix_x_q0', 'hitres_pix_x_q1', 'hitres_pix_x_q2', 'hitres_pix_x_q3', 'hitres_pix_y_q0', 'hitres_pix_y_q1', 'hitres_pix_y_q2', 'hitres_pix_y_q3', 'hitres_str_N1_lo', 'hitres_str_N1_hi', 'hitres_str_N2_lo', 'hitres_str_N2_hi', 'hitres_str_N3_lo', 'hitres_str_N3_hi', 'hitres_str_N4_lo', 'hitres_str_N4_hi', 'hitres_str_N5_lo', 'hitres_str_N5_hi'][0m
[38;21mINFO:unbinned_params.py: UnbinnedParams: 60 POI(s) ['material_other', 'material_beampipe', 'material_bpix_active_L1', 'material_bpix_active_L2', 'material_bpix_active_L3', 'material_bpix_services', 'material_bpix_support6', 'material_bpix_support7', 'material_fpix_active_D1', 'material_fpix_active_D2', 'material_fpix_support', 'material_tib_active_L1', 'material_tib_active_L2', 'material_tib_active_L3', 'material_tib_active_L4', 'material_tibtid_services', 'material_tib_support', 'material_tid_active_R1', 'material_tid_active_R2', 'material_tid_active_R3', 'material_tid_support', 'material_tob_active_L1', 'material_tob_active_L2', 'material_tob_active_L3', 'material_tob_active_L4', 'material_tob_active_L5', 'material_tob_active_L6', 'material_tob_services', 'material_tob_support', 'material_tec_active_R1', 'material_tec_active_R2', 'material_tec_active_R3', 'material_tec_active_R4', 'material_tec_active_R5', 'material_tec_active_R6', 'material_tec_active_R7', 'material_tec_services', 'material_tec_structure', 'material_thermal_screen', 'material_support_tube', 'material_pp1_cables', 'material_pixel_patch', 'hitres_pix_x_q0', 'hitres_pix_x_q1', 'hitres_pix_x_q2', 'hitres_pix_x_q3', 'hitres_pix_y_q0', 'hitres_pix_y_q1', 'hitres_pix_y_q2', 'hitres_pix_y_q3', 'hitres_str_N1_lo', 'hitres_str_N1_hi', 'hitres_str_N2_lo', 'hitres_str_N2_hi', 'hitres_str_N3_lo', 'hitres_str_N3_hi', 'hitres_str_N4_lo', 'hitres_str_N4_hi', 'hitres_str_N5_lo', 'hitres_str_N5_hi'], 0 nuisance(s) [], 60 with a Gaussian prior[0m
[38;21mINFO:fitter.py: Unblinding 60 parameters: ['material_other', 'material_beampipe', 'material_bpix_active_L1', 'material_bpix_active_L2', 'material_bpix_active_L3', 'material_bpix_services', 'material_bpix_support6', 'material_bpix_support7', 'material_fpix_active_D1', 'material_fpix_active_D2', 'material_fpix_support', 'material_tib_active_L1', 'material_tib_active_L2', 'material_tib_active_L3', 'material_tib_active_L4', 'material_tibtid_services', 'material_tib_support', 'material_tid_active_R1', 'material_tid_active_R2', 'material_tid_active_R3', 'material_tid_support', 'material_tob_active_L1', 'material_tob_active_L2', 'material_tob_active_L3', 'material_tob_active_L4', 'material_tob_active_L5', 'material_tob_active_L6', 'material_tob_services', 'material_tob_support', 'material_tec_active_R1', 'material_tec_active_R2', 'material_tec_active_R3', 'material_tec_active_R4', 'material_tec_active_R5', 'material_tec_active_R6', 'material_tec_active_R7', 'material_tec_services', 'material_tec_structure', 'material_thermal_screen', 'material_support_tube', 'material_pp1_cables', 'material_pixel_patch', 'hitres_pix_x_q0', 'hitres_pix_x_q1', 'hitres_pix_x_q2', 'hitres_pix_x_q3', 'hitres_pix_y_q0', 'hitres_pix_y_q1', 'hitres_pix_y_q2', 'hitres_pix_y_q3', 'hitres_str_N1_lo', 'hitres_str_N1_hi', 'hitres_str_N2_lo', 'hitres_str_N2_hi', 'hitres_str_N3_lo', 'hitres_str_N3_hi', 'hitres_str_N4_lo', 'hitres_str_N4_hi', 'hitres_str_N5_lo', 'hitres_str_N5_hi'][0m
[38;21mINFO:fitter.py: [paramPriors] applying Gaussian priors to 60/60 ParamModel params:[0m
[38;21mINFO:fitter.py:     material_other: μ=0 σ=0.04[0m
[38;21mINFO:fitter.py:     material_beampipe: μ=0 σ=0.0001[0m
[38;21mINFO:fitter.py:     material_bpix_active_L1: μ=0 σ=0.0004[0m
[38;21mINFO:fitter.py:     material_bpix_active_L2: μ=0 σ=0.0004[0m
[38;21mINFO:fitter.py:     material_bpix_active_L3: μ=0 σ=0.0004[0m
[38;21mINFO:fitter.py:     material_bpix_services: μ=0 σ=0.01[0m
[38;21mINFO:fitter.py:     material_bpix_support6: μ=0 σ=0.0025[0m
[38;21mINFO:fitter.py:     material_bpix_support7: μ=0 σ=0.01[0m
[38;21mINFO:fitter.py:     material_fpix_active_D1: μ=0 σ=0.0004[0m
[38;21mINFO:fitter.py:     material_fpix_active_D2: μ=0 σ=0.0004[0m
[38;21mINFO:fitter.py:     material_fpix_support: μ=0 σ=0.0025[0m
[38;21mINFO:fitter.py:     material_tib_active_L1: μ=0 σ=0.0004[0m
[38;21mINFO:fitter.py:     material_tib_active_L2: μ=0 σ=0.0004[0m
[38;21mINFO:fitter.py:     material_tib_active_L3: μ=0 σ=0.0004[0m
[38;21mINFO:fitter.py:     material_tib_active_L4: μ=0 σ=0.0004[0m
[38;21mINFO:fitter.py:     material_tibtid_services: μ=0 σ=0.01[0m
[38;21mINFO:fitter.py:     material_tib_support: μ=0 σ=0.0025[0m
[38;21mINFO:fitter.py:     material_tid_active_R1: μ=0 σ=0.0004[0m
[38;21mINFO:fitter.py:     material_tid_active_R2: μ=0 σ=0.0004[0m
[38;21mINFO:fitter.py:     material_tid_active_R3: μ=0 σ=0.0004[0m
[38;21mINFO:fitter.py:     material_tid_support: μ=0 σ=0.0025[0m
[38;21mINFO:fitter.py:     material_tob_active_L1: μ=0 σ=0.0004[0m
[38;21mINFO:fitter.py:     material_tob_active_L2: μ=0 σ=0.0004[0m
[38;21mINFO:fitter.py:     material_tob_active_L3: μ=0 σ=0.0004[0m
[38;21mINFO:fitter.py:     material_tob_active_L4: μ=0 σ=0.0004[0m
[38;21mINFO:fitter.py:     material_tob_active_L5: μ=0 σ=0.0004[0m
[38;21mINFO:fitter.py:     material_tob_active_L6: μ=0 σ=0.0004[0m
[38;21mINFO:fitter.py:     material_tob_services: μ=0 σ=0.01[0m
[38;21mINFO:fitter.py:     material_tob_support: μ=0 σ=0.0025[0m
[38;21mINFO:fitter.py:     material_tec_active_R1: μ=0 σ=0.0004[0m
[38;21mINFO:fitter.py:     material_tec_active_R2: μ=0 σ=0.0004[0m
[38;21mINFO:fitter.py:     material_tec_active_R3: μ=0 σ=0.0004[0m
[38;21mINFO:fitter.py:     material_tec_active_R4: μ=0 σ=0.0004[0m
[38;21mINFO:fitter.py:     material_tec_active_R5: μ=0 σ=0.0004[0m
[38;21mINFO:fitter.py:     material_tec_active_R6: μ=0 σ=0.0004[0m
[38;21mINFO:fitter.py:     material_tec_active_R7: μ=0 σ=0.0004[0m
[38;21mINFO:fitter.py:     material_tec_services: μ=0 σ=0.01[0m
[38;21mINFO:fitter.py:     material_tec_structure: μ=0 σ=0.0025[0m
[38;21mINFO:fitter.py:     material_thermal_screen: μ=0 σ=0.0025[0m
[38;21mINFO:fitter.py:     material_support_tube: μ=0 σ=0.0025[0m
[38;21mINFO:fitter.py:     material_pp1_cables: μ=0 σ=0.01[0m
[38;21mINFO:fitter.py:     material_pixel_patch: μ=0 σ=0.01[0m
[38;21mINFO:fitter.py:     hitres_pix_x_q0: μ=0 σ=1[0m
[38;21mINFO:fitter.py:     hitres_pix_x_q1: μ=0 σ=1[0m
[38;21mINFO:fitter.py:     hitres_pix_x_q2: μ=0 σ=1[0m
[38;21mINFO:fitter.py:     hitres_pix_x_q3: μ=0 σ=1[0m
[38;21mINFO:fitter.py:     hitres_pix_y_q0: μ=0 σ=1[0m
[38;21mINFO:fitter.py:     hitres_pix_y_q1: μ=0 σ=1[0m
[38;21mINFO:fitter.py:     hitres_pix_y_q2: μ=0 σ=1[0m
[38;21mINFO:fitter.py:     hitres_pix_y_q3: μ=0 σ=1[0m
[38;21mINFO:fitter.py:     hitres_str_N1_lo: μ=0 σ=1[0m
[38;21mINFO:fitter.py:     hitres_str_N1_hi: μ=0 σ=1[0m
[38;21mINFO:fitter.py:     hitres_str_N2_lo: μ=0 σ=1[0m
[38;21mINFO:fitter.py:     hitres_str_N2_hi: μ=0 σ=1[0m
[38;21mINFO:fitter.py:     hitres_str_N3_lo: μ=0 σ=1[0m
[38;21mINFO:fitter.py:     hitres_str_N3_hi: μ=0 σ=1[0m
[38;21mINFO:fitter.py:     hitres_str_N4_lo: μ=0 σ=1[0m
[38;21mINFO:fitter.py:     hitres_str_N4_hi: μ=0 σ=1[0m
[38;21mINFO:fitter.py:     hitres_str_N5_lo: μ=0 σ=1[0m
[38;21mINFO:fitter.py:     hitres_str_N5_hi: μ=0 σ=1[0m
[38;21mINFO:fitter.py: unbinned term 'vtx': 8000 candidates in 1 chunk(s) of 8000, graph loop[0m
[38;21mINFO:fitter.py: 1 unbinned term(s): the Hessian is assembled from Hessian-vector products rather than from the vectorised jacobian, and the HVP is revrev.[0m
[38;21mINFO:fitter.py: Perform iterative fit[0m
[38;21mINFO:fitter.py: [minimize] method=trust-krylov options={}[0m
[38;21mINFO:rabbit_fit.py: profile beta[0m
[38;21mINFO:rabbit_fit.py: edmval: 1.9157229202879729e-13[0m
[38;21mINFO:rabbit_fit.py: Unbinned likelihood terms contribute -35886.419837 to the NLL; the saturated chi2 below is for the binned likelihood only[0m
[38;21mINFO:rabbit_fit.py: Saturated chi2:[0m
[38;21mINFO:rabbit_fit.py:     ndof: -59[0m
[38;21mINFO:rabbit_fit.py:     2*deltaNLL: 6.33[0m
[38;21mINFO:rabbit_fit.py:     p-value: nan%[0m
/work/submit/david_w/WRemnants_dev/wums/wums/ioutils.py:160: FutureWarning: .metadata was not set, returning None instead of Attribute error, boost-histogram 1.7+ will error.
  metadata = obj.metadata if hasattr(obj, "metadata") else None
Results written in file /ceph/submit/data/user/d/david_w/ZMass/cvh/runs_vtxres_260911/beamline/runs/fits/injhit_vtx_cf/fitresults.hdf5
[38;21mINFO:rabbit_fit.py: 197.44 seconds total time[0m
=== fit injhit_vtxbs_cf
param models: --paramModel UnbinnedParams
WARNING: All log messages before absl::InitializeLog() is called are written to STDERR
I0000 00:00:1789258555.601405 1265838 port.cc:153] oneDNN custom operations are on. You may see slightly different numerical results due to floating-point round-off errors from different computation orders. To turn them off, set the environment variable `TF_ENABLE_ONEDNN_OPTS=0`.
WARNING: All log messages before absl::InitializeLog() is called are written to STDERR
I0000 00:00:1789258559.808783 1265838 port.cc:153] oneDNN custom operations are on. You may see slightly different numerical results due to floating-point round-off errors from different computation orders. To turn them off, set the environment variable `TF_ENABLE_ONEDNN_OPTS=0`.
E0000 00:00:1789258565.025324 1265838 cuda_platform.cc:52] failed call to cuInit: INTERNAL: CUDA error: Failed call to cuInit: UNKNOWN ERROR (303)
calib_dummy {'axes': [Integer(0, 1, underflow=False, overflow=False, name='bin')], 'masked': False, 'flow': False, 'start': 0, 'stop': 1}
[38;21mINFO:unbinned.py: Loaded unbinned term 'bsx' (kind MaterialCF, channel jpsi): 8000 candidates, 1 chunk(s) of 8000, parameters ['material_other', 'material_beampipe', 'material_bpix_active_L1', 'material_bpix_active_L2', 'material_bpix_active_L3', 'material_bpix_services', 'material_bpix_support6', 'material_bpix_support7', 'material_fpix_active_D1', 'material_fpix_active_D2', 'material_fpix_support', 'material_tib_active_L1', 'material_tib_active_L2', 'material_tib_active_L3', 'material_tib_active_L4', 'material_tibtid_services', 'material_tib_support', 'material_tid_active_R1', 'material_tid_active_R2', 'material_tid_active_R3', 'material_tid_support', 'material_tob_active_L1', 'material_tob_active_L2', 'material_tob_active_L3', 'material_tob_active_L4', 'material_tob_active_L5', 'material_tob_active_L6', 'material_tob_services', 'material_tob_support', 'material_tec_active_R1', 'material_tec_active_R2', 'material_tec_active_R3', 'material_tec_active_R4', 'material_tec_active_R5', 'material_tec_active_R6', 'material_tec_active_R7', 'material_tec_services', 'material_tec_structure', 'material_thermal_screen', 'material_support_tube', 'material_pp1_cables', 'material_pixel_patch', 'hitres_pix_x_q0', 'hitres_pix_x_q1', 'hitres_pix_x_q2', 'hitres_pix_x_q3', 'hitres_pix_y_q0', 'hitres_pix_y_q1', 'hitres_pix_y_q2', 'hitres_pix_y_q3', 'hitres_str_N1_lo', 'hitres_str_N1_hi', 'hitres_str_N2_lo', 'hitres_str_N2_hi', 'hitres_str_N3_lo', 'hitres_str_N3_hi', 'hitres_str_N4_lo', 'hitres_str_N4_hi', 'hitres_str_N5_lo', 'hitres_str_N5_hi'][0m
[38;21mINFO:unbinned.py: Loaded unbinned term 'bsy' (kind MaterialCF, channel jpsi): 8000 candidates, 1 chunk(s) of 8000, parameters ['material_other', 'material_beampipe', 'material_bpix_active_L1', 'material_bpix_active_L2', 'material_bpix_active_L3', 'material_bpix_services', 'material_bpix_support6', 'material_bpix_support7', 'material_fpix_active_D1', 'material_fpix_active_D2', 'material_fpix_support', 'material_tib_active_L1', 'material_tib_active_L2', 'material_tib_active_L3', 'material_tib_active_L4', 'material_tibtid_services', 'material_tib_support', 'material_tid_active_R1', 'material_tid_active_R2', 'material_tid_active_R3', 'material_tid_support', 'material_tob_active_L1', 'material_tob_active_L2', 'material_tob_active_L3', 'material_tob_active_L4', 'material_tob_active_L5', 'material_tob_active_L6', 'material_tob_services', 'material_tob_support', 'material_tec_active_R1', 'material_tec_active_R2', 'material_tec_active_R3', 'material_tec_active_R4', 'material_tec_active_R5', 'material_tec_active_R6', 'material_tec_active_R7', 'material_tec_services', 'material_tec_structure', 'material_thermal_screen', 'material_support_tube', 'material_pp1_cables', 'material_pixel_patch', 'hitres_pix_x_q0', 'hitres_pix_x_q1', 'hitres_pix_x_q2', 'hitres_pix_x_q3', 'hitres_pix_y_q0', 'hitres_pix_y_q1', 'hitres_pix_y_q2', 'hitres_pix_y_q3', 'hitres_str_N1_lo', 'hitres_str_N1_hi', 'hitres_str_N2_lo', 'hitres_str_N2_hi', 'hitres_str_N3_lo', 'hitres_str_N3_hi', 'hitres_str_N4_lo', 'hitres_str_N4_hi', 'hitres_str_N5_lo', 'hitres_str_N5_hi'][0m
[38;21mINFO:unbinned.py: Loaded unbinned term 'vtx' (kind MaterialCF, channel jpsi): 8000 candidates, 1 chunk(s) of 8000, parameters ['material_other', 'material_beampipe', 'material_bpix_active_L1', 'material_bpix_active_L2', 'material_bpix_active_L3', 'material_bpix_services', 'material_bpix_support6', 'material_bpix_support7', 'material_fpix_active_D1', 'material_fpix_active_D2', 'material_fpix_support', 'material_tib_active_L1', 'material_tib_active_L2', 'material_tib_active_L3', 'material_tib_active_L4', 'material_tibtid_services', 'material_tib_support', 'material_tid_active_R1', 'material_tid_active_R2', 'material_tid_active_R3', 'material_tid_support', 'material_tob_active_L1', 'material_tob_active_L2', 'material_tob_active_L3', 'material_tob_active_L4', 'material_tob_active_L5', 'material_tob_active_L6', 'material_tob_services', 'material_tob_support', 'material_tec_active_R1', 'material_tec_active_R2', 'material_tec_active_R3', 'material_tec_active_R4', 'material_tec_active_R5', 'material_tec_active_R6', 'material_tec_active_R7', 'material_tec_services', 'material_tec_structure', 'material_thermal_screen', 'material_support_tube', 'material_pp1_cables', 'material_pixel_patch', 'hitres_pix_x_q0', 'hitres_pix_x_q1', 'hitres_pix_x_q2', 'hitres_pix_x_q3', 'hitres_pix_y_q0', 'hitres_pix_y_q1', 'hitres_pix_y_q2', 'hitres_pix_y_q3', 'hitres_str_N1_lo', 'hitres_str_N1_hi', 'hitres_str_N2_lo', 'hitres_str_N2_hi', 'hitres_str_N3_lo', 'hitres_str_N3_hi', 'hitres_str_N4_lo', 'hitres_str_N4_hi', 'hitres_str_N5_lo', 'hitres_str_N5_hi'][0m
[38;21mINFO:unbinned_params.py: UnbinnedParams: 60 POI(s) ['material_other', 'material_beampipe', 'material_bpix_active_L1', 'material_bpix_active_L2', 'material_bpix_active_L3', 'material_bpix_services', 'material_bpix_support6', 'material_bpix_support7', 'material_fpix_active_D1', 'material_fpix_active_D2', 'material_fpix_support', 'material_tib_active_L1', 'material_tib_active_L2', 'material_tib_active_L3', 'material_tib_active_L4', 'material_tibtid_services', 'material_tib_support', 'material_tid_active_R1', 'material_tid_active_R2', 'material_tid_active_R3', 'material_tid_support', 'material_tob_active_L1', 'material_tob_active_L2', 'material_tob_active_L3', 'material_tob_active_L4', 'material_tob_active_L5', 'material_tob_active_L6', 'material_tob_services', 'material_tob_support', 'material_tec_active_R1', 'material_tec_active_R2', 'material_tec_active_R3', 'material_tec_active_R4', 'material_tec_active_R5', 'material_tec_active_R6', 'material_tec_active_R7', 'material_tec_services', 'material_tec_structure', 'material_thermal_screen', 'material_support_tube', 'material_pp1_cables', 'material_pixel_patch', 'hitres_pix_x_q0', 'hitres_pix_x_q1', 'hitres_pix_x_q2', 'hitres_pix_x_q3', 'hitres_pix_y_q0', 'hitres_pix_y_q1', 'hitres_pix_y_q2', 'hitres_pix_y_q3', 'hitres_str_N1_lo', 'hitres_str_N1_hi', 'hitres_str_N2_lo', 'hitres_str_N2_hi', 'hitres_str_N3_lo', 'hitres_str_N3_hi', 'hitres_str_N4_lo', 'hitres_str_N4_hi', 'hitres_str_N5_lo', 'hitres_str_N5_hi'], 0 nuisance(s) [], 60 with a Gaussian prior[0m
[38;21mINFO:fitter.py: Unblinding 60 parameters: ['material_other', 'material_beampipe', 'material_bpix_active_L1', 'material_bpix_active_L2', 'material_bpix_active_L3', 'material_bpix_services', 'material_bpix_support6', 'material_bpix_support7', 'material_fpix_active_D1', 'material_fpix_active_D2', 'material_fpix_support', 'material_tib_active_L1', 'material_tib_active_L2', 'material_tib_active_L3', 'material_tib_active_L4', 'material_tibtid_services', 'material_tib_support', 'material_tid_active_R1', 'material_tid_active_R2', 'material_tid_active_R3', 'material_tid_support', 'material_tob_active_L1', 'material_tob_active_L2', 'material_tob_active_L3', 'material_tob_active_L4', 'material_tob_active_L5', 'material_tob_active_L6', 'material_tob_services', 'material_tob_support', 'material_tec_active_R1', 'material_tec_active_R2', 'material_tec_active_R3', 'material_tec_active_R4', 'material_tec_active_R5', 'material_tec_active_R6', 'material_tec_active_R7', 'material_tec_services', 'material_tec_structure', 'material_thermal_screen', 'material_support_tube', 'material_pp1_cables', 'material_pixel_patch', 'hitres_pix_x_q0', 'hitres_pix_x_q1', 'hitres_pix_x_q2', 'hitres_pix_x_q3', 'hitres_pix_y_q0', 'hitres_pix_y_q1', 'hitres_pix_y_q2', 'hitres_pix_y_q3', 'hitres_str_N1_lo', 'hitres_str_N1_hi', 'hitres_str_N2_lo', 'hitres_str_N2_hi', 'hitres_str_N3_lo', 'hitres_str_N3_hi', 'hitres_str_N4_lo', 'hitres_str_N4_hi', 'hitres_str_N5_lo', 'hitres_str_N5_hi'][0m
[38;21mINFO:fitter.py: [paramPriors] applying Gaussian priors to 60/60 ParamModel params:[0m
[38;21mINFO:fitter.py:     material_other: μ=0 σ=0.04[0m
[38;21mINFO:fitter.py:     material_beampipe: μ=0 σ=0.0001[0m
[38;21mINFO:fitter.py:     material_bpix_active_L1: μ=0 σ=0.0004[0m
[38;21mINFO:fitter.py:     material_bpix_active_L2: μ=0 σ=0.0004[0m
[38;21mINFO:fitter.py:     material_bpix_active_L3: μ=0 σ=0.0004[0m
[38;21mINFO:fitter.py:     material_bpix_services: μ=0 σ=0.01[0m
[38;21mINFO:fitter.py:     material_bpix_support6: μ=0 σ=0.0025[0m
[38;21mINFO:fitter.py:     material_bpix_support7: μ=0 σ=0.01[0m
[38;21mINFO:fitter.py:     material_fpix_active_D1: μ=0 σ=0.0004[0m
[38;21mINFO:fitter.py:     material_fpix_active_D2: μ=0 σ=0.0004[0m
[38;21mINFO:fitter.py:     material_fpix_support: μ=0 σ=0.0025[0m
[38;21mINFO:fitter.py:     material_tib_active_L1: μ=0 σ=0.0004[0m
[38;21mINFO:fitter.py:     material_tib_active_L2: μ=0 σ=0.0004[0m
[38;21mINFO:fitter.py:     material_tib_active_L3: μ=0 σ=0.0004[0m
[38;21mINFO:fitter.py:     material_tib_active_L4: μ=0 σ=0.0004[0m
[38;21mINFO:fitter.py:     material_tibtid_services: μ=0 σ=0.01[0m
[38;21mINFO:fitter.py:     material_tib_support: μ=0 σ=0.0025[0m
[38;21mINFO:fitter.py:     material_tid_active_R1: μ=0 σ=0.0004[0m
[38;21mINFO:fitter.py:     material_tid_active_R2: μ=0 σ=0.0004[0m
[38;21mINFO:fitter.py:     material_tid_active_R3: μ=0 σ=0.0004[0m
[38;21mINFO:fitter.py:     material_tid_support: μ=0 σ=0.0025[0m
[38;21mINFO:fitter.py:     material_tob_active_L1: μ=0 σ=0.0004[0m
[38;21mINFO:fitter.py:     material_tob_active_L2: μ=0 σ=0.0004[0m
[38;21mINFO:fitter.py:     material_tob_active_L3: μ=0 σ=0.0004[0m
[38;21mINFO:fitter.py:     material_tob_active_L4: μ=0 σ=0.0004[0m
[38;21mINFO:fitter.py:     material_tob_active_L5: μ=0 σ=0.0004[0m
[38;21mINFO:fitter.py:     material_tob_active_L6: μ=0 σ=0.0004[0m
[38;21mINFO:fitter.py:     material_tob_services: μ=0 σ=0.01[0m
[38;21mINFO:fitter.py:     material_tob_support: μ=0 σ=0.0025[0m
[38;21mINFO:fitter.py:     material_tec_active_R1: μ=0 σ=0.0004[0m
[38;21mINFO:fitter.py:     material_tec_active_R2: μ=0 σ=0.0004[0m
[38;21mINFO:fitter.py:     material_tec_active_R3: μ=0 σ=0.0004[0m
[38;21mINFO:fitter.py:     material_tec_active_R4: μ=0 σ=0.0004[0m
[38;21mINFO:fitter.py:     material_tec_active_R5: μ=0 σ=0.0004[0m
[38;21mINFO:fitter.py:     material_tec_active_R6: μ=0 σ=0.0004[0m
[38;21mINFO:fitter.py:     material_tec_active_R7: μ=0 σ=0.0004[0m
[38;21mINFO:fitter.py:     material_tec_services: μ=0 σ=0.01[0m
[38;21mINFO:fitter.py:     material_tec_structure: μ=0 σ=0.0025[0m
[38;21mINFO:fitter.py:     material_thermal_screen: μ=0 σ=0.0025[0m
[38;21mINFO:fitter.py:     material_support_tube: μ=0 σ=0.0025[0m
[38;21mINFO:fitter.py:     material_pp1_cables: μ=0 σ=0.01[0m
[38;21mINFO:fitter.py:     material_pixel_patch: μ=0 σ=0.01[0m
[38;21mINFO:fitter.py:     hitres_pix_x_q0: μ=0 σ=1[0m
[38;21mINFO:fitter.py:     hitres_pix_x_q1: μ=0 σ=1[0m
[38;21mINFO:fitter.py:     hitres_pix_x_q2: μ=0 σ=1[0m
[38;21mINFO:fitter.py:     hitres_pix_x_q3: μ=0 σ=1[0m
[38;21mINFO:fitter.py:     hitres_pix_y_q0: μ=0 σ=1[0m
[38;21mINFO:fitter.py:     hitres_pix_y_q1: μ=0 σ=1[0m
[38;21mINFO:fitter.py:     hitres_pix_y_q2: μ=0 σ=1[0m
[38;21mINFO:fitter.py:     hitres_pix_y_q3: μ=0 σ=1[0m
[38;21mINFO:fitter.py:     hitres_str_N1_lo: μ=0 σ=1[0m
[38;21mINFO:fitter.py:     hitres_str_N1_hi: μ=0 σ=1[0m
[38;21mINFO:fitter.py:     hitres_str_N2_lo: μ=0 σ=1[0m
[38;21mINFO:fitter.py:     hitres_str_N2_hi: μ=0 σ=1[0m
[38;21mINFO:fitter.py:     hitres_str_N3_lo: μ=0 σ=1[0m
[38;21mINFO:fitter.py:     hitres_str_N3_hi: μ=0 σ=1[0m
[38;21mINFO:fitter.py:     hitres_str_N4_lo: μ=0 σ=1[0m
[38;21mINFO:fitter.py:     hitres_str_N4_hi: μ=0 σ=1[0m
[38;21mINFO:fitter.py:     hitres_str_N5_lo: μ=0 σ=1[0m
[38;21mINFO:fitter.py:     hitres_str_N5_hi: μ=0 σ=1[0m
[38;21mINFO:fitter.py: unbinned term 'bsx': 8000 candidates in 1 chunk(s) of 8000, graph loop[0m
[38;21mINFO:fitter.py: unbinned term 'bsy': 8000 candidates in 1 chunk(s) of 8000, graph loop[0m
[38;21mINFO:fitter.py: unbinned term 'vtx': 8000 candidates in 1 chunk(s) of 8000, graph loop[0m
[38;21mINFO:fitter.py: 3 unbinned term(s): the Hessian is assembled from Hessian-vector products rather than from the vectorised jacobian, and the HVP is revrev.[0m
[38;21mINFO:fitter.py: Perform iterative fit[0m
[38;21mINFO:fitter.py: [minimize] method=trust-krylov options={}[0m
[38;21mINFO:rabbit_fit.py: profile beta[0m
[38;21mINFO:rabbit_fit.py: edmval: 7.366948873661497e-13[0m
[38;21mINFO:rabbit_fit.py: Unbinned likelihood terms contribute -105162.471036 to the NLL; the saturated chi2 below is for the binned likelihood only[0m
[38;21mINFO:rabbit_fit.py: Saturated chi2:[0m
[38;21mINFO:rabbit_fit.py:     ndof: -59[0m
[38;21mINFO:rabbit_fit.py:     2*deltaNLL: 24.49[0m
[38;21mINFO:rabbit_fit.py:     p-value: nan%[0m
/work/submit/david_w/WRemnants_dev/wums/wums/ioutils.py:160: FutureWarning: .metadata was not set, returning None instead of Attribute error, boost-histogram 1.7+ will error.
  metadata = obj.metadata if hasattr(obj, "metadata") else None
Results written in file /ceph/submit/data/user/d/david_w/ZMass/cvh/runs_vtxres_260911/beamline/runs/fits/injhit_vtxbs_cf/fitresults.hdf5
[38;21mINFO:rabbit_fit.py: 629.45 seconds total time[0m
WARNING: All log messages before absl::InitializeLog() is called are written to STDERR
I0000 00:00:1789259197.775605 1289462 port.cc:153] oneDNN custom operations are on. You may see slightly different numerical results due to floating-point round-off errors from different computation orders. To turn them off, set the environment variable `TF_ENABLE_ONEDNN_OPTS=0`.
WARNING: All log messages before absl::InitializeLog() is called are written to STDERR
I0000 00:00:1789259201.856192 1289462 port.cc:153] oneDNN custom operations are on. You may see slightly different numerical results due to floating-point round-off errors from different computation orders. To turn them off, set the environment variable `TF_ENABLE_ONEDNN_OPTS=0`.
  bsx: standard two-track selection on 10254 candidates
  bsx:     Jpsi_vtxok                        --  (column absent: NOT APPLIED)
  bsx:     finite sigma_m, sigma_v        10254  (100.00 %, -0)
  bsx:     min leg hits >= 8              10254  (100.00 %, -0)
  bsx:     |z_v| < 5                      10254  (100.00 %, -0)
  bsx:     kept                           10254  (100.00 %)
Traceback (most recent call last):
  File "/work/submit/david_w/ZMass/calibration_studies/resolution/vtxres/fisher_vtx.py", line 170, in <module>
    main()
    ~~~~^^
  File "/work/submit/david_w/ZMass/calibration_studies/resolution/vtxres/fisher_vtx.py", line 120, in main
    t, _, lidx = MVC.build_term(nm, npz, arm, ba, group_units,
                 ~~~~~~~~~~~~~~^^^^^^^^^^^^^^^^^^^^^^^^^^^^^^^
                                gparams, hparams, ngroups, {}, {},
                                ^^^^^^^^^^^^^^^^^^^^^^^^^^^^^^^^^^
                                idx=lidx)
                                ^^^^^^^^^
  File "/work/submit/david_w/ZMass/calibration_studies/resolution/vtxres/make_vtx_card.py", line 347, in build_term
    wnorm = _norm_halfwidth(args, d)
  File "/work/submit/david_w/ZMass/calibration_studies/resolution/vtxres/make_vtx_card.py", line 79, in _norm_halfwidth
    if args.vtx_norm_window is not None:
       ^^^^^^^^^^^^^^^^^^^^
AttributeError: '_A' object has no attribute 'vtx_norm_window'
=== channel bs
Traceback (most recent call last):
  File "/work/submit/david_w/ZMass/calibration_studies/resolution/vtxres/../hitlik/efficiency.py", line 226, in <module>
    main()
    ~~~~^^
  File "/work/submit/david_w/ZMass/calibration_studies/resolution/vtxres/../hitlik/efficiency.py", line 86, in main
    d = np.load(a.fisher, allow_pickle=True)
  File "/opt/venv/lib/python3.13/site-packages/numpy/lib/_npyio_impl.py", line 454, in load
    fid = stack.enter_context(open(os.fspath(file), "rb"))
                              ~~~~^^^^^^^^^^^^^^^^^^^^^^^
FileNotFoundError: [Errno 2] No such file or directory: '/ceph/submit/data/user/d/david_w/ZMass/cvh/runs_vtxres_260911/beamline/runs/fisherHJ.npz'
=== channel vtx
Traceback (most recent call last):
  File "/work/submit/david_w/ZMass/calibration_studies/resolution/vtxres/../hitlik/efficiency.py", line 226, in <module>
    main()
    ~~~~^^
  File "/work/submit/david_w/ZMass/calibration_studies/resolution/vtxres/../hitlik/efficiency.py", line 86, in main
    d = np.load(a.fisher, allow_pickle=True)
  File "/opt/venv/lib/python3.13/site-packages/numpy/lib/_npyio_impl.py", line 454, in load
    fid = stack.enter_context(open(os.fspath(file), "rb"))
                              ~~~~^^^^^^^^^^^^^^^^^^^^^^^
FileNotFoundError: [Errno 2] No such file or directory: '/ceph/submit/data/user/d/david_w/ZMass/cvh/runs_vtxres_260911/beamline/runs/fisherHJ.npz'
=== channel vtxbs
Traceback (most recent call last):
  File "/work/submit/david_w/ZMass/calibration_studies/resolution/vtxres/../hitlik/efficiency.py", line 226, in <module>
    main()
    ~~~~^^
  File "/work/submit/david_w/ZMass/calibration_studies/resolution/vtxres/../hitlik/efficiency.py", line 86, in main
    d = np.load(a.fisher, allow_pickle=True)
  File "/opt/venv/lib/python3.13/site-packages/numpy/lib/_npyio_impl.py", line 454, in load
    fid = stack.enter_context(open(os.fspath(file), "rb"))
                              ~~~~^^^^^^^^^^^^^^^^^^^^^^^
FileNotFoundError: [Errno 2] No such file or directory: '/ceph/submit/data/user/d/david_w/ZMass/cvh/runs_vtxres_260911/beamline/runs/fisherHJ.npz'
=== channel vtxbsmass
Traceback (most recent call last):
  File "/work/submit/david_w/ZMass/calibration_studies/resolution/vtxres/../hitlik/efficiency.py", line 226, in <module>
    main()
    ~~~~^^
  File "/work/submit/david_w/ZMass/calibration_studies/resolution/vtxres/../hitlik/efficiency.py", line 86, in main
    d = np.load(a.fisher, allow_pickle=True)
  File "/opt/venv/lib/python3.13/site-packages/numpy/lib/_npyio_impl.py", line 454, in load
    fid = stack.enter_context(open(os.fspath(file), "rb"))
                              ~~~~^^^^^^^^^^^^^^^^^^^^^^^
FileNotFoundError: [Errno 2] No such file or directory: '/ceph/submit/data/user/d/david_w/ZMass/cvh/runs_vtxres_260911/beamline/runs/fisherHJ.npz'
================================================================================================
A. FITTED VALUES AT MC TRUTH (no injection) -- value +- error, and the physical amount
================================================================================================
fit                    EDM             NLL   params
bs_cf            1.096e-17             nan       60
vtx_cf           1.953e-13             nan       60
vtxbs_cf         2.416e-13             nan       60
vtxbsm_cf        7.278e-15             nan       60

parameter                      prior      bs_cf k       +-    %mat  /prior     vtx_cf k       +-    %mat  /prior   vtxbs_cf k       +-    %mat  /prior  vtxbsm_cf k       +-    %mat  /prior
material_bpix_services         0.100      -0.0020   0.0982   -0.20   0.982      -0.0035   0.0990   -0.35   0.990      -0.0017   0.0975   -0.17   0.975      -0.0054   0.0969   -0.54   0.969
material_bpix_support6         0.050       0.0597   0.0495    6.15   0.990       0.0236   0.0491    2.39   0.983       0.0790   0.0485    8.22   0.970       0.0819   0.0485    8.54   0.971
material_other                 0.200      -0.0090   0.1988   -0.90   0.994      -0.0067   0.1992   -0.67   0.996      -0.0171   0.1980   -1.70   0.990      -0.0182   0.1978   -1.81   0.989
material_tib_support           0.050       0.0000   0.0498    0.00   0.995      -0.0058   0.0497   -0.58   0.994      -0.0078   0.0494   -0.77   0.989      -0.0095   0.0490   -0.94   0.980
material_tibtid_services       0.100      -0.0049   0.0996   -0.49   0.996       0.0026   0.1000    0.26   1.000       0.0000   0.0997    0.00   0.997      -0.0104   0.0984   -1.04   0.984
material_pixel_patch           0.100      -0.0026   0.0998   -0.26   0.998      -0.0022   0.0999   -0.22   0.999      -0.0044   0.0997   -0.44   0.997      -0.0057   0.0996   -0.57   0.996
material_tec_structure         0.050      -0.0017   0.0499   -0.17   0.998       0.0020   0.0500    0.20   1.000       0.0015   0.0500    0.15   0.999      -0.0008   0.0496   -0.08   0.993
material_tid_support           0.050      -0.0025   0.0499   -0.25   0.998       0.0006   0.0500    0.06   1.000      -0.0014   0.0499   -0.14   0.999      -0.0017   0.0499   -0.17   0.998
material_tec_active_R5         0.020      -0.0001   0.0200   -0.01   1.000      -0.0000   0.0200   -0.00   1.000      -0.0001   0.0200   -0.01   1.000      -0.0001   0.0200   -0.01   1.000
material_tid_active_R2         0.020      -0.0000   0.0200   -0.00   1.000      -0.0000   0.0200   -0.00   1.000      -0.0000   0.0200   -0.00   1.000      -0.0000   0.0200   -0.00   1.000

================================================================================================
B. INJECTION RECOVERY for material_bpix_support6  (physical units)
================================================================================================
   SIGN: the injection scales that group's exponents by exp(+k) in the CARD, i.e.
   it declares the model at k = 0 to already have exp(k) times the material, so
   the MLE moves by -k.  What is tested is |shift| against |truth|.
   PRIOR SHRINKAGE: the group carries its tier prior, and the injection is about
   one prior sigma, so the POSTERIOR only moves by a fraction
   f = sigma_post^2 / sigma_lik^2 of it, with 1/sigma_lik^2 = 1/sigma_post^2 - 1/sigma_pri^2.
   The prior-corrected column divides the shift by that f.
arm            baseline       +-   injected       +-      shift  /truth  f_pri corr/truth pull_lik   leak
bs_cf           0.05969  0.04951    0.05859  0.04936   -0.00109     nan  0.026        nan      nan  0.023
      largest leakage: hitres_pix_x_q1 -0.12 sigma, hitres_pix_x_q2 -0.07 sigma, hitres_pix_y_q1 -0.06 sigma
vtx_cf          0.02362  0.04913    0.02179  0.04898   -0.00182     nan  0.040        nan      nan  0.025
      largest leakage: hitres_pix_x_q1 -0.14 sigma, hitres_pix_x_q2 -0.10 sigma, hitres_pix_x_q3 -0.06 sigma
vtxbs_cf        0.07902  0.04848    0.07583  0.04819   -0.00319     nan  0.071        nan      nan  0.035
      largest leakage: hitres_pix_x_q1 -0.19 sigma, hitres_pix_x_q2 -0.12 sigma, hitres_pix_x_q3 -0.08 sigma
vtxbsm_cf       0.08194  0.04854    0.07886  0.04825   -0.00308     nan  0.069        nan      nan  0.035
      largest leakage: hitres_pix_x_q1 -0.19 sigma, hitres_pix_x_q2 -0.12 sigma, hitres_pix_x_q3 -0.08 sigma
================================================================================================
A. FITTED VALUES AT MC TRUTH (no injection) -- value +- error, and the physical amount
================================================================================================
fit                    EDM             NLL   params
bs_cf            1.096e-17             nan       60
vtx_cf           1.953e-13             nan       60
vtxbs_cf         2.416e-13             nan       60

parameter                      prior      bs_cf k       +-    %mat  /prior     vtx_cf k       +-    %mat  /prior   vtxbs_cf k       +-    %mat  /prior
material_bpix_services         0.100      -0.0020   0.0982   -0.20   0.982      -0.0035   0.0990   -0.35   0.990      -0.0017   0.0975   -0.17   0.975
material_bpix_support6         0.050       0.0597   0.0495    6.15   0.990       0.0236   0.0491    2.39   0.983       0.0790   0.0485    8.22   0.970
material_other                 0.200      -0.0090   0.1988   -0.90   0.994      -0.0067   0.1992   -0.67   0.996      -0.0171   0.1980   -1.70   0.990
material_tib_support           0.050       0.0000   0.0498    0.00   0.995      -0.0058   0.0497   -0.58   0.994      -0.0078   0.0494   -0.77   0.989
material_tibtid_services       0.100      -0.0049   0.0996   -0.49   0.996       0.0026   0.1000    0.26   1.000       0.0000   0.0997    0.00   0.997
material_pixel_patch           0.100      -0.0026   0.0998   -0.26   0.998      -0.0022   0.0999   -0.22   0.999      -0.0044   0.0997   -0.44   0.997
material_tec_structure         0.050      -0.0017   0.0499   -0.17   0.998       0.0020   0.0500    0.20   1.000       0.0015   0.0500    0.15   0.999
material_tid_support           0.050      -0.0025   0.0499   -0.25   0.998       0.0006   0.0500    0.06   1.000      -0.0014   0.0499   -0.14   0.999
material_tec_active_R5         0.020      -0.0001   0.0200   -0.01   1.000      -0.0000   0.0200   -0.00   1.000      -0.0001   0.0200   -0.01   1.000
material_tid_active_R2         0.020      -0.0000   0.0200   -0.00   1.000      -0.0000   0.0200   -0.00   1.000      -0.0000   0.0200   -0.00   1.000

================================================================================================
B. INJECTION RECOVERY for hitres_pix_x_q2  (physical units)
================================================================================================
   SIGN: the injection scales that group's exponents by exp(+k) in the CARD, i.e.
   it declares the model at k = 0 to already have exp(k) times the material, so
   the MLE moves by -k.  What is tested is |shift| against |truth|.
   PRIOR SHRINKAGE: the group carries its tier prior, and the injection is about
   one prior sigma, so the POSTERIOR only moves by a fraction
   f = sigma_post^2 / sigma_lik^2 of it, with 1/sigma_lik^2 = 1/sigma_post^2 - 1/sigma_pri^2.
   The prior-corrected column divides the shift by that f.
arm            baseline       +-   injected       +-      shift  /truth  f_pri corr/truth pull_lik   leak
bs_cf           0.12280  0.16186    0.02322  0.14766   -0.09958     nan    nan        nan      nan  0.001
      largest leakage: hitres_pix_y_q2 -0.00 sigma, hitres_pix_x_q1 -0.00 sigma, hitres_pix_x_q3 -0.00 sigma
vtx_cf          0.34876  0.12291    0.22812  0.11197   -0.12064     nan    nan        nan      nan  0.001
      largest leakage: hitres_str_N3_hi -0.00 sigma, hitres_pix_y_q2 -0.00 sigma, hitres_pix_x_q1 -0.00 sigma
vtxbs_cf        0.26219  0.09659    0.14854  0.08793   -0.11366     nan    nan        nan      nan  0.000
      largest leakage: hitres_pix_x_q1 -0.00 sigma, hitres_pix_y_q2 -0.00 sigma, material_bpix_support6 -0.00 sigma
fit                   npar     NLLred(min)        EDM  cert              bpix_support                  pix_x_q2
---------------------------------------------------------------------------------------------------------------
bs_cf                   60     -69286.1679   1.10e-17  PASS      +0.05969 +- 0.04951        +0.12280 +- 0.16186  
bs_gauss                60     -69224.9249   7.47e-15  PASS      +0.03107 +- 0.04900        +0.07264 +- 0.15871  
bs_gaussq               60     -69223.1569   1.86e-10  PASS      +0.03643 +- 0.04921        +0.10745 +- 0.15940  
inj_bs_cf               60     -69287.3226   7.33e-17  PASS      +0.05859 +- 0.04936        +0.11208 +- 0.16167  
inj_vtx_cf              60     -35883.6607   6.07e-17  PASS      +0.02179 +- 0.04898        +0.33668 +- 0.12285  
inj_vtxbs_cf            60    -105151.7148   2.64e-12  PASS      +0.07583 +- 0.04819        +0.25050 +- 0.09654  
inj_vtxbsm_cf           60     -81682.7941   1.13e-12  PASS      +0.07886 +- 0.04825        +0.25087 +- 0.09675  
injhit_bs_cf            60     -69286.1754   3.42e-16  PASS      +0.05963 +- 0.04951        +0.02322 +- 0.14766  
injhit_vtx_cf           60     -35883.2525   1.92e-13  PASS      +0.02353 +- 0.04913        +0.22812 +- 0.11197  
injhit_vtxbs_cf         60    -105150.2266   7.37e-13  PASS      +0.07894 +- 0.04848        +0.14854 +- 0.08793  
mass_cf                 60      23259.5296   6.10e-19  PASS      +0.00173 +- 0.05003        +0.15096 +- 0.98408  
vtx_cf                  60     -35883.2171   1.95e-13  PASS      +0.02362 +- 0.04913        +0.34876 +- 0.12291  
vtxbs_cf                60    -105150.2030   2.42e-13  PASS      +0.07902 +- 0.04848        +0.26219 +- 0.09659  
vtxbsm_cf               60     -81681.2242   7.28e-15  PASS      +0.08194 +- 0.04854        +0.26265 +- 0.09680  

14/14 certified at EDM < 0.001
