ABMP15_3_nnlo
ABMP15_4_nnlo
ABMP15_5_nnlo
                                                          
         [1;31m********************************************[0m
         [1;31m*           MiNNLOPS Version 4.0           *[0m
         [1;31m********************************************[0m
                                                        
 [1;31m If you use this program for scientific work, please cite: [0m
                                                          
 [1;31m P. Monni, P. Nason, E. Re, M. Wiesemann, G. Zanderighi (arXiv:1908.06987)[0m
                                                        
 [1;31m P. Monni, E. Re, M. Wiesemann (arXiv:2006.04133)[0m
                                                        
 [1;31m K. Hamilton, P. Nason, C. Oleari, G. Zanderighi (arXiv:1212.4504)[0m
                                                        
 [1;31m You are also encouraged to cite the HOPPET package for PDFs evolution   [0m
                                                          
 [1;31m G.P. Salam & J. Rojo, CPC 180(2009)120 (arXiv:0804.3755)[0m
                                                          
SVN status Begin
/home/k/kelong/work/Generators/CMSSW_12_3_1/src/ZJToMuMu-suggested-nnpdf31-ncalls-doublefsr-q139-powheg-MiNNLO31-svn3900-ew-rwl6-j200-st2fix-ana-hoppetweights-ymax20-pdf2/POWHEG-BOX/Zj/ZjMiNNLO
URL: svn://powhegbox.mib.infn.it/trunk/User-Processes-V2/Zj/ZjMiNNLO
Rev.3900
Warning: not a clean version:
M       Makefile
M       init_couplings.f
M       process_dependent_minnlo.f
M       pwhg_analysis-minnlo.f
M       rwl_setup_param_weights.f
/home/k/kelong/work/Generators/CMSSW_12_3_1/src/ZJToMuMu-suggested-nnpdf31-ncalls-doublefsr-q139-powheg-MiNNLO31-svn3900-ew-rwl6-j200-st2fix-ana-hoppetweights-ymax20-pdf2/POWHEG-BOX/Zj
URL: svn://powhegbox.mib.infn.it/trunk/User-Processes-V2/Zj
Rev.3900
Warning: not a clean version:
M       Born_phsp.f
M       PhysPars.h
M       ZjMiNNLO/Makefile
M       ZjMiNNLO/init_couplings.f
M       ZjMiNNLO/process_dependent_minnlo.f
M       ZjMiNNLO/pwhg_analysis-minnlo.f
M       ZjMiNNLO/rwl_setup_param_weights.f
/home/k/kelong/work/Generators/CMSSW_12_3_1/src/ZJToMuMu-suggested-nnpdf31-ncalls-doublefsr-q139-powheg-MiNNLO31-svn3900-ew-rwl6-j200-st2fix-ana-hoppetweights-ymax20-pdf2/POWHEG-BOX
URL: svn://powhegbox.mib.infn.it/trunk/POWHEG-BOX-V2
Rev.3900
Warning: not a clean version:
M       MiNNLOStuff/hoppet/pdf_representation.f90
M       MiNNLOStuff/hoppet/pdf_tabulate.f90
M       MiNNLOStuff/hoppetif.f
M       MiNNLOStuff/pdfs_tools.f90
M       MiNNLOStuff/setlocalscales.f
M       bbinit.f
M       include/pwhg_lhrwgt.h
M       include/pwhg_rwl.h
M       lhefwrite.f
M       pwhg_main.f
M       rwl_weightlists.f
SVN status End
  found input file powheg.input
  opened powheg.input
  powheginput keyword compress_lhe         absent; set to   -1000000.0000000000     
  powheginput keyword compress_upb         absent; set to   -1000000.0000000000     
  powheginput keyword testplots            absent; set to   -1000000.0000000000     
  powheginput keyword numevts              set to    1.0000000000000000     
  powheginput keyword storemintupb         absent; set to   -1000000.0000000000     
  powheginput keyword fastbtlbound         absent; set to   -1000000.0000000000     
  powheginput keyword mintupbratlim        absent; set to   -1000000.0000000000     
  powheginput keyword StoredubNoOutliers   absent; set to   -1000000.0000000000     
  powheginput keyword maxseeds             absent; set to   -1000000.0000000000     
  powheginput keyword manyseeds            absent; set to   -1000000.0000000000     
  powheginput keyword rwl_add              absent; set to   -1000000.0000000000     
  powheginput keyword rwl_format_rwgt      set to    1.0000000000000000     
  powheginput keyword flg_debug            set to    0.0000000000000000     
  powheginput keyword withnegweights       absent; set to   -1000000.0000000000     
  powheginput keyword bornsuppfact         absent; set to   -1000000.0000000000     
  powheginput keyword ptsupp               absent; set to   -1000000.0000000000     
LHAPDF 6.4.0 loading /cvmfs/cms.cern.ch/slc7_amd64_gcc10/external/lhapdf/6.4.0-f99dd75eb8675a339d8b05f6184e6d59/share/LHAPDF/NNPDF31_nnlo_hessian_pdfas/NNPDF31_nnlo_hessian_pdfas_0000.dat
NNPDF31_nnlo_hessian_pdfas PDF set, member #0, version 1; LHAPDF ID = 306000
  powheginput keyword doublefsr            set to    1.0000000000000000     
  powheginput keyword smartsig             absent; set to   -1000000.0000000000     
  powheginput keyword withsubtr            absent; set to   -1000000.0000000000     
  powheginput keyword hfact                absent; set to   -1000000.0000000000     
  powheginput keyword withdamp             set to    1.0000000000000000     
  powheginput keyword bornzerodamp         absent; set to   -1000000.0000000000     
  powheginput keyword hdamp                absent; set to   -1000000.0000000000     
  powheginput keyword bornonly             absent; set to   -1000000.0000000000     
  powheginput keyword LOevents             absent; set to   -1000000.0000000000     
  powheginput keyword novirtual            absent; set to   -1000000.0000000000     
  powheginput keyword iseed                set to    1.0000000000000000     
  powheginput keyword rand1                absent; set to   -1000000.0000000000     
  powheginput keyword rand2                absent; set to   -1000000.0000000000     
  powheginput keyword iupperisr            absent; set to   -1000000.0000000000     
  powheginput keyword iupperfsr            absent; set to   -1000000.0000000000     
  powheginput keyword pdfreweight          absent; set to   -1000000.0000000000     
  powheginput keyword storeinfo_rwgt       absent; set to   -1000000.0000000000     
  powheginput keyword compute_rwgt         absent; set to   -1000000.0000000000     
  powheginput keyword minlo                set to    1.0000000000000000     
  powheginput keyword nnlops               absent; set to   -1000000.0000000000     
  powheginput keyword alphas_from_pdf      set to    1.0000000000000000     
  powheginput keyword alphas_from_lhapdf   absent; set to   -1000000.0000000000     
  powheginput keyword ubexcess_correct     set to    1.0000000000000000     
 RM48 INITIALIZED:         1           0         0
  powheginput keyword par_diexp            absent; set to   -1000000.0000000000     
  powheginput keyword par_dijexp           absent; set to   -1000000.0000000000     
  powheginput keyword par_2gsupp           absent; set to   -1000000.0000000000     
  powheginput keyword ih1                  set to    1.0000000000000000     
  powheginput keyword ih2                  set to    1.0000000000000000     
  powheginput keyword lhans1               set to    306000.00000000000     
  powheginput keyword lhans2               set to    306000.00000000000     
  powheginput keyword use_NNLOPS_pdfs      set to    1.0000000000000000     
  powheginput keyword negative_pdfs_zero   set to    0.0000000000000000     
  powheginput keyword lhapdf_in_hoppet     absent; set to   -1000000.0000000000     
  powheginput keyword pdf_cutoff_fact      set to    1.1000000000000001     
-----------------------------------------------------------
               Welcome to HOPPET v. 1.2.0                  
   Higher Order Perturbative Parton Evolution Toolkit      

        Written by Gavin P. Salam (2001-2012)
          with contributions from Juan Rojo
        Frederic Dreyer and Alexander Karlberg

 It is made available under the GNU public license,
 with the additional request that if you use it or any
 derivative of it in scientific work then you should cite:
 G.P. Salam & J. Rojo, CPC 180(2009)120 (arXiv:0804.3755).
 
 You are also encouraged to cite the original references,
 for LO, NLO and NNLO splitting functions, the QCD
 1, 2 and 3 loop beta functions and the coupling and 
 PDF and coupling mass threshold matching functions.
-----------------------------------------------------------
 Initialising coefficient function grids ...
 Performing backward evolution from scale Q =    1.8149999999999999      , with nf =            4
 Quark thresholds at    0.0000000000000000        4.9199999999999999        10000000000.000000     
 init_pdfs_NNLOPS: set_pdfs_to_zero_when_negative flag set to  F
 initialization of PDFs, hoppet interface, using init_pdfs_NNLOPS: pdf_q2min =    2.7224999999999997     
  powheginput keyword ebeam1               set to    6500.0000000000000     
  powheginput keyword ebeam2               set to    6500.0000000000000     
  powheginput keyword bornktmin            set to   0.26000000000000001     
  powheginput keyword ptsqmin              absent; set to   -1000000.0000000000     
  powheginput keyword charmthr             absent; set to   -1000000.0000000000     
  powheginput keyword bottomthr            absent; set to   -1000000.0000000000     
  powheginput keyword renscfact            absent; set to   -1000000.0000000000     
  powheginput keyword facscfact            absent; set to   -1000000.0000000000     
  powheginput keyword evenmaxrat           absent; set to   -1000000.0000000000     
  powheginput keyword minlo_nnll           absent; set to   -1000000.0000000000     
  powheginput keyword runningscales        absent; set to   -1000000.0000000000     
  powheginput keyword vdecaymode           set to    2.0000000000000000     
  real processes         175
  born processes          30
  powheginput keyword minnlo               set to    1.0000000000000000     
  powheginput keyword uubornonly           absent; set to   -1000000.0000000000     
  powheginput keyword par_isrtinycsi       absent; set to   -1000000.0000000000     
  powheginput keyword par_fsrtinycsi       absent; set to   -1000000.0000000000     
  powheginput keyword par_isrtinyy         absent; set to   -1000000.0000000000     
  powheginput keyword par_fsrtinyy         absent; set to   -1000000.0000000000     
  powheginput keyword Zmass                absent; set to   -1000000.0000000000     
  powheginput keyword sthw2                absent; set to   -1000000.0000000000     
  powheginput keyword gmu                  absent; set to   -1000000.0000000000     
  powheginput keyword psZmass              absent; set to   -1000000.0000000000     
  powheginput keyword Zwidth               absent; set to   -1000000.0000000000     
 *************************************
 Using GF,mZ,sthw2 input scheme
 input Z mass =    91.187600000000003     
 input Z mass (phsp) =    91.187600000000003     
 Z width =    2.4941343245745466     
 input sthw2 =   0.23153999447822571     
 input gmu =    1.1663786999999999E-005
 *************************************
  powheginput keyword lhfm/emass           absent; set to   -1000000.0000000000     
  powheginput keyword lhfm/mumass          absent; set to   -1000000.0000000000     
  powheginput keyword lhfm/taumass         absent; set to   -1000000.0000000000     
  powheginput keyword min_Z_mass           set to    50.000000000000000     
  powheginput keyword max_Z_mass           set to    13000.000000000000     
 *************************************
 Z mass =    91.153509740726733     
 Z mass (phsp) =    91.153509740726733     
 Z width =    2.4932018986110700     
 Z width (phsp) =    2.4932018986110700     
 W mass =    79.906853549493746     
 1/alphaem =    128.82531590804655     
 alphaem =    7.7624494296896114E-003
 sthw2 =   0.23153999447822571     
 (unit_e)^2 =    9.7545816408700650E-002
 (g_w)^2 =   0.42129143446046846     
 *************************************

 *************************************
   50.000000000000000      < M_Z <   13000.000000000000     
 *************************************
  **** Minimum maxalr allowed:          450  *********
  **** Number of born graphs:            30
  **** Number of real graphs:           175
  **** Number of regular regions:           0
  powheginput keyword softtest             absent; set to   -1000000.0000000000     
  powheginput keyword colltest             absent; set to   -1000000.0000000000     
  powheginput keyword chklimseed           absent; set to   -1000000.0000000000     
  powheginput keyword tinyForLims          absent; set to   -1000000.0000000000     
 ********************************************
 ********************************************
 **   mur=Z mass  used for Bbar function   **
 **   muf=Z mass  used for Bbar function   **
 ********************************************
 ********************************************
  powheginput keyword compare_vecsb_ep     absent; set to   -1000000.0000000000     
 RM48 INITIALIZED:         1         222         0
 RM48IN SKIPPING OVER             222
 Writing bornequiv file...
 Done
  powheginput keyword writeequivfile       absent; set to   -1000000.0000000000     
  powheginput keyword compare_vecsr_ep     absent; set to   -1000000.0000000000     
 RM48 INITIALIZED:         1         486         0
 RM48IN SKIPPING OVER             486
 Writing realequivregions-btl file...
 Done
  powheginput keyword olddij               absent; set to   -1000000.0000000000     
  powheginput keyword kill_D3              absent; set to   -1000000.0000000000     
  powheginput keyword kill_H2              absent; set to   -1000000.0000000000     
  powheginput keyword bmass_in_minlo       absent; set to   -1000000.0000000000     
  powheginput keyword modlog_p             set to    6.0000000000000000     
 =============================================
 using modlog_p =    6.0000000000000000     
 =============================================
  powheginput keyword alphas_cutoff_fact   set to    0.0000000000000000     
 freezing of alphas in setlocalscales at [GeV]    0.0000000000000000     
 freezing of PDF evolution in setlocalscales at [GeV]   1.8149999999999999     
 =========================
 *MINNLO* ACTIVATED
 =========================
  powheginput keyword inc_delta_terms      set to    0.0000000000000000     
 include_delta_terms is  F
  powheginput keyword distribute_by_ub     set to    1.0000000000000000     
 distribute_by_ub is  T
  powheginput keyword distribute_by_ub_AP  set to    1.0000000000000000     
 distribute_by_ub_AP is  T
  powheginput keyword d3allorders          absent; set to   -1000000.0000000000     
 =============================================
 flg_dtermsallorders =  T
 =============================================
  powheginput keyword kappaQ               absent; set to   -1000000.0000000000     
 =============================================
 using kappaQ =    1.0000000000000000     
 =============================================
 ===============================================
 LHAPDF
 ===============================================
 muF =   0.75000000000000000     
 x,g,d,u,c,b ->    1.0000000000000000E-003  -1886.4204983828686        192.88456069848840        216.17962583654645       -232.91940689004906        1.9180771147275924E-007
 x,g,d,u,c,b ->    1.0000000000000000E-002  -33.923521159618929        20.926526760194022        24.228216711886457       -14.824870955674839        1.2096475598657483E-008
 x,g,d,u,c,b ->    5.0000000000000003E-002   26.076629135788529        6.9838402706359179        8.8999139444010922       -1.4480804677133281        1.3243654772086863E-010
 x,g,d,u,c,b ->   0.10000000000000001        13.022503140920282        4.3533757770667565        6.0797455540379985      -0.35611780731899528       -6.3192488094135843E-009
 muF =    1.0000000000000000     
 x,g,d,u,c,b ->    1.0000000000000000E-003  -1341.7435449948323        258.65037112849728        283.03659736223494       -161.10448752256221        1.9180771147275919E-007
 x,g,d,u,c,b ->    1.0000000000000000E-002   69.591295380422835        26.406349454626724        30.332485875905778       -9.3774616812638332        1.2096475598657475E-008
 x,g,d,u,c,b ->    5.0000000000000003E-002   31.988351722845664        7.5777665484282464        9.7810838803679498      -0.83286857824886673        1.3243654772086866E-010
 x,g,d,u,c,b ->   0.10000000000000001        14.681257406575371        4.3784745289720979        6.2781549343781533      -0.19785459814517711       -6.3192488094135827E-009
 muF =    2.0000000000000000     
 x,g,d,u,c,b ->    1.0000000000000000E-003   3397.5991093806197        474.86670581035492        501.88190533783541        65.856115478126284        1.6963569687137597E-007
 x,g,d,u,c,b ->    1.0000000000000000E-002   338.87961973716563        38.859644429513317        44.122568377835982        2.9350725090844900       -9.3038145788891420E-009
 x,g,d,u,c,b ->    5.0000000000000003E-002   45.939668974562558        8.4884765459488385        11.224318747384775       0.21186908534458418       -5.2395606758604418E-009
 x,g,d,u,c,b ->   0.10000000000000001        14.640068897657898        4.3074848416934062        6.4722359073420641        4.9795722161490211E-002  -2.6586441278607106E-009
 muF =    5.0000000000000000     
 x,g,d,u,c,b ->    1.0000000000000000E-003   11047.568846461649        760.98766301581713        790.64646941868045        359.51074643306339        3.1168629731021134     
 x,g,d,u,c,b ->    1.0000000000000000E-002   562.40372377820279        50.011207923623104        56.412980281240642        13.963201641852443       0.28668793023040740     
 x,g,d,u,c,b ->    5.0000000000000003E-002   49.741102876821707        8.9398044752610808        12.049595616911152       0.86887449188852028        2.5476725378775773E-002
 x,g,d,u,c,b ->   0.10000000000000001        13.065066335306929        4.1381884406883396        6.4385595799844051       0.18446456574211303        6.0021691311641315E-003
 muF =    91.000000000000000     
 x,g,d,u,c,b ->    1.0000000000000000E-003   29180.165347472950        1556.7729254484350        1592.4120941114238        1166.6148768140515        845.01060618693020     
 x,g,d,u,c,b ->    1.0000000000000000E-002   807.41165058748834        69.532698028645555        78.025629444393331        33.422372410052070        22.619481860471041     
 x,g,d,u,c,b ->    5.0000000000000003E-002   42.691544960063531        9.0852094262281735        12.698736249098411        1.5924318427977764        1.0263712224491068     
 x,g,d,u,c,b ->   0.10000000000000001        8.8378139817618049        3.6414685848092048        6.0125091169028284       0.29881170325657153       0.18304583905019897     
 ===============================
  powheginput keyword profiledscales       set to    1.0000000000000000     
  powheginput keyword Q0                   set to    1.3909849999999999     
  powheginput keyword npow                 set to    1.0000000000000000     
  powheginput keyword rescaleQ0            absent; set to   -1000000.0000000000     
 =============================================
 Using profiled scales: (Q0,npow) =    1.3909849999999999        1.0000000000000000     
 =============================================
  powheginput keyword largeptscales        set to    0.0000000000000000     
  powheginput keyword FOatQ                absent; set to   -1000000.0000000000     
  powheginput keyword Qsmear               absent; set to   -1000000.0000000000     
 RM48 INITIALIZED:         1           0         0
  POWHEG:  
  Check of soft/collinear limits performed
  Results in file pwhg_checklimits
  powheginput keyword parallelstage        absent; set to   -1000000.0000000000     
  powheginput keyword use-old-grid         set to    1.0000000000000000     
  loading xg3    iteration file
  powheginput keyword check_bad_st1        set to    1.0000000000000000     
  Opened pwggridinfo-btl-xg3-0001.dat                                                                        
  Opened pwggridinfo-btl-xg3-0002.dat                                                                        
  Opened pwggridinfo-btl-xg3-0003.dat                                                                        
  Opened pwggridinfo-btl-xg3-0004.dat                                                                        
  Opened pwggridinfo-btl-xg3-0005.dat                                                                        
  Opened pwggridinfo-btl-xg3-0006.dat                                                                        
  Opened pwggridinfo-btl-xg3-0007.dat                                                                        
  Opened pwggridinfo-btl-xg3-0008.dat                                                                        
  Opened pwggridinfo-btl-xg3-0009.dat                                                                        
  Opened pwggridinfo-btl-xg3-0010.dat                                                                        
  Opened pwggridinfo-btl-xg3-0011.dat                                                                        
  Opened pwggridinfo-btl-xg3-0012.dat                                                                        
  Opened pwggridinfo-btl-xg3-0013.dat                                                                        
  Opened pwggridinfo-btl-xg3-0014.dat                                                                        
  Opened pwggridinfo-btl-xg3-0015.dat                                                                        
  Opened pwggridinfo-btl-xg3-0016.dat                                                                        
  Opened pwggridinfo-btl-xg3-0017.dat                                                                        
  Opened pwggridinfo-btl-xg3-0018.dat                                                                        
  Opened pwggridinfo-btl-xg3-0019.dat                                                                        
  Opened pwggridinfo-btl-xg3-0020.dat                                                                        
  Opened pwggridinfo-btl-xg3-0021.dat                                                                        
  Opened pwggridinfo-btl-xg3-0022.dat                                                                        
  Opened pwggridinfo-btl-xg3-0023.dat                                                                        
  Opened pwggridinfo-btl-xg3-0024.dat                                                                        
  Opened pwggridinfo-btl-xg3-0025.dat                                                                        
  Opened pwggridinfo-btl-xg3-0026.dat                                                                        
  Opened pwggridinfo-btl-xg3-0027.dat                                                                        
  Opened pwggridinfo-btl-xg3-0028.dat                                                                        
  Opened pwggridinfo-btl-xg3-0029.dat                                                                        
  Opened pwggridinfo-btl-xg3-0030.dat                                                                        
  Opened pwggridinfo-btl-xg3-0031.dat                                                                        
  Opened pwggridinfo-btl-xg3-0032.dat                                                                        
  Opened pwggridinfo-btl-xg3-0033.dat                                                                        
  Opened pwggridinfo-btl-xg3-0034.dat                                                                        
  Opened pwggridinfo-btl-xg3-0035.dat                                                                        
  Opened pwggridinfo-btl-xg3-0036.dat                                                                        
  Opened pwggridinfo-btl-xg3-0037.dat                                                                        
  Opened pwggridinfo-btl-xg3-0038.dat                                                                        
  Opened pwggridinfo-btl-xg3-0039.dat                                                                        
  Opened pwggridinfo-btl-xg3-0040.dat                                                                        
  Opened pwggridinfo-btl-xg3-0041.dat                                                                        
  Opened pwggridinfo-btl-xg3-0042.dat                                                                        
  Opened pwggridinfo-btl-xg3-0043.dat                                                                        
  Opened pwggridinfo-btl-xg3-0044.dat                                                                        
  Opened pwggridinfo-btl-xg3-0045.dat                                                                        
  Opened pwggridinfo-btl-xg3-0046.dat                                                                        
  Opened pwggridinfo-btl-xg3-0047.dat                                                                        
  Opened pwggridinfo-btl-xg3-0048.dat                                                                        
  Opened pwggridinfo-btl-xg3-0049.dat                                                                        
  Opened pwggridinfo-btl-xg3-0050.dat                                                                        
  Opened pwggridinfo-btl-xg3-0051.dat                                                                        
  Opened pwggridinfo-btl-xg3-0052.dat                                                                        
  Opened pwggridinfo-btl-xg3-0053.dat                                                                        
  Opened pwggridinfo-btl-xg3-0054.dat                                                                        
  Opened pwggridinfo-btl-xg3-0055.dat                                                                        
  Opened pwggridinfo-btl-xg3-0056.dat                                                                        
  Opened pwggridinfo-btl-xg3-0057.dat                                                                        
  Opened pwggridinfo-btl-xg3-0058.dat                                                                        
  Opened pwggridinfo-btl-xg3-0059.dat                                                                        
  Opened pwggridinfo-btl-xg3-0060.dat                                                                        
  Opened pwggridinfo-btl-xg3-0061.dat                                                                        
  Opened pwggridinfo-btl-xg3-0062.dat                                                                        
  Opened pwggridinfo-btl-xg3-0063.dat                                                                        
  Opened pwggridinfo-btl-xg3-0064.dat                                                                        
  Opened pwggridinfo-btl-xg3-0065.dat                                                                        
  Opened pwggridinfo-btl-xg3-0066.dat                                                                        
  Opened pwggridinfo-btl-xg3-0067.dat                                                                        
  Opened pwggridinfo-btl-xg3-0068.dat                                                                        
  Opened pwggridinfo-btl-xg3-0069.dat                                                                        
  Opened pwggridinfo-btl-xg3-0070.dat                                                                        
  Opened pwggridinfo-btl-xg3-0071.dat                                                                        
  Opened pwggridinfo-btl-xg3-0072.dat                                                                        
  Opened pwggridinfo-btl-xg3-0073.dat                                                                        
  Opened pwggridinfo-btl-xg3-0074.dat                                                                        
  Opened pwggridinfo-btl-xg3-0075.dat                                                                        
  Opened pwggridinfo-btl-xg3-0076.dat                                                                        
  Opened pwggridinfo-btl-xg3-0077.dat                                                                        
  Opened pwggridinfo-btl-xg3-0078.dat                                                                        
  Opened pwggridinfo-btl-xg3-0079.dat                                                                        
  Opened pwggridinfo-btl-xg3-0080.dat                                                                        
  Opened pwggridinfo-btl-xg3-0081.dat                                                                        
  Opened pwggridinfo-btl-xg3-0082.dat                                                                        
  Opened pwggridinfo-btl-xg3-0083.dat                                                                        
  Opened pwggridinfo-btl-xg3-0084.dat                                                                        
  Opened pwggridinfo-btl-xg3-0085.dat                                                                        
  Opened pwggridinfo-btl-xg3-0086.dat                                                                        
  Opened pwggridinfo-btl-xg3-0087.dat                                                                        
  Opened pwggridinfo-btl-xg3-0088.dat                                                                        
  Opened pwggridinfo-btl-xg3-0089.dat                                                                        
  Opened pwggridinfo-btl-xg3-0090.dat                                                                        
  Opened pwggridinfo-btl-xg3-0091.dat                                                                        
  Opened pwggridinfo-btl-xg3-0092.dat                                                                        
  Opened pwggridinfo-btl-xg3-0093.dat                                                                        
  Opened pwggridinfo-btl-xg3-0094.dat                                                                        
  Opened pwggridinfo-btl-xg3-0095.dat                                                                        
  Opened pwggridinfo-btl-xg3-0096.dat                                                                        
  Opened pwggridinfo-btl-xg3-0097.dat                                                                        
  Opened pwggridinfo-btl-xg3-0098.dat                                                                        
  Opened pwggridinfo-btl-xg3-0099.dat                                                                        
  Opened pwggridinfo-btl-xg3-0100.dat                                                                        
  Opened pwggridinfo-btl-xg3-0101.dat                                                                        
  Opened pwggridinfo-btl-xg3-0102.dat                                                                        
  Opened pwggridinfo-btl-xg3-0103.dat                                                                        
  Opened pwggridinfo-btl-xg3-0104.dat                                                                        
  Opened pwggridinfo-btl-xg3-0105.dat                                                                        
  Opened pwggridinfo-btl-xg3-0106.dat                                                                        
  Opened pwggridinfo-btl-xg3-0107.dat                                                                        
  Opened pwggridinfo-btl-xg3-0108.dat                                                                        
  Opened pwggridinfo-btl-xg3-0109.dat                                                                        
  Opened pwggridinfo-btl-xg3-0110.dat                                                                        
  Opened pwggridinfo-btl-xg3-0111.dat                                                                        
  Opened pwggridinfo-btl-xg3-0112.dat                                                                        
  Opened pwggridinfo-btl-xg3-0113.dat                                                                        
  Opened pwggridinfo-btl-xg3-0114.dat                                                                        
  Opened pwggridinfo-btl-xg3-0115.dat                                                                        
  Opened pwggridinfo-btl-xg3-0116.dat                                                                        
  Opened pwggridinfo-btl-xg3-0117.dat                                                                        
  Opened pwggridinfo-btl-xg3-0118.dat                                                                        
  Opened pwggridinfo-btl-xg3-0119.dat                                                                        
  Opened pwggridinfo-btl-xg3-0120.dat                                                                        
  Opened pwggridinfo-btl-xg3-0121.dat                                                                        
  Opened pwggridinfo-btl-xg3-0122.dat                                                                        
  Opened pwggridinfo-btl-xg3-0123.dat                                                                        
  Opened pwggridinfo-btl-xg3-0124.dat                                                                        
  Opened pwggridinfo-btl-xg3-0125.dat                                                                        
  Opened pwggridinfo-btl-xg3-0126.dat                                                                        
  Opened pwggridinfo-btl-xg3-0127.dat                                                                        
  Opened pwggridinfo-btl-xg3-0128.dat                                                                        
  Opened pwggridinfo-btl-xg3-0129.dat                                                                        
  Opened pwggridinfo-btl-xg3-0130.dat                                                                        
  Opened pwggridinfo-btl-xg3-0131.dat                                                                        
  Opened pwggridinfo-btl-xg3-0132.dat                                                                        
  Opened pwggridinfo-btl-xg3-0133.dat                                                                        
  Opened pwggridinfo-btl-xg3-0134.dat                                                                        
  Opened pwggridinfo-btl-xg3-0135.dat                                                                        
  Opened pwggridinfo-btl-xg3-0136.dat                                                                        
  Opened pwggridinfo-btl-xg3-0137.dat                                                                        
  Opened pwggridinfo-btl-xg3-0138.dat                                                                        
  Opened pwggridinfo-btl-xg3-0139.dat                                                                        
  Opened pwggridinfo-btl-xg3-0140.dat                                                                        
  Opened pwggridinfo-btl-xg3-0141.dat                                                                        
  Opened pwggridinfo-btl-xg3-0142.dat                                                                        
  Opened pwggridinfo-btl-xg3-0143.dat                                                                        
  Opened pwggridinfo-btl-xg3-0144.dat                                                                        
  Opened pwggridinfo-btl-xg3-0145.dat                                                                        
  Opened pwggridinfo-btl-xg3-0146.dat                                                                        
  Opened pwggridinfo-btl-xg3-0147.dat                                                                        
  Opened pwggridinfo-btl-xg3-0148.dat                                                                        
  Opened pwggridinfo-btl-xg3-0149.dat                                                                        
  Opened pwggridinfo-btl-xg3-0150.dat                                                                        
  Opened pwggridinfo-btl-xg3-0151.dat                                                                        
  Opened pwggridinfo-btl-xg3-0152.dat                                                                        
  Opened pwggridinfo-btl-xg3-0153.dat                                                                        
  Opened pwggridinfo-btl-xg3-0154.dat                                                                        
  Opened pwggridinfo-btl-xg3-0155.dat                                                                        
  Opened pwggridinfo-btl-xg3-0156.dat                                                                        
  Opened pwggridinfo-btl-xg3-0157.dat                                                                        
  Opened pwggridinfo-btl-xg3-0158.dat                                                                        
  Opened pwggridinfo-btl-xg3-0159.dat                                                                        
  Opened pwggridinfo-btl-xg3-0160.dat                                                                        
  Opened pwggridinfo-btl-xg3-0161.dat                                                                        
  Opened pwggridinfo-btl-xg3-0162.dat                                                                        
  Opened pwggridinfo-btl-xg3-0163.dat                                                                        
  Opened pwggridinfo-btl-xg3-0164.dat                                                                        
  Opened pwggridinfo-btl-xg3-0165.dat                                                                        
  Opened pwggridinfo-btl-xg3-0166.dat                                                                        
  Opened pwggridinfo-btl-xg3-0167.dat                                                                        
  Opened pwggridinfo-btl-xg3-0168.dat                                                                        
  Opened pwggridinfo-btl-xg3-0169.dat                                                                        
  Opened pwggridinfo-btl-xg3-0170.dat                                                                        
  Opened pwggridinfo-btl-xg3-0171.dat                                                                        
  Opened pwggridinfo-btl-xg3-0172.dat                                                                        
  Opened pwggridinfo-btl-xg3-0173.dat                                                                        
  Opened pwggridinfo-btl-xg3-0174.dat                                                                        
  Opened pwggridinfo-btl-xg3-0175.dat                                                                        
  Opened pwggridinfo-btl-xg3-0176.dat                                                                        
  Opened pwggridinfo-btl-xg3-0177.dat                                                                        
  Opened pwggridinfo-btl-xg3-0178.dat                                                                        
  Opened pwggridinfo-btl-xg3-0179.dat                                                                        
  Opened pwggridinfo-btl-xg3-0180.dat                                                                        
  Opened pwggridinfo-btl-xg3-0181.dat                                                                        
  Opened pwggridinfo-btl-xg3-0182.dat                                                                        
  Opened pwggridinfo-btl-xg3-0183.dat                                                                        
  Opened pwggridinfo-btl-xg3-0184.dat                                                                        
  Opened pwggridinfo-btl-xg3-0185.dat                                                                        
  Opened pwggridinfo-btl-xg3-0186.dat                                                                        
  Opened pwggridinfo-btl-xg3-0187.dat                                                                        
  Opened pwggridinfo-btl-xg3-0188.dat                                                                        
  Opened pwggridinfo-btl-xg3-0189.dat                                                                        
  Opened pwggridinfo-btl-xg3-0190.dat                                                                        
  Opened pwggridinfo-btl-xg3-0191.dat                                                                        
  Opened pwggridinfo-btl-xg3-0192.dat                                                                        
  Opened pwggridinfo-btl-xg3-0193.dat                                                                        
  Opened pwggridinfo-btl-xg3-0194.dat                                                                        
  Opened pwggridinfo-btl-xg3-0195.dat                                                                        
  Opened pwggridinfo-btl-xg3-0196.dat                                                                        
  Opened pwggridinfo-btl-xg3-0197.dat                                                                        
  Opened pwggridinfo-btl-xg3-0198.dat                                                                        
  Opened pwggridinfo-btl-xg3-0199.dat                                                                        
  Opened pwggridinfo-btl-xg3-0200.dat                                                                        
 ************ sorted, unsorted ************
   11.539156906153677        15.738833983501806     
   11.614421526647050        30.083329981481256     
   11.719707213459492        14.075884202595260     
   11.722501142400917        11.753320022916713     
   11.740357062191894        15.933911195413362     
   11.753320022916713        12.708476338370154     
   11.797524694304752        14.405045775282758     
   11.851348340310880        14.689927512904740     
   11.880716994467630        12.143794092660121     
   11.901531789050445        20.543326835821880     
   11.933019669063547        12.458799966299356     
   11.941832691841840        18.295981671252033     
   11.942342553511793        19.861529481939904     
   11.942381256603133        13.703724780239261     
   12.011966591197629        12.354540058317214     
   12.012063708083819        13.025139094420666     
   12.072538388191866        12.786760215026174     
   12.115634401105369        14.585591610032047     
   12.143794092660121        14.742802246117247     
   12.154252675674911        12.255404702873308     
   12.173454851705896        13.517434425454621     
   12.179148050187507        15.166425025694769     
   12.200934935748641        20.677710431648745     
   12.255404702873308        13.556477688959045     
   12.307319293550163        16.133434561557419     
   12.309944403130896        12.576626697335593     
   12.312426646245623        13.264199422739024     
   12.329894564339698        14.438137604428793     
   12.354540058317214        13.831005902810789     
   12.364809798861863        13.231972484891230     
   12.388970829036330        12.676998397803443     
   12.404647398399884        13.191841108232371     
   12.444031735206845        14.140004478248661     
   12.450599156692595        21.161197233767609     
   12.451816712931825        13.124632559864231     
   12.453265545802148        11.933019669063547     
   12.458799966299356        13.477826411019892     
   12.473950509509182        18.750763011662208     
   12.479324042557071        11.941832691841840     
   12.485045652750658        11.880716994467630     
   12.496926861682780        13.045825635744972     
   12.505228118187938        16.990199369806273     
   12.505460128523199        11.942381256603133     
   12.534622673699030        12.815397600575523     
   12.560886282633925        13.669062813004601     
   12.573795015797277        12.388970829036330     
   12.576626697335593        14.975699849572772     
   12.594208100552674        12.534622673699030     
   12.612852497188529        14.208396707224347     
   12.616192605966503        12.154252675674911     
   12.643390438352810        11.797524694304752     
   12.655046465007370        12.560886282633925     
   12.676998397803443        16.223150036404025     
   12.685771688731947        17.378551521215169     
   12.705156510467926        14.918005836823827     
   12.708018518418136        13.532003516359902     
   12.708220919323002        12.914019495689480     
   12.708476338370154        12.496926861682780     
   12.780709463215388        12.364809798861863     
   12.786760215026174        13.206936085251371     
   12.803366231073085        37.725862824690815     
   12.815397600575523        13.566983045610268     
   12.828062015026228        15.927067938404615     
   12.838963812740912        12.453265545802148     
   12.843053882476022        14.468976908908088     
   12.857500241934909        13.624393948648516     
   12.878703713878632        12.929304206941339     
   12.904275161513247        11.719707213459492     
   12.914019495689480        12.904275161513247     
   12.918781685923546        16.073877087261476     
   12.929304206941339        14.255354190401123     
   12.964965750528364        12.612852497188529     
   12.984036235343531        13.320537813548873     
   12.991327650641853        14.117194067953223     
   13.002881447021297        15.964123179667794     
   13.025139094420666        12.173454851705896     
   13.045825635744972        13.659526642804366     
   13.060874668271111        15.301072383174912     
   13.063764690089204        17.114755017447681     
   13.080068278105170        13.080068278105170     
   13.113703227755098        13.462286671558729     
   13.124632559864231        13.154045220994043     
   13.125973833435696        14.899412089329301     
   13.154045220994043        13.890945826874171     
   13.191841108232371        14.010457856058197     
   13.200241139741552        15.651719198965699     
   13.206936085251371        16.702349385454994     
   13.211446860925610        12.451816712931825     
   13.214950715715284        43.617624820882554     
   13.231972484891230        12.803366231073085     
   13.232419224157789        16.590323904830271     
   13.252935006958136        12.450599156692595     
   13.258598118682531        13.451365093734754     
   13.264199422739024        12.309944403130896     
   13.289910477173475        12.643390438352810     
   13.304945127042384        12.312426646245623     
   13.320537813548873        13.060874668271111     
   13.390505171290195        12.505228118187938     
   13.451365093734754        325.41682784141744     
   13.462286671558729        12.918781685923546     
   13.477826411019892        12.505460128523199     
   13.514268057024358        17.862420764549295     
   13.517434425454621        12.473950509509182     
   13.527050962045294        14.525839255770730     
   13.532003516359902        13.002881447021297     
   13.556477688959045        12.307319293550163     
   13.566983045610268        22.672706253635440     
   13.608323393283856        13.232419224157789     
   13.624393948648516        13.514268057024358     
   13.655219909220916        15.544108637177883     
   13.659526642804366        12.708018518418136     
   13.663928739917875        13.655219909220916     
   13.669062813004601        19.005336076504438     
   13.703724780239261        13.304945127042384     
   13.704311919918132        19.209641306511365     
   13.711383479444514        11.614421526647050     
   13.792634049744711        13.258598118682531     
   13.828093576163040        12.655046465007370     
   13.831005902810789        22.856280055963786     
   13.890945826874171        14.568560088592569     
   13.940476274344789        14.072313059993316     
   13.943284745186922        12.878703713878632     
   14.010457856058197        146.82399898908616     
   14.072313059993316        12.964965750528364     
   14.075884202595260        12.828062015026228     
   14.087227453640345        19.922070333873705     
   14.103191829044263        20.817355979355280     
   14.117194067953223        13.663928739917875     
   14.140004478248661        14.855552627530482     
   14.208396707224347        15.683123834410633     
   14.215343534646438        17.627447832303197     
   14.229676355476464        12.984036235343531     
   14.255354190401123        16.750319832150392     
   14.368923009509375        12.404647398399884     
   14.405045775282758        15.659579364091622     
   14.438137604428793        12.708220919323002     
   14.468976908908088        14.831620902918685     
   14.525839255770730        13.211446860925610     
   14.568560088592569        11.851348340310880     
   14.572102119425301        12.200934935748641     
   14.585591610032047        13.527050962045294     
   14.613858747171198        15.795986927863959     
   14.689927512904740        12.780709463215388     
   14.742802246117247        12.616192605966503     
   14.831620902918685        12.594208100552674     
   14.855552627530482        12.479324042557071     
   14.899412089329301        12.857500241934909     
   14.918005836823827        17.478406651719030     
   14.934356618199830        14.934356618199830     
   14.975699849572772        12.329894564339698     
   15.028559164826822        20.438407223124393     
   15.166425025694769        20.048967577772579     
   15.274772747357183        16.848374133775742     
   15.301072383174912        14.613858747171198     
   15.544108637177883        11.722501142400917     
   15.651719198965699        11.942342553511793     
   15.659579364091622        12.685771688731947     
   15.683123834410633        12.485045652750658     
   15.738833983501806        14.215343534646438     
   15.795986927863959        11.539156906153677     
   15.927067938404615        27.114623269540260     
   15.933911195413362        13.289910477173475     
   15.963684357824715        12.838963812740912     
   15.964123179667794        20.742512101953690     
   16.073877087261476        12.179148050187507     
   16.133434561557419        13.252935006958136     
   16.223150036404025        13.200241139741552     
   16.590323904830271        12.573795015797277     
   16.702349385454994        13.608323393283856     
   16.750319832150392        12.072538388191866     
   16.848374133775742        44.240194630215754     
   16.990199369806273        11.901531789050445     
   17.114755017447681        12.444031735206845     
   17.378551521215169        14.229676355476464     
   17.478406651719030        14.572102119425301     
   17.627447832303197        14.368923009509375     
   17.862420764549295        13.063764690089204     
   18.295981671252033        13.125973833435696     
   18.750763011662208        15.028559164826822     
   19.005336076504438        13.390505171290195     
   19.209641306511365        24.454635511384929     
   19.861529481939904        12.705156510467926     
   19.922070333873705        13.704311919918132     
   20.048967577772579        13.113703227755098     
   20.438407223124393        12.011966591197629     
   20.543326835821880        13.943284745186922     
   20.677710431648745        13.828093576163040     
   20.742512101953690        12.843053882476022     
   20.817355979355280        14.087227453640345     
   21.161197233767609        12.115634401105369     
   22.672706253635440        13.214950715715284     
   22.856280055963786        11.740357062191894     
   24.454635511384929        15.274772747357183     
   27.114623269540260        14.103191829044263     
   30.083329981481256        12.012063708083819     
   37.725862824690815        13.940476274344789     
   43.617624820882554        13.711383479444514     
   44.240194630215754        13.792634049744711     
   146.82399898908616        12.991327650641853     
   325.41682784141744        15.963684357824715     
 ******** end sorted, unsorted ************
  old,new av.   3745.3968288904784        3744.2732730625521     
  old,new err.   11.539156906153677        8.1860694094216626     
  deviation:   9.7368970459805568E-002
  old,new av.   3744.2732730625521        3753.7261263814285     
  old,new err.   8.1860694094216626        6.7115031159005980     
  deviation:   1.1547487378981538     
  old,new av.   3753.7261263814285        3753.0627872117725     
  old,new err.   6.7115031159005980        5.8246003065998107     
  deviation:   9.8836156104047931E-002
  old,new av.   3753.0627872117725        3753.5297218245114     
  old,new err.   5.8246003065998107        5.2178596518267550     
  deviation:   8.0165949277208978E-002
  old,new av.   3753.5297218245114        3754.4154721581085     
  old,new err.   5.2178596518267550        4.7690903372514217     
  deviation:  0.16975357573809363     
  old,new av.   3754.4154721581085        3754.5338568803304     
  old,new err.   4.7690903372514217        4.4215926674553847     
  deviation:   2.4823333979896677E-002
  old,new av.   3754.5338568803304        3754.7783551209618     
  old,new err.   4.4215926674553847        4.1428176960464800     
  deviation:   5.5296418964822749E-002
  old,new av.   3754.7783551209618        3756.8916752274890     
  old,new err.   4.1428176960464800        3.9119624987376187     
  deviation:  0.51011660700010586     
  old,new av.   3756.8916752274890        3756.4212155044866     
  old,new err.   3.9119624987376187        3.7164848403291861     
  deviation:  0.12026181824449843     
  old,new av.   3756.4212155044866        3757.3376511005308     
  old,new err.   3.7164848403291861        3.5485102394554291     
  deviation:  0.24658666331680593     
  old,new av.   3757.3376511005308        3757.0994257641273     
  old,new err.   3.5485102394554291        3.4016236761347858     
  deviation:   6.7133901363649856E-002
  old,new av.   3757.0994257641273        3757.6060229211298     
  old,new err.   3.4016236761347858        3.2715827096134857     
  deviation:  0.14892804296862353     
  old,new av.   3757.6060229211298        3757.8383512486098     
  old,new err.   3.2715827096134857        3.1553892180804439     
  deviation:   7.1014046747862436E-002
  old,new av.   3757.8383512486098        3758.2182508342062     
  old,new err.   3.1553892180804439        3.0519630407208758     
  deviation:  0.12039706018501439     
  old,new av.   3758.2182508342062        3758.4741295887243     
  old,new err.   3.0519630407208758        2.9580711323537012     
  deviation:   8.3840712061070327E-002
  old,new av.   3758.4741295887243        3758.0877264508067     
  old,new err.   2.9580711323537012        2.8732108909471887     
  deviation:  0.13062672283005997     
  old,new av.   3758.0877264508067        3758.4436923222675     
  old,new err.   2.8732108909471887        2.7958203455215673     
  deviation:  0.12389131357614720     
  old,new av.   3758.4436923222675        3758.6299215122945     
  old,new err.   2.7958203455215673        2.7246966488505886     
  deviation:   6.6609855788950928E-002
  old,new av.   3758.6299215122945        3758.5455068399688     
  old,new err.   2.7246966488505886        2.6588435870247964     
  deviation:   3.0981310290561313E-002
  old,new av.   3758.5455068399688        3759.3030714446700     
  old,new err.   2.6588435870247964        2.5977369756879560     
  deviation:  0.28492259130929332     
  old,new av.   3759.3030714446700        3760.1389858228445     
  old,new err.   2.5977369756879560        2.5407034956503769     
  deviation:  0.32178561032073655     
  old,new av.   3760.1389858228445        3759.7583226692227     
  old,new err.   2.5407034956503769        2.4874608608661730     
  deviation:  0.14982588652057979     
  old,new av.   3759.7583226692227        3760.7934640937219     
  old,new err.   2.4874608608661730        2.4378960134492487     
  deviation:  0.41614380382200794     
  old,new av.   3760.7934640937219        3760.5394189304930     
  old,new err.   2.4378960134492487        2.3915960208332958     
  deviation:  0.10420672654923090     
  old,new av.   3760.5394189304930        3760.2306393593994     
  old,new err.   2.3915960208332958        2.3478452085943693     
  deviation:  0.12911025457632377     
  old,new av.   3760.2306393593994        3760.2060883392119     
  old,new err.   2.3478452085943693        2.3064181891841962     
  deviation:   1.0456830841191443E-002
  old,new av.   3760.2060883392119        3760.3263658431306     
  old,new err.   2.3064181891841962        2.2672212509474234     
  deviation:   5.2149044125106334E-002
  old,new av.   3760.3263658431306        3760.5437408081866     
  old,new err.   2.2672212509474234        2.2301105973434789     
  deviation:   9.5877261632576691E-002
  old,new av.   3760.5437408081866        3760.5454750156832     
  old,new err.   2.2301105973434789        2.1948202322743406     
  deviation:   7.7763295626535520E-004
  old,new av.   3760.5454750156832        3760.3274394277109     
  old,new err.   2.1948202322743406        2.1612900493508311     
  deviation:   9.9340977801332664E-002
  old,new av.   3760.3274394277109        3760.9432983307506     
  old,new err.   2.1612900493508311        2.1293324727193275     
  deviation:  0.28494967772819763     
  old,new av.   3760.9432983307506        3761.1047023638052     
  old,new err.   2.1293324727193275        2.0989586092295509     
  deviation:   7.5800296629345676E-002
  old,new av.   3761.1047023638052        3761.0210399943921     
  old,new err.   2.0989586092295509        2.0698748535606448     
  deviation:   3.9858989617624817E-002
  old,new av.   3761.0210399943921        3761.7612896048963     
  old,new err.   2.0698748535606448        2.0419664845081740     
  deviation:  0.35763012881227352     
  old,new av.   3761.7612896048963        3762.0354198909263     
  old,new err.   2.0419664845081740        2.0151580386888162     
  deviation:  0.13424818091271715     
  old,new av.   3762.0354198909263        3762.3509899405458     
  old,new err.   2.0151580386888162        1.9893982605457488     
  deviation:  0.15659816429327722     
  old,new av.   3762.3509899405458        3762.2617279896231     
  old,new err.   1.9893982605457488        1.9646632769565002     
  deviation:   4.4868819226891114E-002
  old,new av.   3762.2617279896231        3762.3883207069712     
  old,new err.   1.9646632769565002        1.9408464023108916     
  deviation:   6.4434816303081982E-002
  old,new av.   3762.3883207069712        3762.5826744210726     
  old,new err.   1.9408464023108916        1.9178940404941218     
  deviation:  0.10013863738523747     
  old,new av.   3762.5826744210726        3762.7857491525151     
  old,new err.   1.9178940404941218        1.8957796614112008     
  deviation:  0.10588422882327984     
  old,new av.   3762.7857491525151        3762.4592762248276     
  old,new err.   1.8957796614112008        1.8744405049102719     
  deviation:  0.17221037567440473     
  old,new av.   3762.4592762248276        3762.9897625407102     
  old,new err.   1.8744405049102719        1.8538032654223762     
  deviation:  0.28301048472489154     
  old,new av.   3762.9897625407102        3762.8803388646415     
  old,new err.   1.8538032654223762        1.8339325281921313     
  deviation:   5.9026585026400430E-002
  old,new av.   3762.8803388646415        3762.7920841645928     
  old,new err.   1.8339325281921313        1.8147735504727203     
  deviation:   4.8123199022902560E-002
  old,new av.   3762.7920841645928        3763.0087652118982     
  old,new err.   1.8147735504727203        1.7962418070867243     
  deviation:  0.11939839394782138     
  old,new av.   3763.0087652118982        3763.3645611010284     
  old,new err.   1.7962418070867243        1.7782719847567541     
  deviation:  0.19807794681452451     
  old,new av.   3763.3645611010284        3763.3708320079363     
  old,new err.   1.7782719847567541        1.7608822230604353     
  deviation:   3.5264048254211124E-003
  old,new av.   3763.3708320079363        3763.0444141786766     
  old,new err.   1.7608822230604353        1.7440457569201897     
  deviation:  0.18537175569439007     
  old,new av.   3763.0444141786766        3763.3889766169827     
  old,new err.   1.7440457569201897        1.7276897240914801     
  deviation:  0.19756502198350967     
  old,new av.   3763.3889766169827        3763.2779714718281     
  old,new err.   1.7276897240914801        1.7118595731640260     
  deviation:   6.4250625333216363E-002
  old,new av.   3763.2779714718281        3763.1838787079346     
  old,new err.   1.7118595731640260        1.6964857711631447     
  deviation:   5.4965235097877908E-002
  old,new av.   3763.1838787079346        3763.2271132573924     
  old,new err.   1.6964857711631447        1.6815747323978076     
  deviation:   2.5484769865267164E-002
  old,new av.   3763.2271132573924        3763.2496217015973     
  old,new err.   1.6815747323978076        1.6670699174052233     
  deviation:   1.3385336834161257E-002
  old,new av.   3763.2496217015973        3763.4726288425227     
  old,new err.   1.6670699174052233        1.6529803859893755     
  deviation:  0.13377191838027716     
  old,new av.   3763.4726288425227        3763.6194834664275     
  old,new err.   1.6529803859893755        1.6392463043789101     
  deviation:   8.8842326956531034E-002
  old,new av.   3763.6194834664275        3763.9306103222611     
  old,new err.   1.6392463043789101        1.6258467204189535     
  deviation:  0.18979872335386802     
  old,new av.   3763.9306103222611        3764.1205752902811     
  old,new err.   1.6258467204189535        1.6127685240151879     
  deviation:  0.11684063794831225     
  old,new av.   3764.1205752902811        3764.2989087636483     
  old,new err.   1.6127685240151879        1.6001638805878808     
  deviation:  0.11057598825359712     
  old,new av.   3764.2989087636483        3764.6576882578611     
  old,new err.   1.6001638805878808        1.5878607926782939     
  deviation:  0.22421421865923447     
  old,new av.   3764.6576882578611        3764.8855147916943     
  old,new err.   1.5878607926782939        1.5758706117053327     
  deviation:  0.14348016833951344     
  old,new av.   3764.8855147916943        3765.0143657305903     
  old,new err.   1.5758706117053327        1.5641708491156268     
  deviation:   8.1764922791825748E-002
  old,new av.   3765.0143657305903        3765.1175812508550     
  old,new err.   1.5641708491156268        1.5527514900479233     
  deviation:   6.5987369808783530E-002
  old,new av.   3765.1175812508550        3765.2210847606862     
  old,new err.   1.5527514900479233        1.5415981331944173     
  deviation:   6.6658129452496273E-002
  old,new av.   3765.2210847606862        3765.1713872261871     
  old,new err.   1.5415981331944173        1.5306872518683980     
  deviation:   3.2237671692080631E-002
  old,new av.   3765.1713872261871        3765.1994685709496     
  old,new err.   1.5306872518683980        1.5200303981621097     
  deviation:   1.8345579561248514E-002
  old,new av.   3765.1994685709496        3765.2062879761702     
  old,new err.   1.5200303981621097        1.5096309183770831     
  deviation:   4.4863610811897974E-003
  old,new av.   3765.2062879761702        3764.8481765111219     
  old,new err.   1.5096309183770831        1.4994871002133232     
  deviation:  0.23721789259144274     
  old,new av.   3764.8481765111219        3764.9767757338122     
  old,new err.   1.4994871002133232        1.4895602659116847     
  deviation:   8.5762140049127106E-002
  old,new av.   3764.9767757338122        3765.1052502091102     
  old,new err.   1.4895602659116847        1.4798340427058709     
  deviation:   8.6249934452502494E-002
  old,new av.   3765.1052502091102        3765.1131307064165     
  old,new err.   1.4798340427058709        1.4703119054516756     
  deviation:   5.3252574808660960E-003
  old,new av.   3765.1131307064165        3765.0777523293291     
  old,new err.   1.4703119054516756        1.4610299363903263     
  deviation:   2.4061817738315970E-002
  old,new av.   3765.0777523293291        3765.1078641174881     
  old,new err.   1.4610299363903263        1.4519511161945684     
  deviation:   2.0609973422887156E-002
  old,new av.   3765.1078641174881        3765.1719943290927     
  old,new err.   1.4519511161945684        1.4430490129980078     
  deviation:   4.4168299393360942E-002
  old,new av.   3765.1719943290927        3765.2095952994896     
  old,new err.   1.4430490129980078        1.4343249315153246     
  deviation:   2.6056613502499219E-002
  old,new av.   3765.2095952994896        3764.9256150628366     
  old,new err.   1.4343249315153246        1.4257900626073559     
  deviation:  0.19798877535575840     
  old,new av.   3764.9256150628366        3765.1677047193193     
  old,new err.   1.4257900626073559        1.4174355147376609     
  deviation:  0.16979333972910748     
  old,new av.   3765.1677047193193        3765.2911769780226     
  old,new err.   1.4174355147376609        1.4092466847723562     
  deviation:   8.7109612690995361E-002
  old,new av.   3765.2911769780226        3765.2747570260544     
  old,new err.   1.4092466847723562        1.4012001437666397     
  deviation:   1.1651581050764340E-002
  old,new av.   3765.2747570260544        3765.4857868802551     
  old,new err.   1.4012001437666397        1.3933115592697836     
  deviation:  0.15060650338885914     
  old,new av.   3765.4857868802551        3765.5341091848204     
  old,new err.   1.3933115592697836        1.3856009730050973     
  deviation:   3.4681621812312172E-002
  old,new av.   3765.5341091848204        3765.4547635386562     
  old,new err.   1.3856009730050973        1.3780301444791994     
  deviation:   5.7264427284697370E-002
  old,new av.   3765.4547635386562        3765.6627314601096     
  old,new err.   1.3780301444791994        1.3705816634647643     
  deviation:  0.15091681577986896     
  old,new av.   3765.6627314601096        3765.9020429943275     
  old,new err.   1.3705816634647643        1.3632888578735745     
  deviation:  0.17460581926430885     
  old,new av.   3765.9020429943275        3765.9329221819844     
  old,new err.   1.3632888578735745        1.3561598239197055     
  deviation:   2.2650509815674309E-002
  old,new av.   3765.9329221819844        3765.8143842283821     
  old,new err.   1.3561598239197055        1.3491502129086068     
  deviation:   8.7407067744927944E-002
  old,new av.   3765.8143842283821        3765.9538372730899     
  old,new err.   1.3491502129086068        1.3422545841417242     
  deviation:  0.10336361612926905     
  old,new av.   3765.9538372730899        3765.9651582919996     
  old,new err.   1.3422545841417242        1.3354671574391179     
  deviation:   8.4343305982826598E-003
  old,new av.   3765.9651582919996        3766.0076389676501     
  old,new err.   1.3354671574391179        1.3287839297507538     
  deviation:   3.1809599669942908E-002
  old,new av.   3766.0076389676501        3766.2813493888439     
  old,new err.   1.3287839297507538        1.3222190139889471     
  deviation:  0.20598564978513551     
  old,new av.   3766.2813493888439        3766.4036075796703     
  old,new err.   1.3222190139889471        1.3157489464987584     
  deviation:   9.2464402291099285E-002
  old,new av.   3766.4036075796703        3766.5048653370536     
  old,new err.   1.3157489464987584        1.3093955085805684     
  deviation:   7.6958265976793172E-002
  old,new av.   3766.5048653370536        3766.5461645698128     
  old,new err.   1.3093955085805684        1.3031379237119123     
  deviation:   3.1540686132335252E-002
  old,new av.   3766.5461645698128        3766.5071943325288     
  old,new err.   1.3031379237119123        1.2969737862209918     
  deviation:   2.9904921478336711E-002
  old,new av.   3766.5071943325288        3766.6782069689466     
  old,new err.   1.2969737862209918        1.2909237653384944     
  deviation:  0.13185512169531283     
  old,new av.   3766.6782069689466        3766.5972869615230     
  old,new err.   1.2909237653384944        1.2849726230378218     
  deviation:   6.2683800233866313E-002
  old,new av.   3766.5972869615230        3766.7345263705943     
  old,new err.   1.2849726230378218        1.2791184053812745     
  deviation:  0.10680337200247046     
  old,new av.   3766.7345263705943        3766.7885562501310     
  old,new err.   1.2791184053812745        1.2734180203147989     
  deviation:   4.2239935966405850E-002
  old,new av.   3766.7885562501310        3766.8201457238993     
  old,new err.   1.2734180203147989        1.2678567524666462     
  deviation:   2.4806837396903224E-002
  old,new av.   3766.8201457238993        3766.8702320241614     
  old,new err.   1.2678567524666462        1.2623769612112561     
  deviation:   3.9504699694735315E-002
  old,new av.   3766.8702320241614        3767.0076042601481     
  old,new err.   1.2623769612112561        1.2569815901758075     
  deviation:  0.10882029711230019     
  old,new av.   3767.0076042601481        3767.0923339889282     
  old,new err.   1.2569815901758075        1.2516902516009076     
  deviation:   6.7407294937569431E-002
  old,new av.   3767.0923339889282        3767.2728834579311     
  old,new err.   1.2516902516009076        1.2464659893692398     
  deviation:  0.14424452756742667     
  old,new av.   3767.2728834579311        3767.1457770691900     
  old,new err.   1.2464659893692398        1.2413139522810668     
  deviation:  0.10197341108798394     
  old,new av.   3767.1457770691900        3767.2216493817159     
  old,new err.   1.2413139522810668        1.2362279115395429     
  deviation:   6.1122580944564388E-002
  old,new av.   3767.2216493817159        3767.2033817560914     
  old,new err.   1.2362279115395429        1.2312256349733832     
  deviation:   1.4776907602541866E-002
  old,new av.   3767.2033817560914        3767.2330651519178     
  old,new err.   1.2312256349733832        1.2262915065277653     
  deviation:   2.4108818873835182E-002
  old,new av.   3767.2330651519178        3767.4084205227700     
  old,new err.   1.2262915065277653        1.2214534622872435     
  deviation:  0.14299648160228048     
  old,new av.   3767.4084205227700        3767.5640878909198     
  old,new err.   1.2214534622872435        1.2166850627497008     
  deviation:  0.12744437095320074     
  old,new av.   3767.5640878909198        3767.6029086648700     
  old,new err.   1.2166850627497008        1.2119984572754219     
  deviation:   3.1907003002451202E-002
  old,new av.   3767.6029086648700        3767.7110983475891     
  old,new err.   1.2119984572754219        1.2073672012912142     
  deviation:   8.9265528408566219E-002
  old,new av.   3767.7110983475891        3767.8356064681366     
  old,new err.   1.2073672012912142        1.2027903479720208     
  deviation:  0.10312365651007764     
  old,new av.   3767.8356064681366        3767.8167893661994     
  old,new err.   1.2027903479720208        1.1982675399109433     
  deviation:   1.5644540188511573E-002
  old,new av.   3767.8167893661994        3768.0764441865931     
  old,new err.   1.1982675399109433        1.1938238170581239     
  deviation:  0.21669185865873694     
  old,new av.   3768.0764441865931        3768.1449368158296     
  old,new err.   1.1938238170581239        1.1894274737264672     
  deviation:   5.7372476790837477E-002
  old,new av.   3768.1449368158296        3768.2272154292846     
  old,new err.   1.1894274737264672        1.1850833041020450     
  deviation:   6.9174973062601078E-002
  old,new av.   3768.2272154292846        3768.2734417277020     
  old,new err.   1.1850833041020450        1.1808534473588386     
  deviation:   3.9006792397982049E-002
  old,new av.   3768.2734417277020        3768.5123730002692     
  old,new err.   1.1808534473588386        1.1766960977012717     
  deviation:  0.20233778637107705     
  old,new av.   3768.5123730002692        3768.6106840739576     
  old,new err.   1.1766960977012717        1.1725823493322183     
  deviation:   8.3548397823719839E-002
  old,new av.   3768.6106840739576        3768.6530934098751     
  old,new err.   1.1725823493322183        1.1685584765060044     
  deviation:   3.6167469126246750E-002
  old,new av.   3768.6530934098751        3768.5670825242082     
  old,new err.   1.1685584765060044        1.1646136376273422     
  deviation:   7.3604263197859413E-002
  old,new av.   3768.5670825242082        3768.5717266960096     
  old,new err.   1.1646136376273422        1.1607080779055630     
  deviation:   3.9877360622664693E-003
  old,new av.   3768.5717266960096        3768.5527070645344     
  old,new err.   1.1607080779055630        1.1568926103702832     
  deviation:   1.6386231678100185E-002
  old,new av.   3768.5527070645344        3768.7073680636818     
  old,new err.   1.1568926103702832        1.1531607059179212     
  deviation:  0.13368656499403139     
  old,new av.   3768.7073680636818        3768.8445401333433     
  old,new err.   1.1531607059179212        1.1494644834787440     
  deviation:  0.11895312505674074     
  old,new av.   3768.8445401333433        3768.9992250527389     
  old,new err.   1.1494644834787440        1.1458094536989007     
  deviation:  0.13457129090879819     
  old,new av.   3768.9992250527389        3769.1516253122377     
  old,new err.   1.1458094536989007        1.1421984346521308     
  deviation:  0.13300663474787383     
  old,new av.   3769.1516253122377        3769.1665032995952     
  old,new err.   1.1421984346521308        1.1386291137278579     
  deviation:   1.3025746583213864E-002
  old,new av.   3769.1665032995952        3769.2056696636896     
  old,new err.   1.1386291137278579        1.1351073282279509     
  deviation:   3.4397824209999942E-002
  old,new av.   3769.2056696636896        3769.3092126368233     
  old,new err.   1.1351073282279509        1.1316659261211408     
  deviation:   9.1218663256577626E-002
  old,new av.   3769.3092126368233        3769.4599762883881     
  old,new err.   1.1316659261211408        1.1282577362049357     
  deviation:  0.13322275424654906     
  old,new av.   3769.4599762883881        3769.5322561425833     
  old,new err.   1.1282577362049357        1.1248876325373325     
  deviation:   6.4063247142673932E-002
  old,new av.   3769.5322561425833        3769.5783768644483     
  old,new err.   1.1248876325373325        1.1215630998958175     
  deviation:   4.1000292412298502E-002
  old,new av.   3769.5783768644483        3769.6953732102857     
  old,new err.   1.1215630998958175        1.1183459197447962     
  deviation:  0.10431543784584787     
  old,new av.   3769.6953732102857        3769.7509110022393     
  old,new err.   1.1183459197447962        1.1151785153331859     
  deviation:   4.9660655950070340E-002
  old,new av.   3769.7509110022393        3769.8708444660683     
  old,new err.   1.1151785153331859        1.1120576955693879     
  deviation:  0.10754642613718540     
  old,new av.   3769.8708444660683        3770.0369957278544     
  old,new err.   1.1120576955693879        1.1089809269505346     
  deviation:  0.14940885032143469     
  old,new av.   3770.0369957278544        3770.1931674710272     
  old,new err.   1.1089809269505346        1.1059652487143290     
  deviation:  0.14082455286422513     
  old,new av.   3770.1931674710272        3770.3166611207234     
  old,new err.   1.1059652487143290        1.1029996000139235     
  deviation:  0.11166141959685348     
  old,new av.   3770.3166611207234        3770.5919938014836     
  old,new err.   1.1029996000139235        1.1000563900417508     
  deviation:  0.24962174125598424     
  old,new av.   3770.5919938014836        3770.6757663031613     
  old,new err.   1.1000563900417508        1.0971420565706833     
  deviation:   7.6152915828711601E-002
  old,new av.   3770.6757663031613        3770.7107498201472     
  old,new err.   1.0971420565706833        1.0942659503957424     
  deviation:   3.1886041352977332E-002
  old,new av.   3770.7107498201472        3770.6663180240894     
  old,new err.   1.0942659503957424        1.0914587534320144     
  deviation:   4.0604202334642993E-002
  old,new av.   3770.6663180240894        3770.6824999049550     
  old,new err.   1.0914587534320144        1.0887037501034076     
  deviation:   1.4825920644921537E-002
  old,new av.   3770.6824999049550        3770.8088318803957     
  old,new err.   1.0887037501034076        1.0860231288014417     
  deviation:  0.11603889067961373     
  old,new av.   3770.8088318803957        3770.8166808746596     
  old,new err.   1.0860231288014417        1.0833733917203610     
  deviation:   7.2272809443364346E-003
  old,new av.   3770.8166808746596        3770.9699978937379     
  old,new err.   1.0833733917203610        1.0807667145640691     
  deviation:  0.14151816931260985     
  old,new av.   3770.9699978937379        3771.0947195881131     
  old,new err.   1.0807667145640691        1.0781862411949126     
  deviation:  0.11540112467799869     
  old,new av.   3771.0947195881131        3771.1266271027021     
  old,new err.   1.0781862411949126        1.0756301728885598     
  deviation:   2.9593694827346053E-002
  old,new av.   3771.1266271027021        3771.1248014797816     
  old,new err.   1.0756301728885598        1.0731136531760894     
  deviation:   1.6972589338726154E-003
  old,new av.   3771.1248014797816        3771.1310923946312     
  old,new err.   1.0731136531760894        1.0706429829127444     
  deviation:   5.8623006342296046E-003
  old,new av.   3771.1310923946312        3771.3083978305299     
  old,new err.   1.0706429829127444        1.0682693001526034     
  deviation:  0.16560649883149553     
  old,new av.   3771.3083978305299        3771.1922074408694     
  old,new err.   1.0682693001526034        1.0659725421450825     
  deviation:  0.10876507416609464     
  old,new av.   3771.1922074408694        3771.2877515934538     
  old,new err.   1.0659725421450825        1.0637011792136029     
  deviation:   8.9630969660894580E-002
  old,new av.   3771.2877515934538        3771.3568745682032     
  old,new err.   1.0637011792136029        1.0615859845981874     
  deviation:   6.4983452214055562E-002
  old,new av.   3771.3568745682032        3771.4140541333800     
  old,new err.   1.0615859845981874        1.0595420053593383     
  deviation:   5.3862396458051791E-002
  old,new av.   3771.4140541333800        3771.5290490216648     
  old,new err.   1.0595420053593383        1.0575076222277302     
  deviation:  0.10853263740672074     
  old,new av.   3771.5290490216648        3771.6914342472246     
  old,new err.   1.0575076222277302        1.0554922035563754     
  deviation:  0.15355466206257276     
  old,new av.   3771.6914342472246        3771.8037976278401     
  old,new err.   1.0554922035563754        1.0535144901033471     
  deviation:  0.10645590771484317     
  old,new av.   3771.8037976278401        3771.8460936897231     
  old,new err.   1.0535144901033471        1.0515745745200005     
  deviation:   4.0147584376232323E-002
  old,new av.   3771.8460936897231        3771.8560089922898     
  old,new err.   1.0515745745200005        1.0497148750824286     
  deviation:   9.4290056140073578E-003
  old,new av.   3771.8560089922898        3771.8927579656961     
  old,new err.   1.0497148750824286        1.0478615266143261     
  deviation:   3.5008528771550168E-002
  old,new av.   3771.8927579656961        3771.9907025745147     
  old,new err.   1.0478615266143261        1.0460277931536792     
  deviation:   9.3470946619293990E-002
  old,new av.   3771.9907025745147        3772.0255464935767     
  old,new err.   1.0460277931536792        1.0441966985780009     
  deviation:   3.3310701006318229E-002
  old,new av.   3772.0255464935767        3772.0155076448377     
  old,new err.   1.0441966985780009        1.0424301547889994     
  deviation:   9.6139441473598181E-003
  old,new av.   3772.0155076448377        3772.0199880688979     
  old,new err.   1.0424301547889994        1.0406985817995771     
  deviation:   4.2980568430072115E-003
  old,new av.   3772.0199880688979        3772.0537070279611     
  old,new err.   1.0406985817995771        1.0390181648959722     
  deviation:   3.2400312302627549E-002
  old,new av.   3772.0537070279611        3772.0184294089822     
  old,new err.   1.0390181648959722        1.0375437581594329     
  deviation:   3.3952841413879303E-002
  old,new av.   3772.0184294089822        3772.1195673077627     
  old,new err.   1.0375437581594329        1.0361286565565315     
  deviation:   9.7478200784439736E-002
  old,new av.   3772.1195673077627        3772.2466497177643     
  old,new err.   1.0361286565565315        1.0347357189185697     
  deviation:  0.12265118737656996     
  old,new av.   3772.2466497177643        3772.2300005877305     
  old,new err.   1.0347357189185697        1.0333924423422038     
  deviation:   1.6090224517603714E-002
  old,new av.   3772.2300005877305        3772.2984577791985     
  old,new err.   1.0333924423422038        1.0321221485665093     
  deviation:   6.6245105598878112E-002
  old,new av.   3772.2984577791985        3772.4741511352076     
  old,new err.   1.0321221485665093        1.0309138579664310     
  deviation:  0.17022535196354627     
  old,new av.   3772.4741511352076        3772.5384670544595     
  old,new err.   1.0309138579664310        1.0298436514990759     
  deviation:   6.2387287506939247E-002
  old,new av.   3772.5384670544595        3772.4875578947972     
  old,new err.   1.0298436514990759        1.0288182657520042     
  deviation:   4.9433872402079151E-002
  old,new av.   3772.4875578947972        3772.6525423118419     
  old,new err.   1.0288182657520042        1.0278639867094126     
  deviation:  0.16036303255571879     
  old,new av.   3772.6525423118419        3772.7825630675943     
  old,new err.   1.0278639867094126        1.0270270511790101     
  deviation:  0.12649607091368009     
  old,new av.   3772.7825630675943        3772.9384106986113     
  old,new err.   1.0270270511790101        1.0264167718538970     
  deviation:  0.15174637400062402     
  old,new av.   3772.9384106986113        3773.0351744579411     
  old,new err.   1.0264167718538970        1.0260439234073377     
  deviation:   9.4273361448573539E-002
  old,new av.   3773.0351744579411        3773.0653704483530     
  old,new err.   1.0260439234073377        1.0257921127678196     
  deviation:   2.9429529986918827E-002
  old,new av.   3773.0653704483530        3773.1401212776918     
  old,new err.   1.0257921127678196        1.0256306446144901     
  deviation:   7.2871323934424886E-002
  old,new av.   3773.1401212776918        3773.2815692016593     
  old,new err.   1.0256306446144901        1.0258165701829745     
  deviation:  0.13791312175605758     
  old,new av.   3773.2815692016593        3773.3481134165154     
  old,new err.   1.0258165701829745        1.0260028442289089     
  deviation:   6.4869506684050462E-002
  old,new av.   3773.3481134165154        3773.4790518534028     
  old,new err.   1.0260028442289089        1.0262277549255800     
  deviation:  0.12761995507507323     
  old,new av.   3773.4790518534028        3773.4217891374365     
  old,new err.   1.0262277549255800        1.0266421982975731     
  deviation:   5.5799227502348760E-002
  old,new av.   3773.4217891374365        3773.5339145786938     
  old,new err.   1.0266421982975731        1.0270784572881715     
  deviation:  0.10921569505257817     
  old,new av.   3773.5339145786938        3773.5279104698798     
  old,new err.   1.0270784572881715        1.0275529797101941     
  deviation:   5.8458132107265881E-003
  old,new av.   3773.5279104698798        3773.5109801627009     
  old,new err.   1.0275529797101941        1.0280251238986540     
  deviation:   1.6476335053455554E-002
  old,new av.   3773.5109801627009        3773.6100359694256     
  old,new err.   1.0280251238986540        1.0285006849794998     
  deviation:   9.6355433755361306E-002
  old,new av.   3773.6100359694256        3773.7821888871067     
  old,new err.   1.0285006849794998        1.0291318717556315     
  deviation:  0.16738240449941111     
  old,new av.   3773.7821888871067        3773.8961503435135     
  old,new err.   1.0291318717556315        1.0306028331945210     
  deviation:  0.11073552334195104     
  old,new av.   3773.8961503435135        3774.0398997482898     
  old,new err.   1.0306028331945210        1.0321231983978969     
  deviation:  0.13948089423623788     
  old,new av.   3774.0398997482898        3774.1377129987745     
  old,new err.   1.0321231983978969        1.0345639894654659     
  deviation:   9.4768968119828143E-002
  old,new av.   3774.1377129987745        3774.1873208232196     
  old,new err.   1.0345639894654659        1.0386777149400113     
  deviation:   4.7950465075319755E-002
  old,new av.   3774.1873208232196        3774.3690144080297     
  old,new err.   1.0386777149400113        1.0448037777364902     
  deviation:  0.17492777807463100     
  old,new av.   3774.3690144080297        3774.6241296425828     
  old,new err.   1.0448037777364902        1.0571435784974277     
  deviation:  0.24417526045498436     
  old,new av.   3774.6241296425828        3774.8831409293298     
  old,new err.   1.0571435784974277        1.0748291456884986     
  deviation:  0.24501050946655731     
  old,new av.   3774.8831409293298        3774.9844938644310     
  old,new err.   1.0748291456884986        1.0924931284653037     
  deviation:   9.4296787082639721E-002
  old,new av.   3774.9844938644310        3775.6315370581910     
  old,new err.   1.0924931284653037        1.3137496585462747     
  deviation:  0.59226294143286640     
  old,new av.   3775.6315370581910        3777.2089772993272     
  old,new err.   1.3137496585462747        2.0871331361919752     
  deviation:   1.2007160046623226     
********** Check_stat_consistency ******
           1   3789.5572117650995        15.738833983501806      T
           2   3809.6175698612501        30.083329981481256      T
           3   3785.8538767714017        14.075884202595260      T
           4   3758.8442238260959        11.753320022916713      T
           5   3777.8093426840715        15.933911195413362      T
           6   3774.9485784674239        12.708476338370154      T
           7   3777.1929751239945        14.405045775282758      T
           8   3764.3570029838661        14.689927512904740      T
           9   3761.9820469327801        12.143794092660121      T
          10   3794.2771212112625        20.543326835821880      T
          11   3773.7115117268272        12.458799966299356      T
          12   3800.5234413886706        18.295981671252033      T
          13   3798.8836434397112        19.861529481939904      T
          14   3797.4174388910874        13.703724780239261      T
          15   3766.6302398297553        12.354540058317214      T
          16   3743.6270973138649        13.025139094420666      T
          17   3785.8256784164037        12.786760215026174      T
          18   3782.4039165380527        14.585591610032047      T
          19   3772.9965088687518        14.742802246117247      T
          20   3784.6017168572057        12.255404702873308      T
          21   3785.6889292962996        13.517434425454621      T
          22   3798.0815186512282        15.166425025694769      T
          23   3772.4111462305727        20.677710431648745      T
          24   3765.2852810655650        13.556477688959045      T
          25   3772.7592580388032        16.133434561557419      T
          26   3779.7311720010321        12.576626697335593      T
          27   3762.8829622651324        13.264199422739024      T
          28   3786.0618620830001        14.438137604428793      T
          29   3780.2113907691955        13.831005902810789      T
          30   3790.6415768750453        13.231972484891230      T
          31   3765.4753098292035        12.676998397803443      T
          32   3768.5267739451183        13.191841108232371      T
          33   3774.2189642677795        14.140004478248661      T
          34   3806.3190903289355        21.161197233767609      T
          35   3759.0277661993478        13.124632559864231      T
          36   3766.5020070609735        11.933019669063547      T
          37   3780.7448278588358        13.477826411019892      T
          38   3790.2591236186099        18.750763011662208      T
          39   3754.4789470636897        11.941832691841840      T
          40   3773.7982360797050        11.880716994467630      T
          41   3783.5665186119650        13.045825635744972      T
          42   3784.0046375202569        16.990199369806273      T
          43   3760.8586195058451        11.942381256603133      T
          44   3772.8742730032423        12.815397600575523      T
          45   3765.7092739492273        13.669062813004601      T
          46   3753.7863717885421        12.388970829036330      T
          47   3770.8527836645785        14.975699849572772      T
          48   3758.1751207936986        12.534622673699030      T
          49   3782.6662561710918        14.208396707224347      T
          50   3756.9416280657683        12.154252675674911      T
          51   3755.2441652136604        11.797524694304752      T
          52   3758.9088773624330        12.560886282633925      T
          53   3777.6510542324891        16.223150036404025      T
          54   3783.6651210849559        17.378551521215169      T
          55   3789.4288086612810        14.918005836823827      T
          56   3775.1123698843776        13.532003516359902      T
          57   3773.7215228767723        12.914019495689480      T
          58   3770.9087384102122        12.496926861682780      T
          59   3760.5957670330831        12.364809798861863      T
          60   3777.9467991179354        13.206936085251371      T
          61   3824.3716003803770        37.725862824690815      T
          62   3770.3795051094971        13.566983045610268      T
          63   3773.4424574029968        15.927067938404615      T
          64   3771.6299799019725        12.453265545802148      T
          65   3792.6335673307526        14.468976908908088      T
          66   3784.3761636511158        13.624393948648516      T
          67   3765.6647655178804        12.929304206941339      T
          68   3772.6318330191812        11.719707213459492      T
          69   3740.8547083528733        12.904275161513247      T
          70   3770.3691364516644        16.073877087261476      T
          71   3775.6663121505976        14.255354190401123      T
          72   3747.3763583742239        12.612852497188529      T
          73   3779.9095096414871        13.320537813548873      T
          74   3771.0560076939814        14.117194067953223      T
          75   3777.7051053006326        15.964123179667794      T
          76   3774.4543635386972        12.173454851705896      T
          77   3779.6119634466891        13.659526642804366      T
          78   3785.9060069389066        15.301072383174912      T
          79   3802.6934083687197        17.114755017447681      T
          80   3782.1571453620863        13.080068278105170      T
          81   3771.8287757501503        13.462286671558729      T
          82   3785.7649003343981        13.154045220994043      T
          83   3793.3542826791040        14.899412089329301      T
          84   3773.6998043840317        13.890945826874171      T
          85   3766.2323120245524        14.010457856058197      T
          86   3780.2768867357790        15.651719198965699      T
          87   3789.1107343029394        16.702349385454994      T
          88   3786.9297763620430        12.451816712931825      T
          89   3825.6493531317442        43.617624820882554      T
          90   3778.5551068216660        12.803366231073085      T
          91   3766.1270670394533        16.590323904830271      T
          92   3758.2601818037538        12.450599156692595      T
          93   3769.9159141531759        13.451365093734754      T
          94   3752.5111500820681        12.309944403130896      T
          95   3757.7277142141056        12.643390438352810      T
          96   3759.5677618143318        12.312426646245623      T
          97   3774.7985408981817        13.060874668271111      T
          98   3749.0738861896516        12.505228118187938      T
          99   4091.1195852853907        325.41682784141744      T
         100   3773.9699890046736        12.918781685923546      T
         101   3785.2701878078028        12.505460128523199      T
         102   3795.6662160800579        17.862420764549295      T
         103   3758.9590358054829        12.473950509509182      T
         104   3791.5886962857471        14.525839255770730      T
         105   3767.9920671088476        13.002881447021297      T
         106   3754.4423350130019        12.307319293550163      T
         107   3795.5488270607384        22.672706253635440      T
         108   3777.4068447540508        13.232419224157789      T
         109   3775.6500365956822        13.514268057024358      T
         110   3782.0018126796058        15.544108637177883      T
         111   3771.6964877811756        12.708018518418136      T
         112   3771.8343730253973        13.655219909220916      T
         113   3778.4704527320810        19.005336076504438      T
         114   3758.9098862562869        13.304945127042384      T
         115   3786.5952705586838        19.209641306511365      T
         116   3743.1497172346253        11.614421526647050      T
         117   3770.3456939836510        13.258598118682531      T
         118   3758.3851477493567        12.655046465007370      T
         119   3801.4960360606760        22.856280055963786      T
         120   3787.3587847787981        14.568560088592569      T
         121   3787.7306709588124        14.072313059993316      T
         122   3765.6563687207272        12.878703713878632      T
         123   3903.7460894227520        146.82399898908616      T
         124   3762.5658875561408        12.964965750528364      T
         125   3771.5169435072876        12.828062015026228      T
         126   3785.4591605203582        19.922070333873705      T
         127   3792.2325276336392        20.817355979355280      T
         128   3781.6560078489319        13.663928739917875      T
         129   3771.9547850428849        14.855552627530482      T
         130   3797.1859146601232        15.683123834410633      T
         131   3801.5248152946824        17.627447832303197      T
         132   3767.2759128649395        12.984036235343531      T
         133   3793.7235770080379        16.750319832150392      T
         134   3780.0349243249793        12.404647398399884      T
         135   3789.4682515941145        15.659579364091622      T
         136   3781.3537142489449        12.708220919323002      T
         137   3789.0006363438260        14.831620902918685      T
         138   3766.9500869371514        13.211446860925610      T
         139   3756.4898428053807        11.851348340310880      T
         140   3751.3837332895555        12.200934935748641      T
         141   3754.0538190288530        13.527050962045294      T
         142   3778.5711675290468        15.795986927863959      T
         143   3774.6422502189589        12.780709463215388      T
         144   3780.2725360939762        12.616192605966503      T
         145   3763.6655646326085        12.594208100552674      T
         146   3767.1988439662064        12.479324042557071      T
         147   3767.0247559805180        12.857500241934909      T
         148   3763.6293641135694        17.478406651719030      T
         149   3775.8489392618976        14.934356618199830      T
         150   3763.5738584489245        12.329894564339698      T
         151   3762.8854493995818        20.438407223124393      T
         152   3797.4407858037789        20.048967577772579      T
         153   3769.3996484819477        16.848374133775742      T
         154   3775.6434257151850        14.613858747171198      T
         155   3751.0727697028046        11.722501142400917      T
         156   3763.6851888051578        11.942342553511793      T
         157   3764.4425692444429        12.685771688731947      T
         158   3770.1624692710261        12.485045652750658      T
         159   3789.0592509918561        14.215343534646438      T
         160   3745.3968288904784        11.539156906153677      T
         161   3783.7616309410560        27.114623269540260      T
         162   3782.7533947921806        13.289910477173475      T
         163   3771.7418058800454        12.838963812740912      T
         164   3770.3450127201654        20.742512101953690      T
         165   3777.6931877645070        12.179148050187507      T
         166   3775.7193212589673        13.252935006958136      T
         167   3755.7386581721803        13.200241139741552      T
         168   3772.7594123406589        12.573795015797277      T
         169   3786.1714452039300        13.608323393283856      T
         170   3751.9052762441315        12.072538388191866      T
         171   3794.9510220793318        44.240194630215754      T
         172   3752.1870779974611        11.901531789050445      T
         173   3766.2696314215573        12.444031735206845      T
         174   3779.0009170421645        14.229676355476464      T
         175   3808.8632364270825        14.572102119425301      T
         176   3785.2558872067298        14.368923009509375      T
         177   3763.9940007725609        13.063764690089204      T
         178   3782.7161010192717        13.125973833435696      T
         179   3772.0747296221375        15.028559164826822      T
         180   3772.0294545652182        13.390505171290195      T
         181   3792.9178570918839        24.454635511384929      T
         182   3775.5150144525023        12.705156510467926      T
         183   3775.9530965487734        13.704311919918132      T
         184   3769.3998935500504        13.113703227755098      T
         185   3763.5368450325573        12.011966591197629      T
         186   3769.1336714839808        13.943284745186922      T
         187   3796.4673318906348        13.828093576163040      T
         188   3761.9907450182241        12.843053882476022      T
         189   3788.3348399771517        14.087227453640345      T
         190   3764.4951121371023        12.115634401105369      T
         191   3769.7459384249123        13.214950715715284      T
         192   3755.3974602754674        11.740357062191894      T
         193   3753.5312682124909        15.274772747357183      T
         194   3788.3540580091308        14.103191829044263      T
         195   3762.3123109065004        12.012063708083819      T
         196   3758.2457762441873        13.940476274344789      T
         197   3777.6892559766525        13.711383479444514      T
         198   3773.6356923440949        13.792634049744711      T
         199   3769.8534997762436        12.991327650641853      T
         200   3787.8577292031550        15.963684357824715      T
********** end Check_stat_consistency ******
  powheginput keyword fixedgrid            absent; set to   -1000000.0000000000     
  Opened pwggridinfo-rmn-xg3-0001.dat                                                                        
  Opened pwggridinfo-rmn-xg3-0002.dat                                                                        
  Opened pwggridinfo-rmn-xg3-0003.dat                                                                        
  Opened pwggridinfo-rmn-xg3-0004.dat                                                                        
  Opened pwggridinfo-rmn-xg3-0005.dat                                                                        
  Opened pwggridinfo-rmn-xg3-0006.dat                                                                        
  Opened pwggridinfo-rmn-xg3-0007.dat                                                                        
  Opened pwggridinfo-rmn-xg3-0008.dat                                                                        
  Opened pwggridinfo-rmn-xg3-0009.dat                                                                        
  Opened pwggridinfo-rmn-xg3-0010.dat                                                                        
  Opened pwggridinfo-rmn-xg3-0011.dat                                                                        
  Opened pwggridinfo-rmn-xg3-0012.dat                                                                        
  Opened pwggridinfo-rmn-xg3-0013.dat                                                                        
  Opened pwggridinfo-rmn-xg3-0014.dat                                                                        
  Opened pwggridinfo-rmn-xg3-0015.dat                                                                        
  Opened pwggridinfo-rmn-xg3-0016.dat                                                                        
  Opened pwggridinfo-rmn-xg3-0017.dat                                                                        
  Opened pwggridinfo-rmn-xg3-0018.dat                                                                        
  Opened pwggridinfo-rmn-xg3-0019.dat                                                                        
  Opened pwggridinfo-rmn-xg3-0020.dat                                                                        
  Opened pwggridinfo-rmn-xg3-0021.dat                                                                        
  Opened pwggridinfo-rmn-xg3-0022.dat                                                                        
  Opened pwggridinfo-rmn-xg3-0023.dat                                                                        
  Opened pwggridinfo-rmn-xg3-0024.dat                                                                        
  Opened pwggridinfo-rmn-xg3-0025.dat                                                                        
  Opened pwggridinfo-rmn-xg3-0026.dat                                                                        
  Opened pwggridinfo-rmn-xg3-0027.dat                                                                        
  Opened pwggridinfo-rmn-xg3-0028.dat                                                                        
  Opened pwggridinfo-rmn-xg3-0029.dat                                                                        
  Opened pwggridinfo-rmn-xg3-0030.dat                                                                        
  Opened pwggridinfo-rmn-xg3-0031.dat                                                                        
  Opened pwggridinfo-rmn-xg3-0032.dat                                                                        
  Opened pwggridinfo-rmn-xg3-0033.dat                                                                        
  Opened pwggridinfo-rmn-xg3-0034.dat                                                                        
  Opened pwggridinfo-rmn-xg3-0035.dat                                                                        
  Opened pwggridinfo-rmn-xg3-0036.dat                                                                        
  Opened pwggridinfo-rmn-xg3-0037.dat                                                                        
  Opened pwggridinfo-rmn-xg3-0038.dat                                                                        
  Opened pwggridinfo-rmn-xg3-0039.dat                                                                        
  Opened pwggridinfo-rmn-xg3-0040.dat                                                                        
  Opened pwggridinfo-rmn-xg3-0041.dat                                                                        
  Opened pwggridinfo-rmn-xg3-0042.dat                                                                        
  Opened pwggridinfo-rmn-xg3-0043.dat                                                                        
  Opened pwggridinfo-rmn-xg3-0044.dat                                                                        
  Opened pwggridinfo-rmn-xg3-0045.dat                                                                        
  Opened pwggridinfo-rmn-xg3-0046.dat                                                                        
  Opened pwggridinfo-rmn-xg3-0047.dat                                                                        
  Opened pwggridinfo-rmn-xg3-0048.dat                                                                        
  Opened pwggridinfo-rmn-xg3-0049.dat                                                                        
  Opened pwggridinfo-rmn-xg3-0050.dat                                                                        
  Opened pwggridinfo-rmn-xg3-0051.dat                                                                        
  Opened pwggridinfo-rmn-xg3-0052.dat                                                                        
  Opened pwggridinfo-rmn-xg3-0053.dat                                                                        
  Opened pwggridinfo-rmn-xg3-0054.dat                                                                        
  Opened pwggridinfo-rmn-xg3-0055.dat                                                                        
  Opened pwggridinfo-rmn-xg3-0056.dat                                                                        
  Opened pwggridinfo-rmn-xg3-0057.dat                                                                        
  Opened pwggridinfo-rmn-xg3-0058.dat                                                                        
  Opened pwggridinfo-rmn-xg3-0059.dat                                                                        
  Opened pwggridinfo-rmn-xg3-0060.dat                                                                        
  Opened pwggridinfo-rmn-xg3-0061.dat                                                                        
  Opened pwggridinfo-rmn-xg3-0062.dat                                                                        
  Opened pwggridinfo-rmn-xg3-0063.dat                                                                        
  Opened pwggridinfo-rmn-xg3-0064.dat                                                                        
  Opened pwggridinfo-rmn-xg3-0065.dat                                                                        
  Opened pwggridinfo-rmn-xg3-0066.dat                                                                        
  Opened pwggridinfo-rmn-xg3-0067.dat                                                                        
  Opened pwggridinfo-rmn-xg3-0068.dat                                                                        
  Opened pwggridinfo-rmn-xg3-0069.dat                                                                        
  Opened pwggridinfo-rmn-xg3-0070.dat                                                                        
  Opened pwggridinfo-rmn-xg3-0071.dat                                                                        
  Opened pwggridinfo-rmn-xg3-0072.dat                                                                        
  Opened pwggridinfo-rmn-xg3-0073.dat                                                                        
  Opened pwggridinfo-rmn-xg3-0074.dat                                                                        
  Opened pwggridinfo-rmn-xg3-0075.dat                                                                        
  Opened pwggridinfo-rmn-xg3-0076.dat                                                                        
  Opened pwggridinfo-rmn-xg3-0077.dat                                                                        
  Opened pwggridinfo-rmn-xg3-0078.dat                                                                        
  Opened pwggridinfo-rmn-xg3-0079.dat                                                                        
  Opened pwggridinfo-rmn-xg3-0080.dat                                                                        
  Opened pwggridinfo-rmn-xg3-0081.dat                                                                        
  Opened pwggridinfo-rmn-xg3-0082.dat                                                                        
  Opened pwggridinfo-rmn-xg3-0083.dat                                                                        
  Opened pwggridinfo-rmn-xg3-0084.dat                                                                        
  Opened pwggridinfo-rmn-xg3-0085.dat                                                                        
  Opened pwggridinfo-rmn-xg3-0086.dat                                                                        
  Opened pwggridinfo-rmn-xg3-0087.dat                                                                        
  Opened pwggridinfo-rmn-xg3-0088.dat                                                                        
  Opened pwggridinfo-rmn-xg3-0089.dat                                                                        
  Opened pwggridinfo-rmn-xg3-0090.dat                                                                        
  Opened pwggridinfo-rmn-xg3-0091.dat                                                                        
  Opened pwggridinfo-rmn-xg3-0092.dat                                                                        
  Opened pwggridinfo-rmn-xg3-0093.dat                                                                        
  Opened pwggridinfo-rmn-xg3-0094.dat                                                                        
  Opened pwggridinfo-rmn-xg3-0095.dat                                                                        
  Opened pwggridinfo-rmn-xg3-0096.dat                                                                        
  Opened pwggridinfo-rmn-xg3-0097.dat                                                                        
  Opened pwggridinfo-rmn-xg3-0098.dat                                                                        
  Opened pwggridinfo-rmn-xg3-0099.dat                                                                        
  Opened pwggridinfo-rmn-xg3-0100.dat                                                                        
  Opened pwggridinfo-rmn-xg3-0101.dat                                                                        
  Opened pwggridinfo-rmn-xg3-0102.dat                                                                        
  Opened pwggridinfo-rmn-xg3-0103.dat                                                                        
  Opened pwggridinfo-rmn-xg3-0104.dat                                                                        
  Opened pwggridinfo-rmn-xg3-0105.dat                                                                        
  Opened pwggridinfo-rmn-xg3-0106.dat                                                                        
  Opened pwggridinfo-rmn-xg3-0107.dat                                                                        
  Opened pwggridinfo-rmn-xg3-0108.dat                                                                        
  Opened pwggridinfo-rmn-xg3-0109.dat                                                                        
  Opened pwggridinfo-rmn-xg3-0110.dat                                                                        
  Opened pwggridinfo-rmn-xg3-0111.dat                                                                        
  Opened pwggridinfo-rmn-xg3-0112.dat                                                                        
  Opened pwggridinfo-rmn-xg3-0113.dat                                                                        
  Opened pwggridinfo-rmn-xg3-0114.dat                                                                        
  Opened pwggridinfo-rmn-xg3-0115.dat                                                                        
  Opened pwggridinfo-rmn-xg3-0116.dat                                                                        
  Opened pwggridinfo-rmn-xg3-0117.dat                                                                        
  Opened pwggridinfo-rmn-xg3-0118.dat                                                                        
  Opened pwggridinfo-rmn-xg3-0119.dat                                                                        
  Opened pwggridinfo-rmn-xg3-0120.dat                                                                        
  Opened pwggridinfo-rmn-xg3-0121.dat                                                                        
  Opened pwggridinfo-rmn-xg3-0122.dat                                                                        
  Opened pwggridinfo-rmn-xg3-0123.dat                                                                        
  Opened pwggridinfo-rmn-xg3-0124.dat                                                                        
  Opened pwggridinfo-rmn-xg3-0125.dat                                                                        
  Opened pwggridinfo-rmn-xg3-0126.dat                                                                        
  Opened pwggridinfo-rmn-xg3-0127.dat                                                                        
  Opened pwggridinfo-rmn-xg3-0128.dat                                                                        
  Opened pwggridinfo-rmn-xg3-0129.dat                                                                        
  Opened pwggridinfo-rmn-xg3-0130.dat                                                                        
  Opened pwggridinfo-rmn-xg3-0131.dat                                                                        
  Opened pwggridinfo-rmn-xg3-0132.dat                                                                        
  Opened pwggridinfo-rmn-xg3-0133.dat                                                                        
  Opened pwggridinfo-rmn-xg3-0134.dat                                                                        
  Opened pwggridinfo-rmn-xg3-0135.dat                                                                        
  Opened pwggridinfo-rmn-xg3-0136.dat                                                                        
  Opened pwggridinfo-rmn-xg3-0137.dat                                                                        
  Opened pwggridinfo-rmn-xg3-0138.dat                                                                        
  Opened pwggridinfo-rmn-xg3-0139.dat                                                                        
  Opened pwggridinfo-rmn-xg3-0140.dat                                                                        
  Opened pwggridinfo-rmn-xg3-0141.dat                                                                        
  Opened pwggridinfo-rmn-xg3-0142.dat                                                                        
  Opened pwggridinfo-rmn-xg3-0143.dat                                                                        
  Opened pwggridinfo-rmn-xg3-0144.dat                                                                        
  Opened pwggridinfo-rmn-xg3-0145.dat                                                                        
  Opened pwggridinfo-rmn-xg3-0146.dat                                                                        
  Opened pwggridinfo-rmn-xg3-0147.dat                                                                        
  Opened pwggridinfo-rmn-xg3-0148.dat                                                                        
  Opened pwggridinfo-rmn-xg3-0149.dat                                                                        
  Opened pwggridinfo-rmn-xg3-0150.dat                                                                        
  Opened pwggridinfo-rmn-xg3-0151.dat                                                                        
  Opened pwggridinfo-rmn-xg3-0152.dat                                                                        
  Opened pwggridinfo-rmn-xg3-0153.dat                                                                        
  Opened pwggridinfo-rmn-xg3-0154.dat                                                                        
  Opened pwggridinfo-rmn-xg3-0155.dat                                                                        
  Opened pwggridinfo-rmn-xg3-0156.dat                                                                        
  Opened pwggridinfo-rmn-xg3-0157.dat                                                                        
  Opened pwggridinfo-rmn-xg3-0158.dat                                                                        
  Opened pwggridinfo-rmn-xg3-0159.dat                                                                        
  Opened pwggridinfo-rmn-xg3-0160.dat                                                                        
  Opened pwggridinfo-rmn-xg3-0161.dat                                                                        
  Opened pwggridinfo-rmn-xg3-0162.dat                                                                        
  Opened pwggridinfo-rmn-xg3-0163.dat                                                                        
  Opened pwggridinfo-rmn-xg3-0164.dat                                                                        
  Opened pwggridinfo-rmn-xg3-0165.dat                                                                        
  Opened pwggridinfo-rmn-xg3-0166.dat                                                                        
  Opened pwggridinfo-rmn-xg3-0167.dat                                                                        
  Opened pwggridinfo-rmn-xg3-0168.dat                                                                        
  Opened pwggridinfo-rmn-xg3-0169.dat                                                                        
  Opened pwggridinfo-rmn-xg3-0170.dat                                                                        
  Opened pwggridinfo-rmn-xg3-0171.dat                                                                        
  Opened pwggridinfo-rmn-xg3-0172.dat                                                                        
  Opened pwggridinfo-rmn-xg3-0173.dat                                                                        
  Opened pwggridinfo-rmn-xg3-0174.dat                                                                        
  Opened pwggridinfo-rmn-xg3-0175.dat                                                                        
  Opened pwggridinfo-rmn-xg3-0176.dat                                                                        
  Opened pwggridinfo-rmn-xg3-0177.dat                                                                        
  Opened pwggridinfo-rmn-xg3-0178.dat                                                                        
  Opened pwggridinfo-rmn-xg3-0179.dat                                                                        
  Opened pwggridinfo-rmn-xg3-0180.dat                                                                        
  Opened pwggridinfo-rmn-xg3-0181.dat                                                                        
  Opened pwggridinfo-rmn-xg3-0182.dat                                                                        
  Opened pwggridinfo-rmn-xg3-0183.dat                                                                        
  Opened pwggridinfo-rmn-xg3-0184.dat                                                                        
  Opened pwggridinfo-rmn-xg3-0185.dat                                                                        
  Opened pwggridinfo-rmn-xg3-0186.dat                                                                        
  Opened pwggridinfo-rmn-xg3-0187.dat                                                                        
  Opened pwggridinfo-rmn-xg3-0188.dat                                                                        
  Removing bad grid          188   3612277074366517.5     
  Opened pwggridinfo-rmn-xg3-0189.dat                                                                        
  Opened pwggridinfo-rmn-xg3-0190.dat                                                                        
  Opened pwggridinfo-rmn-xg3-0191.dat                                                                        
  Opened pwggridinfo-rmn-xg3-0192.dat                                                                        
  Opened pwggridinfo-rmn-xg3-0193.dat                                                                        
  Opened pwggridinfo-rmn-xg3-0194.dat                                                                        
  Opened pwggridinfo-rmn-xg3-0195.dat                                                                        
  Opened pwggridinfo-rmn-xg3-0196.dat                                                                        
  Opened pwggridinfo-rmn-xg3-0197.dat                                                                        
  Opened pwggridinfo-rmn-xg3-0198.dat                                                                        
  Opened pwggridinfo-rmn-xg3-0199.dat                                                                        
  Opened pwggridinfo-rmn-xg3-0200.dat                                                                        
 ************ sorted, unsorted ************
   1.8292418586770951        2.1212797580721570     
   1.8970203532514216        2.2405376200701053     
   1.9358868136129281        2.2243066616647309     
   1.9420845743563069        2.6183683093792025     
   1.9475885969209223        2.6950017453197868     
   1.9487878521810331        2.5214618935330075     
   1.9522788391991441        2.3670640654497839     
   1.9604318278696884        2.3336700100650383     
   1.9634495180655092        2.8569639859238287     
   1.9793302552730836        2.0781842623235338     
   1.9869830902514714        3.0542567195731802     
   1.9918390333702269        2.0395301435592845     
   1.9962917655535404        2.5707591393859266     
   2.0041720121709128        3.6740019634510359     
   2.0182921385663031        1.9962917655535404     
   2.0207503721054643        2.8833762206163844     
   2.0276865910491209        3.2102188219179864     
   2.0395202383282403        1.9420845743563069     
   2.0395301435592845        4.0649942943594102     
   2.0566690294288525        2.6790591770622694     
   2.0584683664728236        2.1218326861171586     
   2.0695106192935282        2.5119172590683374     
   2.0736697187723929        1.9522788391991441     
   2.0781842623235338        2.1881848798896084     
   2.0877015485427330        2.5636294278502541     
   2.1124384622111618        2.9129026566066405     
   2.1212797580721570        2.5314585570063861     
   2.1218326861171586        2.5335770936635194     
   2.1264307859511553        3.2761306223362117     
   2.1314844398884851        2.4129752916617373     
   2.1411247880172657        2.7208223943185526     
   2.1585347411190248        5.0408898156579225     
   2.1615885560095403        2.5333206845975069     
   2.1645390052094315        2.8713367971334027     
   2.1651687928024730        2.1585347411190248     
   2.1665328606602734        2.2884447365982941     
   2.1774970238986127        2.9503432638799238     
   2.1782413636798315        2.4235059891618231     
   2.1881848798896084        2.2736858524509378     
   2.1909667928070409        2.2285879233431434     
   2.1925125584662211        2.4696464294530625     
   2.1928799420047977        3.1702038613232246     
   2.2236007235818485        2.6817458305865940     
   2.2243066616647309        2.3419520557577789     
   2.2285879233431434        2.1615885560095403     
   2.2291628922459710        2.0695106192935282     
   2.2312018675512646        2.4513432326111380     
   2.2338247635356616        2.4040029970651418     
   2.2385612644573198        2.3581632346232984     
   2.2401594546250960        2.3882330663590325     
   2.2405376200701053        2.3523391945583114     
   2.2408889632080755        4.4183713521385268     
   2.2418561214959918        2.7425219348077414     
   2.2419362760180621        2.4020192180204134     
   2.2426557040016641        2.2419362760180621     
   2.2457858783961990        2.2918212010959071     
   2.2523177178059330        1.9358868136129281     
   2.2547517974353299        2.0736697187723929     
   2.2598260502356684        2.2779056171313967     
   2.2697948793011546        2.0566690294288525     
   2.2736858524509378        2.6632704168386043     
   2.2779056171313967        2.1124384622111618     
   2.2876549996066702        2.9557782599780342     
   2.2884447365982941        4.4292009720187471     
   2.2918212010959071        2.0207503721054643     
   2.3058967446286966        2.4760534273023156     
   2.3092092350301661        2.5283562922190139     
   2.3285572215126411        3.3990706479736548     
   2.3318603300708811        2.1665328606602734     
   2.3336700100650383        2.6433355147468687     
   2.3362467422044602        2.1774970238986127     
   2.3419520557577789        3.4720358049205653     
   2.3486831767309551        3.2344667761227122     
   2.3523391945583114        3.5462662271833887     
   2.3581632346232984        2.3657426695132178     
   2.3581726056816734        2.2385612644573198     
   2.3584216396231130        2.4285861752378284     
   2.3626009069119642        3.2737755786435674     
   2.3657426695132178        2.2418561214959918     
   2.3670640654497839        2.5192732856107263     
   2.3762043269624327        1.9869830902514714     
   2.3882330663590325        2.5737863354428709     
   2.4020192180204134        2.7926895031406707     
   2.4039378982571926        2.1782413636798315     
   2.4040029970651418        2.5803488152441258     
   2.4129752916617373        4.7220820830576882     
   2.4193632730916019        2.9048091038346238     
   2.4235059891618231        2.8573020204204900     
   2.4246964358274208        6.6764523580365536     
   2.4285861752378284        2.1651687928024730     
   2.4315203995675647        3.8534372385222100     
   2.4362465866467287        3.3886907833708504     
   2.4412879131539564        2.0276865910491209     
   2.4430062783030739        2.6751918142762583     
   2.4474927658039887        3.0285057427636186     
   2.4513432326111380        2.1314844398884851     
   2.4595058788755182        2.2291628922459710     
   2.4696464294530625        2.2523177178059330     
   2.4753231794650703        2.1928799420047977     
   2.4760534273023156        2.6544802239036858     
   2.4830801930052804        2.4412879131539564     
   2.4867132298286685        2.9319429413763647     
   2.4963961945291899        2.3318603300708811     
   2.5119172590683374        2.6634391418526677     
   2.5173627281038291        2.8698636896063014     
   2.5192732856107263        2.2312018675512646     
   2.5207249835554912        5.5883376376039093     
   2.5214618935330075        2.3626009069119642     
   2.5283562922190139        2.2457858783961990     
   2.5292299212068077        2.9570668048457640     
   2.5314585570063861        2.8423699607438291     
   2.5327282993106319        2.5361370261770939     
   2.5333206845975069        2.8100426851864952     
   2.5335770936635194        2.4474927658039887     
   2.5353658803580217        2.0041720121709128     
   2.5361370261770939        1.9604318278696884     
   2.5607664581520009        2.4430062783030739     
   2.5636294278502541        2.2426557040016641     
   2.5707591393859266        2.5896867696112498     
   2.5737863354428709        2.3092092350301661     
   2.5803488152441258        2.2598260502356684     
   2.5896867696112498        2.2697948793011546     
   2.6183683093792025        2.3486831767309551     
   2.6292085750858241        2.5173627281038291     
   2.6433355147468687        2.4595058788755182     
   2.6544802239036858        2.0584683664728236     
   2.6597769468803092        2.3058967446286966     
   2.6632704168386043        2.4315203995675647     
   2.6634391418526677        2.2408889632080755     
   2.6751918142762583        2.7070358223016862     
   2.6790591770622694        2.4039378982571926     
   2.6817458305865940        2.8042513847885377     
   2.6950017453197868        2.3581726056816734     
   2.7070358223016862        2.2236007235818485     
   2.7208223943185526        3.6290714209576045     
   2.7340168059540422        2.5353658803580217     
   2.7425219348077414        2.1909667928070409     
   2.7707363851619666        3.2244529236607944     
   2.7926895031406707        3.4047020805303130     
   2.7972354358679685        2.3362467422044602     
   2.8042513847885377        1.9793302552730836     
   2.8100426851864952        2.2547517974353299     
   2.8158083790492818        2.6597769468803092     
   2.8174379664898437        3.4727198798309624     
   2.8423699607438291        3.3390913402287694     
   2.8478828162701357        2.1411247880172657     
   2.8569639859238287        2.6292085750858241     
   2.8573020204204900        2.7972354358679685     
   2.8657761315048100        1.9487878521810331     
   2.8698636896063014        2.4193632730916019     
   2.8713367971334027        2.5327282993106319     
   2.8833762206163844        3.0912174901322222     
   2.8834342606521357        2.4830801930052804     
   2.8912503174648263        2.4963961945291899     
   2.9048091038346238        1.9475885969209223     
   2.9129026566066405        2.0395202383282403     
   2.9319429413763647        2.9696954228512307     
   2.9503432638799238        2.7707363851619666     
   2.9557782599780342        2.0877015485427330     
   2.9570668048457640        2.5207249835554912     
   2.9696954228512307        3.1830195404623240     
   2.9906450828586948        2.2876549996066702     
   3.0285057427636186        9.2186644739905432     
   3.0542567195731802        2.1645390052094315     
   3.0912174901322222        5.9694353719227395     
   3.1702038613232246        6.4864499561178386     
   3.1830195404623240        5.6021289800124237     
   3.2102188219179864        1.9634495180655092     
   3.2180280805605346        3.3245734187018985     
   3.2244529236607944        1.8970203532514216     
   3.2273489450323090        2.3762043269624327     
   3.2331653886463005        2.4246964358274208     
   3.2344667761227122        2.5292299212068077     
   3.2737755786435674        2.1925125584662211     
   3.2761306223362117        3.3756276981730902     
   3.3245734187018985        2.5607664581520009     
   3.3390913402287694        2.1264307859511553     
   3.3756276981730902        3.2331653886463005     
   3.3886907833708504        2.4867132298286685     
   3.3990706479736548        2.3285572215126411     
   3.4047020805303130        2.9906450828586948     
   3.4720358049205653        1.9918390333702269     
   3.4727198798309624        2.0182921385663031     
   3.5462662271833887        3.2273489450323090     
   3.6290714209576045        2.4362465866467287     
   3.6740019634510359        2.4753231794650703     
   3.7331405710942005        2.3584216396231130     
   3.8534372385222100        0.0000000000000000     
   4.0649942943594102        2.8174379664898437     
   4.4183713521385268        2.8158083790492818     
   4.4292009720187471        2.7340168059540422     
   4.7220820830576882        2.8478828162701357     
   5.0408898156579225        2.2338247635356616     
   5.5883376376039093        2.8912503174648263     
   5.6021289800124237        3.7331405710942005     
   5.9694353719227395        3.2180280805605346     
   6.4864499561178386        1.8292418586770951     
   6.6764523580365536        2.2401594546250960     
   9.2186644739905432        2.8834342606521357     
 ******** end sorted, unsorted ************
  old,new av.   216.39998171037911        216.93170229372046     
  old,new err.   1.8292418586770951        1.3176505604850801     
  deviation:  0.29067811936355609     
  old,new av.   216.93170229372046        216.96735602131125     
  old,new err.   1.3176505604850801        1.0899780707940361     
  deviation:   2.7058560638154650E-002
  old,new av.   216.96735602131125        216.71922924377375     
  old,new err.   1.0899780707940361       0.95079447855660815     
  deviation:  0.22764382530809607     
  old,new av.   216.71922924377375        216.96520360828399     
  old,new err.  0.95079447855660815       0.85457038540113539     
  deviation:  0.25870403126829622     
  old,new av.   216.96520360828399        216.86555318377827     
  old,new err.  0.85457038540113539       0.78271318861814976     
  deviation:  0.11660879689732652     
  old,new av.   216.86555318377827        217.06084620158842     
  old,new err.  0.78271318861814976       0.72655786669143496     
  deviation:  0.24950776433820712     
  old,new av.   217.06084620158842        217.09657967499291     
  old,new err.  0.72655786669143496       0.68133283098086650     
  deviation:   4.9181868427373293E-002
  old,new av.   217.09657967499291        217.10126200237119     
  old,new err.  0.68133283098086650       0.64372428449776964     
  deviation:   6.8723055243580826E-003
  old,new av.   217.10126200237119        217.20784960781052     
  old,new err.  0.64372428449776964       0.61223039429666359     
  deviation:  0.16557959363376992     
  old,new av.   217.20784960781052        217.11069818108646     
  old,new err.  0.61223039429666359       0.58515172413339256     
  deviation:  0.15868442277463563     
  old,new av.   217.11069818108646        217.12933961446706     
  old,new err.  0.58515172413339256       0.56148445428333682     
  deviation:   3.1857435621850214E-002
  old,new av.   217.12933961446706        217.17305728758100     
  old,new err.  0.56148445428333682       0.54056353960437498     
  deviation:   7.7860878926284696E-002
  old,new av.   217.17305728758100        217.15352785492877     
  old,new err.  0.54056353960437498       0.52196653449226449     
  deviation:   3.6127913226495993E-002
  old,new av.   217.15352785492877        217.32371625707876     
  old,new err.  0.52196653449226449       0.50540861149965444     
  deviation:  0.32605232501263259     
  old,new av.   217.32371625707876        217.20842062209567     
  old,new err.  0.50540861149965444       0.49036398947465670     
  deviation:  0.22812360604813975     
  old,new av.   217.20842062209567        217.21160291312435     
  old,new err.  0.49036398947465670       0.47668283039009107     
  deviation:   6.4896507430907977E-003
  old,new av.   217.21160291312435        217.38290638043580     
  old,new err.  0.47668283039009107       0.46424007767934672     
  deviation:  0.35936571739171108     
  old,new av.   217.38290638043580        217.30959747727056     
  old,new err.  0.46424007767934672       0.45271660926220436     
  deviation:  0.15791162092617964     
  old,new av.   217.30959747727056        217.43335116234454     
  old,new err.  0.45271660926220436       0.44220379355447070     
  deviation:  0.27335795184466716     
  old,new av.   217.43335116234454        217.56487463298814     
  old,new err.  0.44220379355447070       0.43240342407871912     
  deviation:  0.29742727801225677     
  old,new av.   217.56487463298814        217.68145805364992     
  old,new err.  0.43240342407871912       0.42333251938451166     
  deviation:  0.26961724669543558     
  old,new av.   217.68145805364992        217.83516419408997     
  old,new err.  0.42333251938451166       0.41484264977729646     
  deviation:  0.36308606922880771     
  old,new av.   217.83516419408997        217.83905471312485     
  old,new err.  0.41484264977729646       0.40687836054988441     
  deviation:   9.3783005121854772E-003
  old,new av.   217.83905471312485        217.78407409752998     
  old,new err.  0.40687836054988441       0.39943018998415125     
  deviation:  0.13512789306505962     
  old,new av.   217.78407409752998        218.00321304070101     
  old,new err.  0.39943018998415125       0.39256721087356827     
  deviation:  0.54862889352386479     
  old,new av.   218.00321304070101        218.06082862294534     
  old,new err.  0.39256721087356827       0.38610559901540259     
  deviation:  0.14676616041394236     
  old,new av.   218.06082862294534        218.04812605106730     
  old,new err.  0.38610559901540259       0.37994980860753141     
  deviation:   3.2899216976987243E-002
  old,new av.   218.04812605106730        218.01404925843823     
  old,new err.  0.37994980860753141       0.37410440628949493     
  deviation:   8.9687616251084470E-002
  old,new av.   218.01404925843823        218.09649418479572     
  old,new err.  0.37410440628949493       0.36854764465198459     
  deviation:  0.22037945817105206     
  old,new av.   218.09649418479572        218.06214945437935     
  old,new err.  0.36854764465198459       0.36328516832655161     
  deviation:   9.3189390611344153E-002
  old,new av.   218.06214945437935        218.12071858312069     
  old,new err.  0.36328516832655161       0.35833861066008166     
  deviation:  0.16122080901660363     
  old,new av.   218.12071858312069        217.98295827582615     
  old,new err.  0.35833861066008166       0.35359985583493503     
  deviation:  0.38444170735824140     
  old,new av.   217.98295827582615        218.02568785312221     
  old,new err.  0.35359985583493503       0.34905459502694791     
  deviation:  0.12084161401922165     
  old,new av.   218.02568785312221        218.09024296645461     
  old,new err.  0.34905459502694791       0.34467845698477650     
  deviation:  0.18494274033957225     
  old,new av.   218.09024296645461        218.16829686925519     
  old,new err.  0.34467845698477650       0.34046517748477667     
  deviation:  0.22645425386717352     
  old,new av.   218.16829686925519        218.18085820620641     
  old,new err.  0.34046517748477667       0.33645047603297129     
  deviation:   3.6894630587540660E-002
  old,new av.   218.18085820620641        218.18296235478829     
  old,new err.  0.33645047603297129       0.33257375911412446     
  deviation:   6.2539622671607129E-003
  old,new av.   218.18296235478829        218.22679467575603     
  old,new err.  0.33257375911412446       0.32886773443603867     
  deviation:  0.13179729237957261     
  old,new av.   218.22679467575603        218.29170767732813     
  old,new err.  0.32886773443603867       0.32529078274160861     
  deviation:  0.19738330877434659     
  old,new av.   218.29170767732813        218.41494474948234     
  old,new err.  0.32529078274160861       0.32183078000150467     
  deviation:  0.37885202622572678     
  old,new av.   218.41494474948234        218.35679154215325     
  old,new err.  0.32183078000150467       0.31847708680107523     
  deviation:  0.18069498302439185     
  old,new av.   218.35679154215325        218.37120077583128     
  old,new err.  0.31847708680107523       0.31533956156663473     
  deviation:   4.5244176976027381E-002
  old,new av.   218.37120077583128        218.47019477773682     
  old,new err.  0.31533956156663473       0.31229152004517541     
  deviation:  0.31392826644943400     
  old,new av.   218.47019477773682        218.55216631277196     
  old,new err.  0.31229152004517541       0.30934173642228457     
  deviation:  0.26248402461674109     
  old,new av.   218.55216631277196        218.57760762725212     
  old,new err.  0.30934173642228457       0.30647247116617210     
  deviation:   8.2243394552591567E-002
  old,new av.   218.57760762725212        218.55149602872373     
  old,new err.  0.30647247116617210       0.30368519453117365     
  deviation:   8.5200469813910357E-002
  old,new av.   218.55149602872373        218.63258592121599     
  old,new err.  0.30368519453117365       0.30097809996475727     
  deviation:  0.26701957801217180     
  old,new av.   218.63258592121599        218.64163648317987     
  old,new err.  0.30097809996475727       0.29835414563307094     
  deviation:   3.0070500029518880E-002
  old,new av.   218.64163648317987        218.66248658076739     
  old,new err.  0.29835414563307094       0.29579979749676499     
  deviation:   6.9883720044463971E-002
  old,new av.   218.66248658076739        218.70413304387080     
  old,new err.  0.29579979749676499       0.29330856645782138     
  deviation:  0.14079273703309431     
  old,new av.   218.70413304387080        218.73999817847445     
  old,new err.  0.29330856645782138       0.29087795120354848     
  deviation:  0.12227782855708486     
  old,new av.   218.73999817847445        218.76613864640697     
  old,new err.  0.29087795120354848       0.28850735512660974     
  deviation:   8.9867478178944596E-002
  old,new av.   218.76613864640697        218.75310846398730     
  old,new err.  0.28850735512660974       0.28619205962953714     
  deviation:   4.5164125586853850E-002
  old,new av.   218.75310846398730        218.81929011293542     
  old,new err.  0.28619205962953714       0.28393171942080825     
  deviation:  0.23124907460320890     
  old,new av.   218.81929011293542        218.85166875702728     
  old,new err.  0.28393171942080825       0.28173039959512419     
  deviation:  0.11403672741429874     
  old,new av.   218.85166875702728        218.90062022453301     
  old,new err.  0.28173039959512419       0.27959407750623266     
  deviation:  0.17375287713388082     
  old,new av.   218.90062022453301        218.90304555341976     
  old,new err.  0.27959407750623266       0.27750988959125911     
  deviation:   8.6744644535259059E-003
  old,new av.   218.90304555341976        218.94501395397896     
  old,new err.  0.27750988959125911       0.27548202938161270     
  deviation:  0.15123208985818007     
  old,new av.   218.94501395397896        218.99580601641026     
  old,new err.  0.27548202938161270       0.27351938381701923     
  deviation:  0.18437522964860556     
  old,new av.   218.99580601641026        219.00234236314594     
  old,new err.  0.27351938381701923       0.27160521928212589     
  deviation:   2.3897197501946573E-002
  old,new av.   219.00234236314594        219.05717418005671     
  old,new err.  0.27160521928212589       0.26973836579858307     
  deviation:  0.20188057157254910     
  old,new av.   219.05717418005671        219.06188831914645     
  old,new err.  0.26973836579858307       0.26792886222378082     
  deviation:   1.7476709610016621E-002
  old,new av.   219.06188831914645        219.07578538997629     
  old,new err.  0.26792886222378082       0.26615531530111486     
  deviation:   5.1868509851821856E-002
  old,new av.   219.07578538997629        219.07418562177682     
  old,new err.  0.26615531530111486       0.26442191605844761     
  deviation:   6.0106565884628519E-003
  old,new av.   219.07418562177682        219.11768203935151     
  old,new err.  0.26442191605844761       0.26274873310943764     
  deviation:  0.16449626499594919     
  old,new av.   219.11768203935151        219.16157228752445     
  old,new err.  0.26274873310943764       0.26111178642785343     
  deviation:  0.16704266335953025     
  old,new av.   219.16157228752445        219.21000308686325     
  old,new err.  0.26111178642785343       0.25954084601576766     
  deviation:  0.18547917733382205     
  old,new av.   219.21000308686325        219.21386586372847     
  old,new err.  0.25954084601576766       0.25800232706464354     
  deviation:   1.4883117337855958E-002
  old,new av.   219.21386586372847        219.19827289095954     
  old,new err.  0.25800232706464354       0.25649240613555790     
  deviation:   6.0437333826921125E-002
  old,new av.   219.19827289095954        219.20499275068195     
  old,new err.  0.25649240613555790       0.25501165336064202     
  deviation:   2.6199059159894556E-002
  old,new av.   219.20499275068195        219.24208883140261     
  old,new err.  0.25501165336064202       0.25356475664719447     
  deviation:  0.14546817853926339     
  old,new av.   219.24208883140261        219.25802271935800     
  old,new err.  0.25356475664719447       0.25215231791207215     
  deviation:   6.2839521414856714E-002
  old,new av.   219.25802271935800        219.25676832136784     
  old,new err.  0.25215231791207215       0.25076782643966877     
  deviation:   4.9747628756269310E-003
  old,new av.   219.25676832136784        219.20475920539525     
  old,new err.  0.25076782643966877       0.24941405860741034     
  deviation:  0.20739947668329661     
  old,new av.   219.20475920539525        219.24911885582824     
  old,new err.  0.24941405860741034       0.24808038957099193     
  deviation:  0.17785545321973539     
  old,new av.   219.24911885582824        219.26801426473833     
  old,new err.  0.24808038957099193       0.24676678080379477     
  deviation:   7.6166475483045101E-002
  old,new av.   219.26801426473833        219.28054522986875     
  old,new err.  0.24676678080379477       0.24547900442057902     
  deviation:   5.0780599761468419E-002
  old,new av.   219.28054522986875        219.30940899998032     
  old,new err.  0.24547900442057902       0.24421465650617780     
  deviation:  0.11758142078056540     
  old,new av.   219.30940899998032        219.33067993152949     
  old,new err.  0.24421465650617780       0.24297029635571002     
  deviation:   8.7099324231712710E-002
  old,new av.   219.33067993152949        219.34827397824895     
  old,new err.  0.24297029635571002       0.24175713344945723     
  deviation:   7.2412335924835078E-002
  old,new av.   219.34827397824895        219.38229536668206     
  old,new err.  0.24175713344945723       0.24057832969896673     
  deviation:  0.14072547911069683     
  old,new av.   219.38229536668206        219.40950996261464     
  old,new err.  0.24057832969896673       0.23943518599841576     
  deviation:  0.11312155989539983     
  old,new av.   219.40950996261464        219.40576029668375     
  old,new err.  0.23943518599841576       0.23830937791599288     
  deviation:   1.5660463249155425E-002
  old,new av.   219.40576029668375        219.43004563073862     
  old,new err.  0.23830937791599288       0.23719790512580319     
  deviation:  0.10190674939962799     
  old,new av.   219.43004563073862        219.44658375091717     
  old,new err.  0.23719790512580319       0.23611280817322636     
  deviation:   6.9722876219251606E-002
  old,new av.   219.44658375091717        219.51233078794755     
  old,new err.  0.23611280817322636       0.23504969556089239     
  deviation:  0.27845603776878153     
  old,new av.   219.51233078794755        219.52026689455960     
  old,new err.  0.23504969556089239       0.23400489744078704     
  deviation:   3.3763526445384634E-002
  old,new av.   219.52026689455960        219.52908254418071     
  old,new err.  0.23400489744078704       0.23297404409339562     
  deviation:   3.7672927864013717E-002
  old,new av.   219.52908254418071        219.54177575943513     
  old,new err.  0.23297404409339562       0.23196035130230280     
  deviation:   5.4483388069304327E-002
  old,new av.   219.54177575943513        219.52219445350087     
  old,new err.  0.23196035130230280       0.23096216124664085     
  deviation:   8.4416607512088529E-002
  old,new av.   219.52219445350087        219.53302403808951     
  old,new err.  0.23096216124664085       0.22998134888634997     
  deviation:   4.6888999177098302E-002
  old,new av.   219.53302403808951        219.56676625508504     
  old,new err.  0.22998134888634997       0.22901783806069473     
  deviation:  0.14671718884564419     
  old,new av.   219.56676625508504        219.61415850736668     
  old,new err.  0.22901783806069473       0.22806713178993918     
  deviation:  0.20693694728302989     
  old,new av.   219.61415850736668        219.62997622040021     
  old,new err.  0.22806713178993918       0.22713227823509652     
  deviation:   6.9355513481427045E-002
  old,new av.   219.62997622040021        219.63494836413705     
  old,new err.  0.22713227823509652       0.22621212293871040     
  deviation:   2.1890960525168947E-002
  old,new av.   219.63494836413705        219.63456468792097     
  old,new err.  0.22621212293871040       0.22531130693048765     
  deviation:   1.6960904264995728E-003
  old,new av.   219.63456468792097        219.65213625698212     
  old,new err.  0.22531130693048765       0.22443152755869172     
  deviation:   7.7987959417269728E-002
  old,new av.   219.65213625698212        219.67319526660921     
  old,new err.  0.22443152755869172       0.22356709763861898     
  deviation:   9.3832670731110346E-002
  old,new av.   219.67319526660921        219.67628736237600     
  old,new err.  0.22356709763861898       0.22271211122394061     
  deviation:   1.3830728221855699E-002
  old,new av.   219.67628736237600        219.70116620522992     
  old,new err.  0.22271211122394061       0.22187333083121599     
  deviation:  0.11170853132862073     
  old,new av.   219.70116620522992        219.71798783986307     
  old,new err.  0.22187333083121599       0.22104664238009009     
  deviation:   7.5816388432654064E-002
  old,new av.   219.71798783986307        219.72709441425627     
  old,new err.  0.22104664238009009       0.22023823396779788     
  deviation:   4.1197524174747910E-002
  old,new av.   219.72709441425627        219.73856266351169     
  old,new err.  0.22023823396779788       0.21945374900803366     
  deviation:   5.2072017872664474E-002
  old,new av.   219.73856266351169        219.76477130274097     
  old,new err.  0.21945374900803366       0.21868191256206218     
  deviation:  0.11942670994571199     
  old,new av.   219.76477130274097        219.79693805332141     
  old,new err.  0.21868191256206218       0.21791878005558046     
  deviation:  0.14709378660347686     
  old,new av.   219.79693805332141        219.80620259490996     
  old,new err.  0.21791878005558046       0.21716374692324322     
  deviation:   4.2513736476438663E-002
  old,new av.   219.80620259490996        219.81390625030559     
  old,new err.  0.21716374692324322       0.21641598242853244     
  deviation:   3.5473947676696309E-002
  old,new av.   219.81390625030559        219.83352718375565     
  old,new err.  0.21641598242853244       0.21568147062252335     
  deviation:   9.0663051914550818E-002
  old,new av.   219.83352718375565        219.84256474305374     
  old,new err.  0.21568147062252335       0.21495401470886305     
  deviation:   4.1902344563991369E-002
  old,new av.   219.84256474305374        219.87710951361339     
  old,new err.  0.21495401470886305       0.21423483026445628     
  deviation:  0.16070772442392572     
  old,new av.   219.87710951361339        219.88601975907065     
  old,new err.  0.21423483026445628       0.21352287192535827     
  deviation:   4.1591021619870418E-002
  old,new av.   219.88601975907065        219.91773376086084     
  old,new err.  0.21352287192535827       0.21281741030061305     
  deviation:  0.14852742239846961     
  old,new av.   219.91773376086084        219.94156624764292     
  old,new err.  0.21281741030061305       0.21211806619064713     
  deviation:  0.11198560657428953     
  old,new av.   219.94156624764292        219.96711850475958     
  old,new err.  0.21211806619064713       0.21142617098561026     
  deviation:  0.12046242724885191     
  old,new av.   219.96711850475958        219.96633009512095     
  old,new err.  0.21142617098561026       0.21074069887298377     
  deviation:   3.7290068441160119E-003
  old,new av.   219.96633009512095        219.98040871737578     
  old,new err.  0.21074069887298377       0.21008271989499627     
  deviation:   6.6805426432195530E-002
  old,new av.   219.98040871737578        219.99786698979693     
  old,new err.  0.21008271989499627       0.20943227345198417     
  deviation:   8.3101896385756241E-002
  old,new av.   219.99786698979693        220.03907034726629     
  old,new err.  0.20943227345198417       0.20879293693603426     
  deviation:  0.19673833831920473     
  old,new av.   220.03907034726629        220.04749586818542     
  old,new err.  0.20879293693603426       0.20816092137030498     
  deviation:   4.0353476716091519E-002
  old,new av.   220.04749586818542        220.05285468981188     
  old,new err.  0.20816092137030498       0.20753910089895583     
  deviation:   2.5743648669413890E-002
  old,new av.   220.05285468981188        220.07207004229059     
  old,new err.  0.20753910089895583       0.20692957519278277     
  deviation:   9.2586661479590507E-002
  old,new av.   220.07207004229059        220.11354075666151     
  old,new err.  0.20692957519278277       0.20634820416878702     
  deviation:  0.20040979803046996     
  old,new av.   220.11354075666151        220.13168028327340     
  old,new err.  0.20634820416878702       0.20577940339855186     
  deviation:   8.7907363599114025E-002
  old,new av.   220.13168028327340        220.14513152164685     
  old,new err.  0.20577940339855186       0.20522556516395213     
  deviation:   6.5367272677900670E-002
  old,new av.   220.14513152164685        220.16731110916842     
  old,new err.  0.20522556516395213       0.20468386480197373     
  deviation:  0.10807419389420887     
  old,new av.   220.16731110916842        220.19156924847343     
  old,new err.  0.20468386480197373       0.20414927169688712     
  deviation:  0.11851515178528434     
  old,new av.   220.19156924847343        220.19744698363124     
  old,new err.  0.20414927169688712       0.20362020987244081     
  deviation:   2.8791359914999478E-002
  old,new av.   220.19744698363124        220.22575226242529     
  old,new err.  0.20362020987244081       0.20309397628536782     
  deviation:  0.13901016412753214     
  old,new av.   220.22575226242529        220.25027219657972     
  old,new err.  0.20309397628536782       0.20257962042149477     
  deviation:  0.12073196164111445     
  old,new av.   220.25027219657972        220.27582211445787     
  old,new err.  0.20257962042149477       0.20207075135848274     
  deviation:  0.12612284406986179     
  old,new av.   220.27582211445787        220.29383263248278     
  old,new err.  0.20207075135848274       0.20156638288236109     
  deviation:   8.9129762243310137E-002
  old,new av.   220.29383263248278        220.29190797303991     
  old,new err.  0.20156638288236109       0.20107445673829122     
  deviation:   9.5485140693672230E-003
  old,new av.   220.29190797303991        220.29054083766152     
  old,new err.  0.20107445673829122       0.20059375139429869     
  deviation:   6.7991499296557924E-003
  old,new av.   220.29054083766152        220.30036514940855     
  old,new err.  0.20059375139429869       0.20012530570326256     
  deviation:   4.8976160417447193E-002
  old,new av.   220.30036514940855        220.28689238384757     
  old,new err.  0.20012530570326256       0.19966838487418095     
  deviation:   6.7321648872099141E-002
  old,new av.   220.28689238384757        220.29807067336606     
  old,new err.  0.19966838487418095       0.19921927097607495     
  deviation:   5.5984273752336833E-002
  old,new av.   220.29807067336606        220.33680509217848     
  old,new err.  0.19921927097607495       0.19879217035880933     
  deviation:  0.19443108401433884     
  old,new av.   220.33680509217848        220.34860865264125     
  old,new err.  0.19879217035880933       0.19838201360085941     
  deviation:   5.9376385103405357E-002
  old,new av.   220.34860865264125        220.35294608534539     
  old,new err.  0.19838201360085941       0.19797581021786081     
  deviation:   2.1864042134759686E-002
  old,new av.   220.35294608534539        220.38448995556672     
  old,new err.  0.19797581021786081       0.19757527280855638     
  deviation:  0.15933194154687338     
  old,new av.   220.38448995556672        220.41034817515816     
  old,new err.  0.19757527280855638       0.19717942976685704     
  deviation:  0.13087781291587602     
  old,new av.   220.41034817515816        220.40393307269244     
  old,new err.  0.19717942976685704       0.19678818719834781     
  deviation:   3.2534339273161877E-002
  old,new av.   220.40393307269244        220.41622599837191     
  old,new err.  0.19678818719834781       0.19639860783795504     
  deviation:   6.2467802841663804E-002
  old,new av.   220.41622599837191        220.43944090228712     
  old,new err.  0.19639860783795504       0.19602671883375919     
  deviation:  0.11820299629800646     
  old,new av.   220.43944090228712        220.44388936700554     
  old,new err.  0.19602671883375919       0.19565881783903319     
  deviation:   2.2693155019313987E-002
  old,new av.   220.44388936700554        220.48623835437976     
  old,new err.  0.19565881783903319       0.19529726118196167     
  deviation:  0.21644302997407297     
  old,new av.   220.48623835437976        220.48893590862966     
  old,new err.  0.19529726118196167       0.19493606030650432     
  deviation:   1.3812555452983816E-002
  old,new av.   220.48893590862966        220.46853240497367     
  old,new err.  0.19493606030650432       0.19458066393787998     
  deviation:  0.10466767217878174     
  old,new av.   220.46853240497367        220.48950083663487     
  old,new err.  0.19458066393787998       0.19422807570420189     
  deviation:  0.10776215496878376     
  old,new av.   220.48950083663487        220.50329710726885     
  old,new err.  0.19422807570420189       0.19387657248694920     
  deviation:   7.1031289292006625E-002
  old,new av.   220.50329710726885        220.50599939493819     
  old,new err.  0.19387657248694920       0.19353298595541479     
  deviation:   1.3938185695532969E-002
  old,new av.   220.50599939493819        220.48519456319923     
  old,new err.  0.19353298595541479       0.19318949094901985     
  deviation:  0.10750018471657220     
  old,new av.   220.48519456319923        220.50072598588787     
  old,new err.  0.19318949094901985       0.19285104567305197     
  deviation:   8.0394759633884413E-002
  old,new av.   220.50072598588787        220.50307792959586     
  old,new err.  0.19285104567305197       0.19252116033923056     
  deviation:   1.2195649236872563E-002
  old,new av.   220.50307792959586        220.51473927994505     
  old,new err.  0.19252116033923056       0.19219624378473463     
  deviation:   6.0571785089173831E-002
  old,new av.   220.51473927994505        220.54228211039373     
  old,new err.  0.19219624378473463       0.19188297783806951     
  deviation:  0.14330576865763131     
  old,new av.   220.54228211039373        220.55186352563246     
  old,new err.  0.19188297783806951       0.19158071646556032     
  deviation:   4.9933638442975721E-002
  old,new av.   220.55186352563246        220.55649604376353     
  old,new err.  0.19158071646556032       0.19128128058464383     
  deviation:   2.4180503218379348E-002
  old,new av.   220.55649604376353        220.59423565840535     
  old,new err.  0.19128128058464383       0.19098212736382375     
  deviation:  0.19729904843000007     
  old,new av.   220.59423565840535        220.60683311350073     
  old,new err.  0.19098212736382375       0.19069010032721706     
  deviation:   6.5961434555474957E-002
  old,new av.   220.60683311350073        220.63517719419741     
  old,new err.  0.19069010032721706       0.19041002503376483     
  deviation:  0.14863949753052899     
  old,new av.   220.63517719419741        220.63894309418390     
  old,new err.  0.19041002503376483       0.19015176096824199     
  deviation:   1.9777845130908651E-002
  old,new av.   220.63894309418390        220.65878723326776     
  old,new err.  0.19015176096824199       0.18990767350324869     
  deviation:  0.10435948098935792     
  old,new av.   220.65878723326776        220.69344867289959     
  old,new err.  0.18990767350324869       0.18968417361471271     
  deviation:  0.18251732008733207     
  old,new av.   220.69344867289959        220.70329658153992     
  old,new err.  0.18968417361471271       0.18950624070238969     
  deviation:   5.1917397496364613E-002
  old,new av.   220.70329658153992        220.71197591041596     
  old,new err.  0.18950624070238969       0.18933329146687877     
  deviation:   4.5799699492072660E-002
  old,new av.   220.71197591041596        220.73303924788095     
  old,new err.  0.18933329146687877       0.18917385363925437     
  deviation:  0.11125004642239152     
  old,new av.   220.73303924788095        220.73791338813240     
  old,new err.  0.18917385363925437       0.18901605779524658     
  deviation:   2.5765401283942363E-002
  old,new av.   220.73791338813240        220.74562046801609     
  old,new err.  0.18901605779524658       0.18885907177955480     
  deviation:   4.0774736144565539E-002
  old,new av.   220.74562046801609        220.78474908241418     
  old,new err.  0.18885907177955480       0.18870083945157368     
  deviation:  0.20718419310970487     
  old,new av.   220.78474908241418        220.80998475464418     
  old,new err.  0.18870083945157368       0.18854312196696460     
  deviation:  0.13373375711173074     
  old,new av.   220.80998475464418        220.80126782689533     
  old,new err.  0.18854312196696460       0.18838334401470752     
  deviation:   4.6233072084046853E-002
  old,new av.   220.80126782689533        220.79499466970748     
  old,new err.  0.18838334401470752       0.18824330513518844     
  deviation:   3.3299956642445790E-002
  old,new av.   220.79499466970748        220.81984730582744     
  old,new err.  0.18824330513518844       0.18810153569648475     
  deviation:  0.13202401063937624     
  old,new av.   220.81984730582744        220.84055827748026     
  old,new err.  0.18810153569648475       0.18798424792870883     
  deviation:  0.11010527679176750     
  old,new av.   220.84055827748026        220.84170495390703     
  old,new err.  0.18798424792870883       0.18787173933071888     
  deviation:   6.0998537877800024E-003
  old,new av.   220.84170495390703        220.87362829127969     
  old,new err.  0.18787173933071888       0.18777636544785173     
  deviation:  0.16992091246073124     
  old,new av.   220.87362829127969        220.90554244603098     
  old,new err.  0.18777636544785173       0.18768454761116132     
  deviation:  0.16995831544175014     
  old,new av.   220.90554244603098        220.91790498257248     
  old,new err.  0.18768454761116132       0.18759471579069834     
  deviation:   6.5868696698007448E-002
  old,new av.   220.91790498257248        220.93307517844028     
  old,new err.  0.18759471579069834       0.18750420637933446     
  deviation:   8.0866861328448503E-002
  old,new av.   220.93307517844028        220.93667325851180     
  old,new err.  0.18750420637933446       0.18744726073950435     
  deviation:   1.9189329887604422E-002
  old,new av.   220.93667325851180        220.94688852693582     
  old,new err.  0.18744726073950435       0.18738631576188919     
  deviation:   5.4496760228551488E-002
  old,new av.   220.94688852693582        220.97038727231183     
  old,new err.  0.18738631576188919       0.18736182715468461     
  deviation:  0.12540267564608321     
  old,new av.   220.97038727231183        221.00037652848386     
  old,new err.  0.18736182715468461       0.18737871661970426     
  deviation:  0.16006065177444567     
  old,new av.   221.00037652848386        221.02487069455057     
  old,new err.  0.18737871661970426       0.18741513312195904     
  deviation:  0.13072010796417671     
  old,new av.   221.02487069455057        221.04384141323345     
  old,new err.  0.18741513312195904       0.18747882088474921     
  deviation:  0.10122298219394454     
  old,new av.   221.04384141323345        221.05897049538746     
  old,new err.  0.18747882088474921       0.18760466905018960     
  deviation:   8.0697553369534436E-002
  old,new av.   221.05897049538746        221.07260476856405     
  old,new err.  0.18760466905018960       0.18784740587493109     
  deviation:   7.2675553575612784E-002
  old,new av.   221.07260476856405        221.09405136327860     
  old,new err.  0.18784740587493109       0.18830019314257482     
  deviation:  0.11417030016813845     
  old,new av.   221.09405136327860        221.08880737763005     
  old,new err.  0.18830019314257482       0.18874430336350581     
  deviation:   2.7849072064292581E-002
  old,new av.   221.08880737763005        221.11496505923068     
  old,new err.  0.18874430336350581       0.18936516144302082     
  deviation:  0.13858792628172353     
  old,new av.   221.11496505923068        221.15841887138143     
  old,new err.  0.18936516144302082       0.19018598993693728     
  deviation:  0.22947099571860513     
  old,new av.   221.15841887138143        221.19284608194604     
  old,new err.  0.19018598993693728       0.19138588170726387     
  deviation:  0.18101864693624928     
  old,new av.   221.19284608194604        221.20516119060275     
  old,new err.  0.19138588170726387       0.19255957330660950     
  deviation:   6.4347006930973102E-002
  old,new av.   221.20516119060275        221.24639081871729     
  old,new err.  0.19255957330660950       0.19398294199998731     
  deviation:  0.21411362419715496     
  old,new av.   221.24639081871729        221.28564339610406     
  old,new err.  0.19398294199998731       0.19578676674366399     
  deviation:  0.20235066538365307     
  old,new av.   221.28564339610406        221.31574252025680     
  old,new err.  0.19578676674366399       0.19769481781778239     
  deviation:  0.15373421122045960     
  old,new av.   221.31574252025680        221.37506248005894     
  old,new err.  0.19769481781778239       0.20208273615046876     
  deviation:  0.30005824359450056     
********** Check_stat_consistency ******
           1   219.55883376129833        2.1212797580721570      T
           2   220.78645619904015        2.2405376200701053      T
           3   222.72693685967536        2.2243066616647309      T
           4   225.17296790991207        2.6183683093792025      T
           5   220.03785292657980        2.6950017453197868      T
           6   220.63819737763816        2.5214618935330075      T
           7   221.01108352391279        2.3670640654497839      T
           8   218.12235776990136        2.3336700100650383      T
           9   226.66919051101644        2.8569639859238287      T
          10   217.92853665092747        2.0781842623235338      T
          11   223.89338190393596        3.0542567195731802      T
          12   215.99003722029619        2.0395301435592845      T
          13   224.90106652865231        2.5707591393859266      T
          14   225.55629141689383        3.6740019634510359      T
          15   217.69766936494847        1.9962917655535404      T
          16   220.91404483301037        2.8833762206163844      T
          17   224.25061660453287        3.2102188219179864      T
          18   215.97484891116133        1.9420845743563069      T
          19   223.63584812576090        4.0649942943594102      T
          20   223.59731143861836        2.6790591770622694      T
          21   217.70515661036035        2.1218326861171586      T
          22   220.91979233681943        2.5119172590683374      T
          23   218.23260430844934        1.9522788391991441      T
          24   219.89242287253066        2.1881848798896084      T
          25   222.04048486307263        2.5636294278502541      T
          26   222.32224858406920        2.9129026566066405      T
          27   223.67703427517816        2.5314585570063861      T
          28   222.63463725401647        2.5335770936635194      T
          29   225.14420599070110        3.2761306223362117      T
          30   220.85232396609265        2.4129752916617373      T
          31   221.61682292350937        2.7208223943185526      T
          32   229.50155080432845        5.0408898156579225      T
          33   223.46970196136243        2.5333206845975069      T
          34   222.57273770236156        2.8713367971334027      T
          35   219.93636157410191        2.1585347411190248      T
          36   219.95130085225730        2.2884447365982941      T
          37   222.05614571811122        2.9503432638799238      T
          38   220.21070816980935        2.4235059891618231      T
          39   219.39452316728764        2.2736858524509378      T
          40   222.15891385431945        2.2285879233431434      T
          41   221.35657845591311        2.4696464294530625      T
          42   222.32820150719829        3.1702038613232246      T
          43   222.65321049374654        2.6817458305865940      T
          44   221.87591056256892        2.3419520557577789      T
          45   213.57462844240072        2.1615885560095403      T
          46   220.12970988754768        2.0695106192935282      T
          47   220.10730201913773        2.4513432326111380      T
          48   221.47001369134989        2.4040029970651418      T
          49   215.35608462342364        2.3581632346232984      T
          50   222.13802782976268        2.3882330663590325      T
          51   219.16519726808650        2.3523391945583114      T
          52   225.14745776433281        4.4183713521385268      T
          53   221.81831804787723        2.7425219348077414      T
          54   221.64110682908793        2.4020192180204134      T
          55   218.06250879574466        2.2419362760180621      T
          56   218.97180045701120        2.2918212010959071      T
          57   217.03866347649279        1.9358868136129281      T
          58   221.21669928377136        2.0736697187723929      T
          59   222.40191501161252        2.2779056171313967      T
          60   219.78467117875007        2.0566690294288525      T
          61   220.94391934867176        2.6632704168386043      T
          62   223.48168661997607        2.1124384622111618      T
          63   221.28843390848044        2.9557782599780342      T
          64   220.09245010440819        4.4292009720187471      T
          65   215.47898609734898        2.0207503721054643      T
          66   219.98240484328446        2.4760534273023156      T
          67   221.95258799636068        2.5283562922190139      T
          68   223.13079902350094        3.3990706479736548      T
          69   220.90018346727450        2.1665328606602734      T
          70   221.81308507995226        2.6433355147468687      T
          71   218.63306633645007        2.1774970238986127      T
          72   221.58792575146390        3.4720358049205653      T
          73   219.30195625409081        3.2344667761227122      T
          74   225.27065767611796        3.5462662271833887      T
          75   221.56078306868221        2.3657426695132178      T
          76   219.07606345744568        2.2385612644573198      T
          77   220.67147191707710        2.4285861752378284      T
          78   219.70973847620991        3.2737755786435674      T
          79   220.12544297889622        2.2418561214959918      T
          80   223.17444686426666        2.5192732856107263      T
          81   216.13918391384595        1.9869830902514714      T
          82   221.05013285756439        2.5737863354428709      T
          83   221.97749999650355        2.7926895031406707      T
          84   218.26081585231805        2.1782413636798315      T
          85   220.69591328498527        2.5803488152441258      T
          86   226.11108224494762        4.7220820830576882      T
          87   220.86527726062681        2.9048091038346238      T
          88   220.88547638336462        2.8573020204204900      T
          89   227.24526997834468        6.6764523580365536      T
          90   220.28511681975547        2.1651687928024730      T
          91   223.88810885818523        3.8534372385222100      T
          92   226.58626199176041        3.3886907833708504      T
          93   217.26251956958305        2.0276865910491209      T
          94   223.41334370250161        2.6751918142762583      T
          95   221.24901889199512        3.0285057427636186      T
          96   220.48739704916218        2.1314844398884851      T
          97   219.72246677885934        2.2291628922459710      T
          98   221.64190240485385        2.2523177178059330      T
          99   215.97251004166009        2.1928799420047977      T
         100   222.93975954936934        2.6544802239036858      T
         101   222.67105021867516        2.4412879131539564      T
         102   224.83896366038670        2.9319429413763647      T
         103   219.47653469056399        2.3318603300708811      T
         104   223.84882794806421        2.6634391418526677      T
         105   223.61379715415458        2.8698636896063014      T
         106   217.35036249641715        2.2312018675512646      T
         107   227.83729772091448        5.5883376376039093      T
         108   220.24542954491301        2.3626009069119642      T
         109   220.63249418208034        2.2457858783961990      T
         110   226.59483438645330        2.9570668048457640      T
         111   223.78238706607848        2.8423699607438291      T
         112   219.87566298668060        2.5361370261770939      T
         113   224.05635713755208        2.8100426851864952      T
         114   221.11684124555191        2.4474927658039887      T
         115   216.89964523044938        2.0041720121709128      T
         116   217.34671398882435        1.9604318278696884      T
         117   224.02163796956015        2.4430062783030739      T
         118   222.39309915613404        2.2426557040016641      T
         119   222.39712769221623        2.5896867696112498      T
         120   222.05832866693959        2.3092092350301661      T
         121   221.37918118641250        2.2598260502356684      T
         122   221.99253769985663        2.2697948793011546      T
         123   220.40526265214476        2.3486831767309551      T
         124   222.49046978258878        2.5173627281038291      T
         125   219.59773177117577        2.4595058788755182      T
         126   220.19534404586017        2.0584683664728236      T
         127   221.94494918170489        2.3058967446286966      T
         128   217.75987691941978        2.4315203995675647      T
         129   220.56912004326173        2.2408889632080755      T
         130   220.10871183233931        2.7070358223016862      T
         131   219.09453802441990        2.4039378982571926      T
         132   224.80063178655186        2.8042513847885377      T
         133   222.57609263830440        2.3581726056816734      T
         134   218.97638859030886        2.2236007235818485      T
         135   226.51839966413274        3.6290714209576045      T
         136   222.88007581605859        2.5353658803580217      T
         137   220.82331473863923        2.1909667928070409      T
         138   222.04811696835898        3.2244529236607944      T
         139   223.66371043464460        3.4047020805303130      T
         140   219.67538293125187        2.3362467422044602      T
         141   218.16713805676468        1.9793302552730836      T
         142   219.04128929996520        2.2547517974353299      T
         143   223.24809480090195        2.6597769468803092      T
         144   222.80606738010894        3.4727198798309624      T
         145   221.04352000501876        3.3390913402287694      T
         146   217.03180754188853        2.1411247880172657      T
         147   222.36284205653763        2.6292085750858241      T
         148   220.95584923122252        2.7972354358679685      T
         149   216.36730106124978        1.9487878521810331      T
         150   225.16657597255664        2.4193632730916019      T
         151   220.87505700482589        2.5327282993106319      T
         152   226.37792477251426        3.0912174901322222      T
         153   222.18905049062195        2.4830801930052804      T
         154   220.65596500236200        2.4963961945291899      T
         155   217.94910106632486        1.9475885969209223      T
         156   220.29506532473050        2.0395202383282403      T
         157   222.62242592875990        2.9696954228512307      T
         158   225.64342046948215        2.7707363851619666      T
         159   216.46453932325272        2.0877015485427330      T
         160   220.78824400329466        2.5207249835554912      T
         161   222.15274450383606        3.1830195404623240      T
         162   219.35416494271013        2.2876549996066702      T
         163   233.12041452087976        9.2186644739905432      T
         164   219.43576390389174        2.1645390052094315      T
         165   229.28616830104656        5.9694353719227395      T
         166   228.97914856391520        6.4864499561178386      T
         167   223.59429227000282        5.6021289800124237      T
         168   217.13872062139751        1.9634495180655092      T
         169   224.46497831672966        3.3245734187018985      T
         170   217.46342287706182        1.8970203532514216      T
         171   220.75579771580595        2.3762043269624327      T
         172   220.30485971083900        2.4246964358274208      T
         173   220.82765870654555        2.5292299212068077      T
         174   223.34442763565085        2.1925125584662211      T
         175   226.52405900623586        3.3756276981730902      T
         176   221.61352889893482        2.5607664581520009      T
         177   217.05989906482489        2.1264307859511553      T
         178   225.12528470597445        3.2331653886463005      T
         179   221.41697293781127        2.4867132298286685      T
         180   222.45486664256347        2.3285572215126411      T
         181   225.19857418635982        2.9906450828586948      T
         182   217.33439538165362        1.9918390333702269      T
         183   219.70635388717892        2.0182921385663031      T
         184   227.43661353009085        3.2273489450323090      T
         185   220.51851623565344        2.4362465866467287      T
         186   221.73697821006348        2.4753231794650703      T
         187   220.70406534190371        2.3584216396231130      T
         188   0.0000000000000000        0.0000000000000000      F
         189   222.17411437053644        2.8174379664898437      T
         190   219.49298852255819        2.8158083790492818      T
         191   218.46806903311912        2.7340168059540422      T
         192   221.08891675117579        2.8478828162701357      T
         193   222.44381086835244        2.2338247635356616      T
         194   222.87703365725014        2.8912503174648263      T
         195   224.57239508825040        3.7331405710942005      T
         196   221.55676895037280        3.2180280805605346      T
         197   216.39998171037911        1.8292418586770951      T
         198   219.68414136255748        2.2401594546250960      T
         199   217.32286013887915        2.8834342606521357      T
         200   217.44881386389039        2.8657761315048100      T
********** end Check_stat_consistency ******
  powheginput keyword foldcsi              set to    5.0000000000000000     
  powheginput keyword foldy                set to    2.0000000000000000     
  powheginput keyword foldphi              set to    2.0000000000000000     
  powheginput keyword check_bad_st2        set to    1.0000000000000000     
  Opened pwggrid-0001.dat
  powheginput keyword ncallfrominput       absent; set to   -1000000.0000000000     
  Opened pwggrid-0002.dat
  Opened pwggrid-0003.dat
  Opened pwggrid-0004.dat
  Opened pwggrid-0005.dat
  Opened pwggrid-0006.dat
  Opened pwggrid-0007.dat
  Opened pwggrid-0008.dat
  Opened pwggrid-0009.dat
  Opened pwggrid-0010.dat
  Opened pwggrid-0011.dat
  Opened pwggrid-0012.dat
  Opened pwggrid-0013.dat
  Opened pwggrid-0014.dat
  Opened pwggrid-0015.dat
  Opened pwggrid-0016.dat
  Opened pwggrid-0017.dat
  Opened pwggrid-0018.dat
  Opened pwggrid-0019.dat
  Opened pwggrid-0020.dat
  Opened pwggrid-0021.dat
  Opened pwggrid-0022.dat
  Opened pwggrid-0023.dat
  Opened pwggrid-0024.dat
  Opened pwggrid-0025.dat
  Opened pwggrid-0026.dat
  Opened pwggrid-0027.dat
  Opened pwggrid-0028.dat
  Opened pwggrid-0029.dat
  Opened pwggrid-0030.dat
  Opened pwggrid-0031.dat
  Opened pwggrid-0032.dat
  Opened pwggrid-0033.dat
  Opened pwggrid-0034.dat
  Opened pwggrid-0035.dat
  Opened pwggrid-0036.dat
  Opened pwggrid-0037.dat
  Opened pwggrid-0038.dat
  Opened pwggrid-0039.dat
  Opened pwggrid-0040.dat
  Opened pwggrid-0041.dat
  Opened pwggrid-0042.dat
  Opened pwggrid-0043.dat
  Opened pwggrid-0044.dat
  Opened pwggrid-0045.dat
  Opened pwggrid-0046.dat
  Opened pwggrid-0047.dat
  Opened pwggrid-0048.dat
  Opened pwggrid-0049.dat
  Opened pwggrid-0050.dat
  Opened pwggrid-0051.dat
  Opened pwggrid-0052.dat
  Opened pwggrid-0053.dat
  Opened pwggrid-0054.dat
  Opened pwggrid-0055.dat
  Opened pwggrid-0056.dat
  Opened pwggrid-0057.dat
  Opened pwggrid-0058.dat
  Opened pwggrid-0059.dat
  Opened pwggrid-0060.dat
  Opened pwggrid-0061.dat
  Opened pwggrid-0062.dat
  Opened pwggrid-0063.dat
  Opened pwggrid-0064.dat
  Opened pwggrid-0065.dat
  Opened pwggrid-0066.dat
  Opened pwggrid-0067.dat
  Opened pwggrid-0068.dat
  Opened pwggrid-0069.dat
  Opened pwggrid-0070.dat
  Opened pwggrid-0071.dat
  Opened pwggrid-0072.dat
  Opened pwggrid-0073.dat
  Opened pwggrid-0074.dat
  Opened pwggrid-0075.dat
  Opened pwggrid-0076.dat
  Opened pwggrid-0077.dat
  Opened pwggrid-0078.dat
  Opened pwggrid-0079.dat
  Opened pwggrid-0080.dat
  Opened pwggrid-0081.dat
  Opened pwggrid-0082.dat
  Opened pwggrid-0083.dat
  Opened pwggrid-0084.dat
  Opened pwggrid-0085.dat
  Opened pwggrid-0086.dat
  Opened pwggrid-0087.dat
  Opened pwggrid-0088.dat
  Opened pwggrid-0089.dat
  Opened pwggrid-0090.dat
  Opened pwggrid-0091.dat
  Opened pwggrid-0092.dat
  Opened pwggrid-0093.dat
  Opened pwggrid-0094.dat
  Opened pwggrid-0095.dat
  Opened pwggrid-0096.dat
  Opened pwggrid-0097.dat
  Opened pwggrid-0098.dat
  Opened pwggrid-0099.dat
  Opened pwggrid-0100.dat
  Opened pwggrid-0101.dat
  Opened pwggrid-0102.dat
  Opened pwggrid-0103.dat
  Opened pwggrid-0104.dat
  Opened pwggrid-0105.dat
  Opened pwggrid-0106.dat
  Opened pwggrid-0107.dat
  Opened pwggrid-0108.dat
  Opened pwggrid-0109.dat
  Opened pwggrid-0110.dat
  Opened pwggrid-0111.dat
  Opened pwggrid-0112.dat
  Opened pwggrid-0113.dat
  Opened pwggrid-0114.dat
  Opened pwggrid-0115.dat
  Opened pwggrid-0116.dat
  Opened pwggrid-0117.dat
  Opened pwggrid-0118.dat
  Opened pwggrid-0119.dat
  Opened pwggrid-0120.dat
  Opened pwggrid-0121.dat
  Opened pwggrid-0122.dat
  Opened pwggrid-0123.dat
  Opened pwggrid-0124.dat
  Opened pwggrid-0125.dat
  Opened pwggrid-0126.dat
  Opened pwggrid-0127.dat
  Opened pwggrid-0128.dat
  Opened pwggrid-0129.dat
  Opened pwggrid-0130.dat
  Opened pwggrid-0131.dat
  Opened pwggrid-0132.dat
  Opened pwggrid-0133.dat
  Opened pwggrid-0134.dat
  Opened pwggrid-0135.dat
  Opened pwggrid-0136.dat
  Opened pwggrid-0137.dat
  Opened pwggrid-0138.dat
  Opened pwggrid-0139.dat
  Opened pwggrid-0140.dat
  Opened pwggrid-0141.dat
  Opened pwggrid-0142.dat
  Opened pwggrid-0143.dat
  Opened pwggrid-0144.dat
  Opened pwggrid-0145.dat
  Opened pwggrid-0146.dat
  Opened pwggrid-0147.dat
  Opened pwggrid-0148.dat
  Opened pwggrid-0149.dat
  Opened pwggrid-0150.dat
  Opened pwggrid-0151.dat
  Opened pwggrid-0152.dat
  Opened pwggrid-0153.dat
  Opened pwggrid-0154.dat
  Opened pwggrid-0155.dat
  Opened pwggrid-0156.dat
  Opened pwggrid-0157.dat
  Opened pwggrid-0158.dat
  Opened pwggrid-0159.dat
  Opened pwggrid-0160.dat
  Opened pwggrid-0161.dat
  Opened pwggrid-0162.dat
  Opened pwggrid-0163.dat
  Opened pwggrid-0164.dat
  Opened pwggrid-0165.dat
  Opened pwggrid-0166.dat
  Opened pwggrid-0167.dat
  Opened pwggrid-0168.dat
  Opened pwggrid-0169.dat
  Opened pwggrid-0170.dat
  Opened pwggrid-0171.dat
  Opened pwggrid-0172.dat
  Opened pwggrid-0173.dat
  Opened pwggrid-0174.dat
  Opened pwggrid-0175.dat
  Opened pwggrid-0176.dat
  Opened pwggrid-0177.dat
  Opened pwggrid-0178.dat
  Opened pwggrid-0179.dat
  Opened pwggrid-0180.dat
  Opened pwggrid-0181.dat
  Opened pwggrid-0182.dat
  Opened pwggrid-0183.dat
  Opened pwggrid-0184.dat
  Opened pwggrid-0185.dat
  Opened pwggrid-0186.dat
  Opened pwggrid-0187.dat
  Opened pwggrid-0188.dat
  Opened pwggrid-0189.dat
  Opened pwggrid-0190.dat
  Opened pwggrid-0191.dat
  Opened pwggrid-0192.dat
  Opened pwggrid-0193.dat
  Opened pwggrid-0194.dat
  Opened pwggrid-0195.dat
  Opened pwggrid-0196.dat
  Opened pwggrid-0197.dat
  Opened pwggrid-0198.dat
  Opened pwggrid-0199.dat
 ************ sorted, unsorted ************
   5.2168334489812622        6.1271765849931024     
   5.3058409566665317        5.9842058703648906     
   5.3181828971670306        8.9951545613052115     
   5.3615848749301511        6.2974905176984830     
   5.3755054632592563        5.9640411223704968     
   5.3784148982093054        6.3385727252913444     
   5.3803687643895142        6.2146867107950836     
   5.3871723093980455        5.9284988832090502     
   5.3940624783882880        6.3582097785143352     
   5.4120536486944459        6.7298167036474306     
   5.4131271748828116        5.3181828971670306     
   5.4318559792952676        28817891678606.715     
   5.4488989459135651        6.2175320946785275     
   5.4495002883974824        5.4488989459135651     
   5.4595861396267980        5.4495002883974824     
   5.4602552996226441        29.734155979604864     
   5.4714328867910620        5.3755054632592563     
   5.4875687424109678        7.6100559627109616     
   5.4931735002874760        6.0040993137732386     
   5.4981578871555428        6.0873102955086686     
   5.5184501202186356        5.3940624783882880     
   5.5220501329118186        6.4691572190200528     
   5.5267189094408398        5.8025137543292296     
   5.5291235802442769        5.9397257640272132     
   5.5609085965376517        5.8390080170158063     
   5.5740275161108155        9.7125481812972723     
   5.5809711665382560        6.0758115437575100     
   5.6009499115788843        5.6056126747457107     
   5.6031644872511119        6.3122492870505500     
   5.6049172335091377        6.0195752498384492     
   5.6056126747457107        58047219031763.648     
   5.6132029525206901        7.9942276355818516     
   5.6377432820793221        6.1690091640760292     
   5.6403605927289613        5.4714328867910620     
   5.6441663856170230        5.7623887946488983     
   5.6497470771889349        6.1177445179863197     
   5.6848845591444421        6.8260053238361280     
   5.7126802373853911        8.9717421921243101     
   5.7162389663016473        5.3871723093980455     
   5.7163236502688877        6.8598830429139896     
   5.7224514477609789        7.2790916423585870     
   5.7250482487538390        6.3052492956600954     
   5.7336594633649378        7.9489447534478446     
   5.7440881739108756        9.5682511455775856     
   5.7513645376371310        6.4338925128256435     
   5.7623887946488983        5.9134914250383694     
   5.7673631155099656        6.0060948912376917     
   5.7717484874643699        5.8705315430910803     
   5.7852940649287419        6.7802436802884722     
   5.7857708768130074        5.6009499115788843     
   5.7857932586887921        7.8500181897512649     
   5.7904834118829971        5.9498115542421006     
   5.7980897320796432        5.5184501202186356     
   5.8025137543292296        8.0472238288030855     
   5.8038104532177366        5.8323021802868276     
   5.8061396700995953        6.3929065932953621     
   5.8212104397758324        6.1398909769806407     
   5.8259559854993332        7.9373703898639905     
   5.8306639367298105        5.3058409566665317     
   5.8323021802868276        6.0197480923713478     
   5.8356427049180368        5.7513645376371310     
   5.8390080170158063        7.6799783747051826     
   5.8428880153208889        6.0069603972103183     
   5.8432007441802982        5.4318559792952676     
   5.8674837062188674        8.2498218017563314     
   5.8705315430910803        5.4931735002874760     
   5.8708584657290874        5.7904834118829971     
   5.8794551511203732        5.8432007441802982     
   5.8964297611505243        7.6036381411226852     
   5.8989625125235685        5.7857932586887921     
   5.8997521472840209        6.3222730650474581     
   5.9069244489356212        19.256885081415767     
   5.9134914250383694        5.6848845591444421     
   5.9189680438023551        5.7857708768130074     
   5.9284988832090502        5.7980897320796432     
   5.9329102144147363        5.8259559854993332     
   5.9375671909009933        5.9440881041947486     
   5.9397257640272132        11.610395530592992     
   5.9440881041947486        6.8450302348594940     
   5.9486609185860795        6.0726196682271842     
   5.9498115542421006        11.567139422272845     
   5.9543409222442296        6.0164125357122051     
   5.9640411223704968        5.8428880153208889     
   5.9683865098289370        5.7224514477609789     
   5.9842058703648906        8.6783814092441212     
   5.9944455211900767        6.3196378619681290     
   6.0040993137732386        5.8997521472840209     
   6.0048192358322465        8.8967291975670957     
   6.0060948912376917        6.7987590597140635     
   6.0064157894234498        5.6049172335091377     
   6.0069603972103183        5.8061396700995953     
   6.0119667779289765        5.3615848749301511     
   6.0164125357122051        9.0519175722590504     
   6.0165323495704950        5.7440881739108756     
   6.0195752498384492        5.8989625125235685     
   6.0197480923713478        5.7126802373853911     
   6.0545969327254685        8.3729859592820404     
   6.0610371676872328        6.0119667779289765     
   6.0706419691471734        5.7250482487538390     
   6.0726196682271842        6.3149133140850937     
   6.0758115437575100        6.5370996150155714     
   6.0873102955086686        6.5778552499461593     
   6.1177445179863197        12.159373754342164     
   6.1271765849931024        6.3667214922749267     
   6.1389815505857221        5.9683865098289370     
   6.1398909769806407        5.5291235802442769     
   6.1434899633498361        8.5938863198667939     
   6.1535278990928077        5.3803687643895142     
   6.1560503109240789        9.3591447519856743     
   6.1690091640760292        5.7717484874643699     
   6.1692996283219381        5.8794551511203732     
   6.1869770921817118        7.0880102651597268     
   6.2146867107950836        5.6497470771889349     
   6.2175320946785275        14.001072557145555     
   6.2496293879915461        15.639675849220508     
   6.2974905176984830        6.1869770921817118     
   6.3052492956600954        5.4120536486944459     
   6.3122492870505500        5.7673631155099656     
   6.3149133140850937        5.8708584657290874     
   6.3196378619681290        10.737179606526075     
   6.3222730650474581        9.1275264587884877     
   6.3288953281535001        5.7336594633649378     
   6.3385727252913444        14.157672505652625     
   6.3582097785143352        5.5267189094408398     
   6.3648151678050455        7.6921789382753252     
   6.3667214922749267        6.8886914264088883     
   6.3929065932953621        5.5609085965376517     
   6.4222845932069390        6.1434899633498361     
   6.4338925128256435        5.9329102144147363     
   6.4368925634853538        7.0818460760535240     
   6.4691572190200528        5.5809711665382560     
   6.5370996150155714        6.3288953281535001     
   6.5778552499461593        5.5220501329118186     
   6.6670015960481299        5.7852940649287419     
   6.7298167036474306        11.222197671847415     
   6.7719524805380722        9.0209555186623813     
   6.7793607724421774        7.1348919893224032     
   6.7802436802884722        6.1389815505857221     
   6.7987590597140635        7.7656931441613954     
   6.8260053238361280        6.2496293879915461     
   6.8450302348594940        7.6538412793932862     
   6.8598830429139896        5.4131271748828116     
   6.8886914264088883        8.8481088621808386     
   6.8960817629785671        6.0610371676872328     
   7.0160289253105130        13.075479905338117     
   7.0804994938999268        5.6377432820793221     
   7.0818460760535240        6.7793607724421774     
   7.0880102651597268        6.0165323495704950     
   7.1348919893224032        5.8212104397758324     
   7.1570659768829294        5.9375671909009933     
   7.2262049675702951        5.8306639367298105     
   7.2790916423585870        5.5740275161108155     
   7.5687629502280958        5.4875687424109678     
   7.6036381411226852        10.272436281432086     
   7.6100559627109616        5.9944455211900767     
   7.6538412793932862        9.9105439857061519     
   7.6799783747051826        5.4981578871555428     
   7.6921789382753252        6.1560503109240789     
   7.7656931441613954        7.5687629502280958     
   7.8500181897512649        5.8964297611505243     
   7.9373703898639905        5.6403605927289613     
   7.9489447534478446        5.7163236502688877     
   7.9942276355818516        9.7385538570994310     
   8.0472238288030855        6.7719524805380722     
   8.2361625662631752        7.0804994938999268     
   8.2498218017563314        11.397537983952576     
   8.3729859592820404        5.8038104532177366     
   8.5938863198667939        5.9189680438023551     
   8.6783814092441212        6.4222845932069390     
   8.8481088621808386        6.3648151678050455     
   8.8655517918026643        5.8674837062188674     
   8.8967291975670957        5.7162389663016473     
   8.9717421921243101        5.6031644872511119     
   8.9951545613052115        6.1692996283219381     
   9.0209555186623813        8.8655517918026643     
   9.0519175722590504        5.6441663856170230     
   9.1275264587884877        9.3609005233838616     
   9.3591447519856743        6.4368925634853538     
   9.3609005233838616        5.4602552996226441     
   9.5682511455775856        5.9069244489356212     
   9.7125481812972723        7.2262049675702951     
   9.7385538570994310        8.2361625662631752     
   9.9105439857061519        6.1535278990928077     
   10.272436281432086        5.4595861396267980     
   10.737179606526075        5.8356427049180368     
   11.222197671847415        5.2168334489812622     
   11.397537983952576        5.3784148982093054     
   11.567139422272845        15.724000715092863     
   11.610395530592992        6.0048192358322465     
   12.159373754342164        6.0545969327254685     
   13.075479905338117        6.0706419691471734     
   14.001072557145555        7.1570659768829294     
   14.157672505652625        6.6670015960481299     
   15.639675849220508        6.8960817629785671     
   15.724000715092863        5.9543409222442296     
   19.256885081415767        7.0160289253105130     
   29.734155979604864        6.0064157894234498     
   28817891678606.715        5.6132029525206901     
   58047219031763.648        5.9486609185860795     
 ******** end sorted, unsorted ************
  old,new av.   2362.7344156767085        2362.0777811523744     
  old,new err.   5.2168334489812622        3.7204603039089714     
  deviation:  0.12586840863442203     
  old,new av.   2362.0777811523744        2364.0645093717026     
  old,new err.   3.7204603039089714        3.0486858520347138     
  deviation:  0.53400064966174998     
  old,new av.   2364.0645093717026        2363.7708150245544     
  old,new err.   3.0486858520347138        2.6504358272585264     
  deviation:   9.6334736146120731E-002
  old,new av.   2363.7708150245544        2362.6837484665398     
  old,new err.   2.6504358272585264        2.3773348117266067     
  deviation:  0.41014634153169355     
  old,new av.   2362.6837484665398        2363.9752914147844     
  old,new err.   2.3773348117266067        2.1744754603343059     
  deviation:  0.54327347661499525     
  old,new av.   2363.9752914147844        2363.8647092689157     
  old,new err.   2.1744754603343059        2.0161021953075773     
  deviation:   5.0854630408957012E-002
  old,new av.   2363.8647092689157        2363.9723178210079     
  old,new err.   2.0161021953075773        1.8882463777827641     
  deviation:   5.3374552313193178E-002
  old,new av.   2363.9723178210079        2365.3998136875443     
  old,new err.   1.8882463777827641        1.7822383988812089     
  deviation:  0.75599025812121790     
  old,new av.   2365.3998136875443        2365.7049035342197     
  old,new err.   1.7822383988812089        1.6928573337482575     
  deviation:  0.17118352228687206     
  old,new av.   2365.7049035342197        2365.2476128499097     
  old,new err.   1.6928573337482575        1.6157247460479076     
  deviation:  0.27012948769728579     
  old,new av.   2365.2476128499097        2365.5598739267898     
  old,new err.   1.6157247460479076        1.5487082440649134     
  deviation:  0.19326378310654288     
  old,new av.   2365.5598739267898        2365.7448335632871     
  old,new err.   1.5487082440649134        1.4897561457189832     
  deviation:  0.11942832822522526     
  old,new av.   2365.7448335632871        2365.2356231135477     
  old,new err.   1.4897561457189832        1.4370660898798970     
  deviation:  0.34180792017718487     
  old,new av.   2365.2356231135477        2364.9218374958082     
  old,new err.   1.4370660898798970        1.3897693403596210     
  deviation:  0.21835155665371331     
  old,new av.   2364.9218374958082        2364.7024696498979     
  old,new err.   1.3897693403596210        1.3468606761170916     
  deviation:  0.15784478728930040     
  old,new av.   2364.7024696498979        2365.1792613573634     
  old,new err.   1.3468606761170916        1.3078538379251461     
  deviation:  0.35400224828010207     
  old,new av.   2365.1792613573634        2365.4870638135239     
  old,new err.   1.3078538379251461        1.2722617786672108     
  deviation:  0.23534927775173373     
  old,new av.   2365.4870638135239        2365.5886850396269     
  old,new err.   1.2722617786672108        1.2394905194347521     
  deviation:   7.9874462792840190E-002
  old,new av.   2365.5886850396269        2365.5559315812538     
  old,new err.   1.2394905194347521        1.2091808240463526     
  deviation:   2.6424936584383971E-002
  old,new av.   2365.5559315812538        2365.7479182960751     
  old,new err.   1.2091808240463526        1.1812025443811058     
  deviation:  0.15877419737671034     
  old,new av.   2365.7479182960751        2365.9701782101733     
  old,new err.   1.1812025443811058        1.1551122763004997     
  deviation:  0.18816410035307260     
  old,new av.   2365.9701782101733        2366.2790768408499     
  old,new err.   1.1551122763004997        1.1307175711509019     
  deviation:  0.26741870640134674     
  old,new av.   2366.2790768408499        2366.4042737555146     
  old,new err.   1.1307175711509019        1.1078237119130823     
  deviation:  0.11072341834862663     
  old,new av.   2366.4042737555146        2366.5313729751488     
  old,new err.   1.1078237119130823        1.0865233872383451     
  deviation:  0.11472874092454764     
  old,new av.   2366.5313729751488        2366.5074112917009     
  old,new err.   1.0865233872383451        1.0665038221061360     
  deviation:   2.2053536747842457E-002
  old,new av.   2366.5074112917009        2366.5866971377382     
  old,new err.   1.0665038221061360        1.0475984629151029     
  deviation:   7.4341830187409169E-002
  old,new av.   2366.5866971377382        2366.5627524391707     
  old,new err.   1.0475984629151029        1.0297988901203763     
  deviation:   2.2856752291157287E-002
  old,new av.   2366.5627524391707        2366.6009539659453     
  old,new err.   1.0297988901203763        1.0128873994887477     
  deviation:   3.7096104046259751E-002
  old,new av.   2366.6009539659453        2366.8618708148083     
  old,new err.   1.0128873994887477       0.99679005962735556     
  deviation:  0.25759709222827648     
  old,new av.   2366.8618708148083        2366.7650317218167     
  old,new err.  0.99679005962735556       0.98143764356903773     
  deviation:   9.7150941721631259E-002
  old,new av.   2366.7650317218167        2366.6334861590790     
  old,new err.  0.98143764356903773       0.96681375125178270     
  deviation:  0.13403354110138388     
  old,new av.   2366.6334861590790        2366.6418047422717     
  old,new err.  0.96681375125178270       0.95295513064555915     
  deviation:   8.6041217162389997E-003
  old,new av.   2366.6418047422717        2366.7654632574113     
  old,new err.  0.95295513064555915       0.93968638406118077     
  deviation:  0.12976320832212307     
  old,new av.   2366.7654632574113        2366.7801517075122     
  old,new err.  0.93968638406118077       0.92697302104559753     
  deviation:   1.5631225853743744E-002
  old,new av.   2366.7801517075122        2366.8269166285390     
  old,new err.  0.92697302104559753       0.91478611591285897     
  deviation:   5.0449063743038591E-002
  old,new av.   2366.8269166285390        2366.9834191899645     
  old,new err.  0.91478611591285897       0.90322622265747432     
  deviation:  0.17108104146209968     
  old,new av.   2366.9834191899645        2367.0370534507156     
  old,new err.  0.90322622265747432       0.89221355600321395     
  deviation:   5.9380761326097417E-002
  old,new av.   2367.0370534507156        2367.1298859224598     
  old,new err.  0.89221355600321395       0.88160558601738559     
  deviation:  0.10404736749362373     
  old,new av.   2367.1298859224598        2367.4441430540437     
  old,new err.  0.88160558601738559       0.87136414841021281     
  deviation:  0.35646000498195002     
  old,new av.   2367.4441430540437        2367.4095992355778     
  old,new err.  0.87136414841021281       0.86149269941227502     
  deviation:   3.9643378177640007E-002
  old,new av.   2367.4095992355778        2367.4742045253561     
  old,new err.  0.86149269941227502       0.85195633033451079     
  deviation:   7.4992266124023058E-002
  old,new av.   2367.4742045253561        2367.6480267012766     
  old,new err.  0.85195633033451079       0.84275881834305544     
  deviation:  0.20402709591033599     
  old,new av.   2367.6480267012766        2367.9249165210354     
  old,new err.  0.84275881834305544       0.83388738984400679     
  deviation:  0.32855167306715299     
  old,new av.   2367.9249165210354        2367.7997938069393     
  old,new err.  0.83388738984400679       0.82531280668373630     
  deviation:  0.15004749516533317     
  old,new av.   2367.7997938069393        2367.9033080165655     
  old,new err.  0.82531280668373630       0.81703163719016825     
  deviation:  0.12542421344713525     
  old,new av.   2367.9033080165655        2367.7275647438946     
  old,new err.  0.81703163719016825       0.80900841071133667     
  deviation:  0.21509971544705050     
  old,new av.   2367.7275647438946        2367.7708062425368     
  old,new err.  0.80900841071133667       0.80122835140510373     
  deviation:   5.3449998874703149E-002
  old,new av.   2367.7708062425368        2367.8882464919902     
  old,new err.  0.80122835140510373       0.79370736815568543     
  deviation:  0.14657525441718663     
  old,new av.   2367.8882464919902        2368.0027480215235     
  old,new err.  0.79370736815568543       0.78639339851256163     
  deviation:  0.14426164368281408     
  old,new av.   2368.0027480215235        2368.1713815047947     
  old,new err.  0.78639339851256163       0.77927593999468880     
  deviation:  0.21443908810795695     
  old,new av.   2368.1713815047947        2368.1088436032278     
  old,new err.  0.77927593999468880       0.77235939358146055     
  deviation:   8.0251292715787334E-002
  old,new av.   2368.1088436032278        2368.0383078308200     
  old,new err.  0.77235939358146055       0.76564247386406226     
  deviation:   9.1325065758168150E-002
  old,new av.   2368.0383078308200        2368.0249007069174     
  old,new err.  0.76564247386406226       0.75910760799093702     
  deviation:   1.7510945853080936E-002
  old,new av.   2368.0249007069174        2367.9675073460271     
  old,new err.  0.75910760799093702       0.75273886047805094     
  deviation:   7.5606357104194236E-002
  old,new av.   2367.9675073460271        2367.9497179166692     
  old,new err.  0.75273886047805094       0.74653195389921567     
  deviation:   2.3632936057788271E-002
  old,new av.   2367.9497179166692        2368.0651067863200     
  old,new err.  0.74653195389921567       0.74051102447586481     
  deviation:  0.15456655143577769     
  old,new av.   2368.0651067863200        2368.3431795954584     
  old,new err.  0.74051102447586481       0.73464307037533172     
  deviation:  0.37551474582733457     
  old,new av.   2368.3431795954584        2368.3386783099809     
  old,new err.  0.73464307037533172       0.72892173516543901     
  deviation:   6.1271733976137593E-003
  old,new av.   2368.3386783099809        2368.4114031441864     
  old,new err.  0.72892173516543901       0.72333423073798475     
  deviation:   9.9770428973376235E-002
  old,new av.   2368.4114031441864        2368.3987540731941     
  old,new err.  0.72333423073798475       0.71787920347618595     
  deviation:   1.7487173224617951E-002
  old,new av.   2368.3987540731941        2368.4138798238300     
  old,new err.  0.71787920347618595       0.71255162364574531     
  deviation:   2.1070049895087397E-002
  old,new av.   2368.4138798238300        2368.4004443313061     
  old,new err.  0.71255162364574531       0.70734774336593709     
  deviation:   1.8855465454173652E-002
  old,new av.   2368.4004443313061        2368.3695059561055     
  old,new err.  0.70734774336593709       0.70225566907799375     
  deviation:   4.3738564928937927E-002
  old,new av.   2368.3695059561055        2368.4879774577271     
  old,new err.  0.70225566907799375       0.69731914614508828     
  deviation:  0.16870138161663289     
  old,new av.   2368.4879774577271        2368.5386928145663     
  old,new err.  0.69731914614508828       0.69248992709903912     
  deviation:   7.2729046835377217E-002
  old,new av.   2368.5386928145663        2368.5716522146095     
  old,new err.  0.69248992709903912       0.68775906180852209     
  deviation:   4.7595493816430239E-002
  old,new av.   2368.5716522146095        2368.4965713983361     
  old,new err.  0.68775906180852209       0.68313868727518867     
  deviation:  0.10916732391130286     
  old,new av.   2368.4965713983361        2368.5145964898957     
  old,new err.  0.68313868727518867       0.67863997688139499     
  deviation:   2.6385698680731245E-002
  old,new av.   2368.5145964898957        2368.5920503670782     
  old,new err.  0.67863997688139499       0.67423227234904715     
  deviation:  0.11413102649572163     
  old,new av.   2368.5920503670782        2368.4445197103601     
  old,new err.  0.67423227234904715       0.66990954824668236     
  deviation:  0.21881280794245614     
  old,new av.   2368.4445197103601        2368.4288966903628     
  old,new err.  0.66990954824668236       0.66568007169758991     
  deviation:   2.3321088702469919E-002
  old,new av.   2368.4288966903628        2368.5004732942348     
  old,new err.  0.66568007169758991       0.66153961037855957     
  deviation:  0.10752402980832200     
  old,new av.   2368.5004732942348        2368.4953114902351     
  old,new err.  0.66153961037855957       0.65748336863587264     
  deviation:   7.8027134259923640E-003
  old,new av.   2368.4953114902351        2368.3999214406927     
  old,new err.  0.65748336863587264       0.65351512628148078     
  deviation:  0.14508359312618777     
  old,new av.   2368.3999214406927        2368.4883600113749     
  old,new err.  0.65351512628148078       0.64962377078845113     
  deviation:  0.13532750371892158     
  old,new av.   2368.4883600113749        2368.6671809349086     
  old,new err.  0.64962377078845113       0.64580727927741255     
  deviation:  0.27526844240430626     
  old,new av.   2368.6671809349086        2368.7592898319886     
  old,new err.  0.64580727927741255       0.64205952956864698     
  deviation:  0.14262598152034520     
  old,new av.   2368.7592898319886        2368.7817972624571     
  old,new err.  0.64205952956864698       0.63838180416672363     
  deviation:   3.5055052424256238E-002
  old,new av.   2368.7817972624571        2368.7226990077493     
  old,new err.  0.63838180416672363       0.63477229973789728     
  deviation:   9.2575092714220208E-002
  old,new av.   2368.7226990077493        2368.7890679158827     
  old,new err.  0.63477229973789728       0.63122405740140053     
  deviation:  0.10455545738342892     
  old,new av.   2368.7890679158827        2368.8304375153316     
  old,new err.  0.63122405740140053       0.62774015829944596     
  deviation:   6.5538692582801372E-002
  old,new av.   2368.8304375153316        2368.8986693035090     
  old,new err.  0.62774015829944596       0.62432588746107132     
  deviation:  0.10869431766519491     
  old,new av.   2368.8986693035090        2369.0093790841793     
  old,new err.  0.62432588746107132       0.62097176257484088     
  deviation:  0.17732691034244502     
  old,new av.   2369.0093790841793        2369.1192637702243     
  old,new err.  0.62097176257484088       0.61769144505849316     
  deviation:  0.17695601099375777     
  old,new av.   2369.1192637702243        2369.1656426637633     
  old,new err.  0.61769144505849316       0.61447515039255063     
  deviation:   7.5084241347383091E-002
  old,new av.   2369.1656426637633        2369.2402218625630     
  old,new err.  0.61447515039255063       0.61132016654469934     
  deviation:  0.12137056926072075     
  old,new av.   2369.2402218625630        2369.2999558820247     
  old,new err.  0.61132016654469934       0.60821326282607646     
  deviation:   9.7713150540060842E-002
  old,new av.   2369.2999558820247        2369.3368750696518     
  old,new err.  0.60821326282607646       0.60515395462123323     
  deviation:   6.0701056493765920E-002
  old,new av.   2369.3368750696518        2369.3373872024763     
  old,new err.  0.60515395462123323       0.60213988854878209     
  deviation:   8.4628518178873565E-004
  old,new av.   2369.3373872024763        2369.3943125228780     
  old,new err.  0.60213988854878209       0.59917025717081929     
  deviation:   9.4538364729259500E-002
  old,new av.   2369.3943125228780        2369.4141940322993     
  old,new err.  0.59917025717081929       0.59624931641314161     
  deviation:   3.3181736215038164E-002
  old,new av.   2369.4141940322993        2369.5727102732440     
  old,new err.  0.59624931641314161       0.59337512520479585     
  deviation:  0.26585563552215102     
  old,new av.   2369.5727102732440        2369.6554532942610     
  old,new err.  0.59337512520479585       0.59054148819711849     
  deviation:  0.13944470791295363     
  old,new av.   2369.6554532942610        2369.7056958641028     
  old,new err.  0.59054148819711849       0.58775079921448414     
  deviation:   8.5078814691363525E-002
  old,new av.   2369.7056958641028        2369.7186930778989     
  old,new err.  0.58775079921448414       0.58499879992498660     
  deviation:   2.2113477027114428E-002
  old,new av.   2369.7186930778989        2369.8041659028418     
  old,new err.  0.58499879992498660       0.58232283444094779     
  deviation:  0.14610769279148317     
  old,new av.   2369.8041659028418        2369.8622050315234     
  old,new err.  0.58232283444094779       0.57968946571990276     
  deviation:   9.9668302956734650E-002
  old,new av.   2369.8622050315234        2369.8561649221688     
  old,new err.  0.57968946571990276       0.57710100837049627     
  deviation:   1.0419560319541972E-002
  old,new av.   2369.8561649221688        2370.0024669989525     
  old,new err.  0.57710100837049627       0.57454820329183776     
  deviation:  0.25351207962162381     
  old,new av.   2370.0024669989525        2370.0848440959994     
  old,new err.  0.57454820329183776       0.57203152293081794     
  deviation:  0.14337717283759124     
  old,new av.   2370.0848440959994        2370.0512646082111     
  old,new err.  0.57203152293081794       0.56955867051833697     
  deviation:   5.8702163153975195E-002
  old,new av.   2370.0512646082111        2370.0372690185659     
  old,new err.  0.56955867051833697       0.56714770470764642     
  deviation:   2.4572691751812613E-002
  old,new av.   2370.0372690185659        2370.1009582150427     
  old,new err.  0.56714770470764642       0.56477566487620734     
  deviation:  0.11229737147516859     
  old,new av.   2370.1009582150427        2370.1702155433654     
  old,new err.  0.56477566487620734       0.56244392187907422     
  deviation:  0.12262803203086396     
  old,new av.   2370.1702155433654        2370.2109246053515     
  old,new err.  0.56244392187907422       0.56014079707494180     
  deviation:   7.2378881524810923E-002
  old,new av.   2370.2109246053515        2370.1844410677672     
  old,new err.  0.56014079707494180       0.55786831835730455     
  deviation:   4.7280144068284076E-002
  old,new av.   2370.1844410677672        2370.2100603390882     
  old,new err.  0.55786831835730455       0.55563194171786912     
  deviation:   4.5923510043299420E-002
  old,new av.   2370.2100603390882        2370.2767314354701     
  old,new err.  0.55563194171786912       0.55342374142111261     
  deviation:  0.11999147524851522     
  old,new av.   2370.2767314354701        2370.2681968980037     
  old,new err.  0.55342374142111261       0.55125279274181027     
  deviation:   1.5421343226959355E-002
  old,new av.   2370.2681968980037        2370.3617501748126     
  old,new err.  0.55125279274181027       0.54910659449335342     
  deviation:  0.16971029995811557     
  old,new av.   2370.3617501748126        2370.4456701069998     
  old,new err.  0.54910659449335342       0.54700035776515643     
  deviation:  0.15282994782576040     
  old,new av.   2370.4456701069998        2370.5643298383761     
  old,new err.  0.54700035776515643       0.54494199459642556     
  deviation:  0.21692806904383657     
  old,new av.   2370.5643298383761        2370.5548623640057     
  old,new err.  0.54494199459642556       0.54290823982799308     
  deviation:   1.7373361686831804E-002
  old,new av.   2370.5548623640057        2370.6029337341020     
  old,new err.  0.54290823982799308       0.54092412065209938     
  deviation:   8.8544189551304942E-002
  old,new av.   2370.6029337341020        2370.6684589918109     
  old,new err.  0.54092412065209938       0.53900195236612958     
  deviation:  0.12113576601085711     
  old,new av.   2370.6684589918109        2370.6324850181682     
  old,new err.  0.53900195236612958       0.53710554162064450     
  deviation:   6.6741824375255443E-002
  old,new av.   2370.6324850181682        2370.6923276407233     
  old,new err.  0.53710554162064450       0.53523370496393374     
  deviation:  0.11141687790929301     
  old,new av.   2370.6923276407233        2370.7599551307039     
  old,new err.  0.53523370496393374       0.53338231520152302     
  deviation:  0.12635132906134916     
  old,new av.   2370.7599551307039        2370.8166984036684     
  old,new err.  0.53338231520152302       0.53155272478398818     
  deviation:  0.10638386640739880     
  old,new av.   2370.8166984036684        2370.7681400778129     
  old,new err.  0.53155272478398818       0.52974282463497602     
  deviation:   9.1351852020457744E-002
  old,new av.   2370.7681400778129        2370.8002187984098     
  old,new err.  0.52974282463497602       0.52795549396047681     
  deviation:   6.0555271549043263E-002
  old,new av.   2370.8002187984098        2370.9009188336108     
  old,new err.  0.52795549396047681       0.52619272154945418     
  deviation:  0.19073584109455660     
  old,new av.   2370.9009188336108        2370.9769187713177     
  old,new err.  0.52619272154945418       0.52446183564979132     
  deviation:  0.14443365442820530     
  old,new av.   2370.9769187713177        2371.0373277486883     
  old,new err.  0.52446183564979132       0.52275190410929195     
  deviation:  0.11518278979389637     
  old,new av.   2371.0373277486883        2371.0798357152107     
  old,new err.  0.52275190410929195       0.52105891030929197     
  deviation:   8.1315756457809779E-002
  old,new av.   2371.0798357152107        2371.1575369834154     
  old,new err.  0.52105891030929197       0.51940108961822973     
  deviation:  0.14912184911792295     
  old,new av.   2371.1575369834154        2371.2179824353166     
  old,new err.  0.51940108961822973       0.51777999637469674     
  deviation:  0.11637528898059939     
  old,new av.   2371.2179824353166        2371.2532116536713     
  old,new err.  0.51777999637469674       0.51618139769482829     
  deviation:   6.8038971380519245E-002
  old,new av.   2371.2532116536713        2371.1914181226193     
  old,new err.  0.51618139769482829       0.51459845119529746     
  deviation:  0.11971282058584116     
  old,new av.   2371.1914181226193        2371.1585958439164     
  old,new err.  0.51459845119529746       0.51305237656849112     
  deviation:   6.3782311483279633E-002
  old,new av.   2371.1585958439164        2371.2156674070507     
  old,new err.  0.51305237656849112       0.51156837267547106     
  deviation:  0.11123925302910570     
  old,new av.   2371.2156674070507        2371.2971317528445     
  old,new err.  0.51156837267547106       0.51012515444145401     
  deviation:  0.15924429684304722     
  old,new av.   2371.2971317528445        2371.2978500686468     
  old,new err.  0.51012515444145401       0.50875692187775390     
  deviation:   1.4081168042897091E-003
  old,new av.   2371.2978500686468        2371.2551425588040     
  old,new err.  0.50875692187775390       0.50744291058672253     
  deviation:   8.3944823168512789E-002
  old,new av.   2371.2551425588040        2371.2492667492015     
  old,new err.  0.50744291058672253       0.50616687849117759     
  deviation:   1.1579252522542457E-002
  old,new av.   2371.2492667492015        2371.2481621878514     
  old,new err.  0.50616687849117759       0.50490300656821385     
  deviation:   2.1822078784927458E-003
  old,new av.   2371.2481621878514        2371.3601947752509     
  old,new err.  0.50490300656821385       0.50364651345835931     
  deviation:  0.22188932516148563     
  old,new av.   2371.3601947752509        2371.3572465945936     
  old,new err.  0.50364651345835931       0.50240972844361576     
  deviation:   5.8536703392801518E-003
  old,new av.   2371.3572465945936        2371.4298317590569     
  old,new err.  0.50240972844361576       0.50119830411583643     
  deviation:  0.14447404250753521     
  old,new av.   2371.4298317590569        2371.4532878974760     
  old,new err.  0.50119830411583643       0.50000600287471009     
  deviation:   4.6800115296593628E-002
  old,new av.   2371.4532878974760        2371.4739552632968     
  old,new err.  0.50000600287471009       0.49882958327043253     
  deviation:   4.1334235393182192E-002
  old,new av.   2371.4739552632968        2371.5253672247622     
  old,new err.  0.49882958327043253       0.49767818336671210     
  deviation:  0.10306518135582785     
  old,new av.   2371.5253672247622        2371.5585592411280     
  old,new err.  0.49767818336671210       0.49653687600837493     
  deviation:   6.6693733973298933E-002
  old,new av.   2371.5585592411280        2371.5354959036013     
  old,new err.  0.49653687600837493       0.49548074227209682     
  deviation:   4.6448388107986904E-002
  old,new av.   2371.5354959036013        2371.5747410808708     
  old,new err.  0.49548074227209682       0.49447100117237919     
  deviation:   7.9206261558391070E-002
  old,new av.   2371.5747410808708        2371.6047962929838     
  old,new err.  0.49447100117237919       0.49346453145157260     
  deviation:   6.0782557605448657E-002
  old,new av.   2371.6047962929838        2371.6737816442087     
  old,new err.  0.49346453145157260       0.49246457978739711     
  deviation:  0.13979799322553776     
  old,new av.   2371.6737816442087        2371.7294437781552     
  old,new err.  0.49246457978739711       0.49149766684220519     
  deviation:  0.11302769017525734     
  old,new av.   2371.7294437781552        2371.7564646308501     
  old,new err.  0.49149766684220519       0.49054700524145139     
  deviation:   5.4976563507486260E-002
  old,new av.   2371.7564646308501        2371.7923562052383     
  old,new err.  0.49054700524145139       0.48964256952397689     
  deviation:   7.3166432583808935E-002
  old,new av.   2371.7923562052383        2371.8151551959972     
  old,new err.  0.48964256952397689       0.48877290539719137     
  deviation:   4.6562517595424409E-002
  old,new av.   2371.8151551959972        2371.8256567046838     
  old,new err.  0.48877290539719137       0.48809167392977892     
  deviation:   2.1485455864147195E-002
  old,new av.   2371.8256567046838        2371.8910325541342     
  old,new err.  0.48809167392977892       0.48742938462377522     
  deviation:  0.13394174279615514     
  old,new av.   2371.8910325541342        2371.9150725825725     
  old,new err.  0.48742938462377522       0.48676706844483669     
  deviation:   4.9320022954456734E-002
  old,new av.   2371.9150725825725        2371.9232603098390     
  old,new err.  0.48676706844483669       0.48612897597708610     
  deviation:   1.6820626942965326E-002
  old,new av.   2371.9232603098390        2371.9863647022221     
  old,new err.  0.48612897597708610       0.48550322761309206     
  deviation:  0.12980997945309256     
  old,new av.   2371.9863647022221        2372.0080203617663     
  old,new err.  0.48550322761309206       0.48488071748674733     
  deviation:   4.4604563497263112E-002
  old,new av.   2372.0080203617663        2372.0114552748619     
  old,new err.  0.48488071748674733       0.48430020402159957     
  deviation:   7.0840373141518804E-003
  old,new av.   2372.0114552748619        2372.0406005537588     
  old,new err.  0.48430020402159957       0.48376766744156463     
  deviation:   6.0180191242860830E-002
  old,new av.   2372.0406005537588        2372.1030629478182     
  old,new err.  0.48376766744156463       0.48328407636903231     
  deviation:  0.12911651245669795     
  old,new av.   2372.1030629478182        2372.1689562067613     
  old,new err.  0.48328407636903231       0.48280070800139641     
  deviation:  0.13634477559900074     
  old,new av.   2372.1689562067613        2372.2443274994926     
  old,new err.  0.48280070800139641       0.48233864065544552     
  deviation:  0.15611263919483639     
  old,new av.   2372.2443274994926        2372.3401855190987     
  old,new err.  0.48233864065544552       0.48190219326956041     
  deviation:  0.19873593265480760     
  old,new av.   2372.3401855190987        2372.4056394721329     
  old,new err.  0.48190219326956041       0.48157550691559070     
  deviation:  0.13582414429390391     
  old,new av.   2372.4056394721329        2372.4319780727483     
  old,new err.  0.48157550691559070       0.48124743353587129     
  deviation:   5.4692566871002386E-002
  old,new av.   2372.4319780727483        2372.4405031727033     
  old,new err.  0.48124743353587129       0.48098600579466366     
  deviation:   1.7714587883380685E-002
  old,new av.   2372.4405031727033        2372.4804898778261     
  old,new err.  0.48098600579466366       0.48085167951222274     
  deviation:   8.3134861806975380E-002
  old,new av.   2372.4804898778261        2372.5254446213039     
  old,new err.  0.48085167951222274       0.48075678333778510     
  deviation:   9.3489833545712858E-002
  old,new av.   2372.5254446213039        2372.5923252550315     
  old,new err.  0.48075678333778510       0.48075451430011046     
  deviation:  0.13911531994045140     
  old,new av.   2372.5923252550315        2372.6908013325592     
  old,new err.  0.48075451430011046       0.48074684645898891     
  deviation:  0.20483651135566319     
  old,new av.   2372.6908013325592        2372.7827878392709     
  old,new err.  0.48074684645898891       0.48074257422223909     
  deviation:  0.19134084266850976     
  old,new av.   2372.7827878392709        2372.8321963983417     
  old,new err.  0.48074257422223909       0.48076891557479873     
  deviation:  0.10277550131841971     
  old,new av.   2372.8321963983417        2372.8292501690307     
  old,new err.  0.48076891557479873       0.48079322352553699     
  deviation:   6.1281609844556929E-003
  old,new av.   2372.8292501690307        2372.8967128210443     
  old,new err.  0.48079322352553699       0.48081706303647392     
  deviation:  0.14031531376182749     
  old,new av.   2372.8967128210443        2372.9221521859308     
  old,new err.  0.48081706303647392       0.48084362571891737     
  deviation:   5.2908615026879456E-002
  old,new av.   2372.9221521859308        2372.9550080780664     
  old,new err.  0.48084362571891737       0.48089986117117983     
  deviation:   6.8329682204759518E-002
  old,new av.   2372.9550080780664        2372.9335602106394     
  old,new err.  0.48089986117117983       0.48108013489678059     
  deviation:   4.4599446077568036E-002
  old,new av.   2372.9335602106394        2372.9540091765598     
  old,new err.  0.48108013489678059       0.48124239391573426     
  deviation:   4.2506361076019614E-002
  old,new av.   2372.9540091765598        2372.9286659412842     
  old,new err.  0.48124239391573426       0.48151197465817336     
  deviation:   5.2662100421791105E-002
  old,new av.   2372.9286659412842        2373.0326828734778     
  old,new err.  0.48151197465817336       0.48184892498806065     
  deviation:  0.21602148579479566     
  old,new av.   2373.0326828734778        2373.1156683297595     
  old,new err.  0.48184892498806065       0.48217958132428435     
  deviation:  0.17222297690864941     
  old,new av.   2373.1156683297595        2373.2204303257504     
  old,new err.  0.48217958132428435       0.48259300518648723     
  deviation:  0.21726759084895350     
  old,new av.   2373.2204303257504        2373.3081605717389     
  old,new err.  0.48259300518648723       0.48320619413003224     
  deviation:  0.18178930288182377     
  old,new av.   2373.3081605717389        2373.3742167562814     
  old,new err.  0.48320619413003224       0.48408610233604737     
  deviation:  0.13670392752607741     
  old,new av.   2373.3742167562814        2373.5061301058063     
  old,new err.  0.48408610233604737       0.48524899733801974     
  deviation:  0.27249976582331337     
  old,new av.   2373.5061301058063        2373.5330820550466     
  old,new err.  0.48524899733801974       0.48648719739946661     
  deviation:   5.5542514025189373E-002
  old,new av.   2373.5330820550466        2373.6039725132887     
  old,new err.  0.48648719739946661       0.48779538630216729     
  deviation:  0.14571906233297527     
  old,new av.   2373.6039725132887        2373.6180688423501     
  old,new err.  0.48779538630216729       0.48908771920453065     
  deviation:   2.8898036876262780E-002
  old,new av.   2373.6180688423501        2373.7098055288729     
  old,new err.  0.48908771920453065       0.49070463125773545     
  deviation:  0.18756693926406434     
  old,new av.   2373.7098055288729        2373.7396905575401     
  old,new err.  0.49070463125773545       0.49291253039706445     
  deviation:   6.0902275551376089E-002
  old,new av.   2373.7396905575401        2373.7813226320336     
  old,new err.  0.49291253039706445       0.49573798146481285     
  deviation:   8.4461383969945181E-002
  old,new av.   2373.7813226320336        2373.8236244904851     
  old,new err.  0.49573798146481285       0.49859515025977791     
  deviation:   8.5331082211097670E-002
  old,new av.   2373.8236244904851        2373.8856523317936     
  old,new err.  0.49859515025977791       0.50253353569326620     
  deviation:  0.12440522390991100     
  old,new av.   2373.8856523317936        2373.9330575464173     
  old,new err.  0.50253353569326620       0.50641740795765122     
  deviation:   9.4332440039698484E-002
  old,new av.   2373.9330575464173        2374.0563327389882     
  old,new err.  0.50641740795765122       0.51332376703197025     
  deviation:  0.24342605651735694     
  old,new av.   2374.0563327389882        2374.1858704378778     
  old,new err.  0.51332376703197025       0.53255446099912773     
  deviation:  0.25235086939110563     
  old,new av.   2374.1858704378778        145545273705.51401     
  old,new err.  0.53255446099912773        145544907467.71069     
  deviation:   273296502029.61404     
  check_stat_consistency:
  The program has detected inconsistent results
  among different runs. The runs:
          12          31
  look suspicious. 
  Inspect your runs at stage 2 
  The fraction of inconsistent file is < 10%
  We discard the following files:
          12          31
  and reload the others
********** Check_stat_consistency ******
           1   2376.6609454521736        6.1271765849931024      T
           2   2378.3495773980158        5.9842058703648906      T
           3   2372.3195524982257        8.9951545613052115      T
           4   2378.2038636283496        6.2974905176984830      T
           5   2374.4936759340349        5.9640411223704968      T
           6   2383.1863231281759        6.3385727252913444      T
           7   2383.8542197525512        6.2146867107950836      T
           8   2361.3410577745944        5.9284988832090502      T
           9   2380.3249111092259        6.3582097785143352      T
          10   2365.5323362398931        6.7298167036474306      T
          11   2368.0379658103593        5.3181828971670306      T
          12   28817963725977.156        28817891678606.715      F
          13   2369.4850377601515        6.2175320946785275      T
          14   2367.9643492012560        5.4488989459135651      T
          15   2358.6158872669312        5.4495002883974824      T
          16   2399.5752594202527        29.734155979604864      T
          17   2358.3354822344800        5.3755054632592563      T
          18   2375.6172369620995        7.6100559627109616      T
          19   2375.6540329593040        6.0040993137732386      T
          20   2366.6597363415976        6.0873102955086686      T
          21   2376.8197806198364        5.3940624783882880      T
          22   2366.8916996125472        6.4691572190200528      T
          23   2367.3143231400604        5.8025137543292296      T
          24   2375.8516749071418        5.9397257640272132      T
          25   2369.3365506126256        5.8390080170158063      T
          26   2391.7557306683279        9.7125481812972723      T
          27   2378.3225538006927        6.0758115437575100      T
          28   2363.8598589320563        5.6056126747457107      T
          29   2377.6939144796661        6.3122492870505500      T
          30   2374.4284974292286        6.0195752498384492      T
          31   58047364152719.750        58047219031763.648      F
          32   2384.4544769219751        7.9942276355818516      T
          33   2369.3379323141507        6.1690091640760292      T
          34   2372.8079286768120        5.4714328867910620      T
          35   2372.5614474497388        5.7623887946488983      T
          36   2368.6097188747462        6.1177445179863197      T
          37   2381.5191696194825        6.8260053238361280      T
          38   2381.3304685585208        8.9717421921243101      T
          39   2364.7255776856546        5.3871723093980455      T
          40   2374.3880538440517        6.8598830429139896      T
          41   2375.2578028005878        7.2790916423585870      T
          42   2366.4595040755898        6.3052492956600954      T
          43   2382.7777708965314        7.9489447534478446      T
          44   2368.3922268269898        9.5682511455775856      T
          45   2375.7625516030680        6.4338925128256435      T
          46   2373.6539887730187        5.9134914250383694      T
          47   2372.5857635807961        6.0060948912376917      T
          48   2371.8351910091101        5.8705315430910803      T
          49   2386.7086592489909        6.7802436802884722      T
          50   2365.9162455778496        5.6009499115788843      T
          51   2376.6746998983799        7.8500181897512649      T
          52   2374.0985805665432        5.9498115542421006      T
          53   2369.5876525924978        5.5184501202186356      T
          54   2387.9650427148599        8.0472238288030855      T
          55   2372.7021683623002        5.8323021802868276      T
          56   2380.9478967771697        6.3929065932953621      T
          57   2374.4853761139093        6.1398909769806407      T
          58   2382.0970459973569        7.9373703898639905      T
          59   2361.4211466280403        5.3058409566665317      T
          60   2370.9534283885068        6.0197480923713478      T
          61   2362.2943943867267        5.7513645376371310      T
          62   2381.8306499139626        7.6799783747051826      T
          63   2374.5175913590288        6.0069603972103183      T
          64   2368.9947457724716        5.4318559792952676      T
          65   2376.7778471742636        8.2498218017563314      T
          66   2367.4178671094810        5.4931735002874760      T
          67   2364.9194106233094        5.7904834118829971      T
          68   2366.4203883184778        5.8432007441802982      T
          69   2381.8935375200258        7.6036381411226852      T
          70   2376.6030556683609        5.7857932586887921      T
          71   2364.9411409751065        6.3222730650474581      T
          72   2398.0949952902874        19.256885081415767      T
          73   2372.6175114012945        5.6848845591444421      T
          74   2373.6133229686484        5.7857708768130074      T
          75   2364.3704476655912        5.7980897320796432      T
          76   2384.1933297163710        5.8259559854993332      T
          77   2370.5373768390041        5.9440881041947486      T
          78   2376.2681787058777        11.610395530592992      T
          79   2374.7371472761242        6.8450302348594940      T
          80   2384.4863726005310        6.0726196682271842      T
          81   2386.8604882045711        11.567139422272845      T
          82   2384.1562044401530        6.0164125357122051      T
          83   2367.5674437948137        5.8428880153208889      T
          84   2366.0278464969524        5.7224514477609789      T
          85   2380.0778415255613        8.6783814092441212      T
          86   2377.5691478864705        6.3196378619681290      T
          87   2358.1173737400914        5.8997521472840209      T
          88   2388.5124804870024        8.8967291975670957      T
          89   2370.9503976638889        6.7987590597140635      T
          90   2374.4284594318447        5.6049172335091377      T
          91   2366.9712993019830        5.8061396700995953      T
          92   2362.8897319831094        5.3615848749301511      T
          93   2377.3740410411378        9.0519175722590504      T
          94   2379.8311787706589        5.7440881739108756      T
          95   2373.9363678926552        5.8989625125235685      T
          96   2369.0215210985198        5.7126802373853911      T
          97   2373.8556697652193        8.3729859592820404      T
          98   2371.2234113896434        6.0119667779289765      T
          99   2370.1230214062671        5.7250482487538390      T
         100   2378.7399989483879        6.3149133140850937      T
         101   2378.6920421776376        6.5370996150155714      T
         102   2382.0504253975573        6.5778552499461593      T
         103   2391.0480392816908        12.159373754342164      T
         104   2376.3933315305130        6.3667214922749267      T
         105   2378.1982908797750        5.9683865098289370      T
         106   2369.2838027928028        5.5291235802442769      T
         107   2379.1582696333667        8.5938863198667939      T
         108   2363.2012163937015        5.3803687643895142      T
         109   2369.1372876760784        9.3591447519856743      T
         110   2369.8031566787163        5.7717484874643699      T
         111   2363.4661567080043        5.8794551511203732      T
         112   2381.8146282742873        7.0880102651597268      T
         113   2368.4636888644818        5.6497470771889349      T
         114   2381.7330488603047        14.001072557145555      T
         115   2385.8570257043561        15.639675849220508      T
         116   2379.7607825797850        6.1869770921817118      T
         117   2368.4507121543002        5.4120536486944459      T
         118   2359.6433742010340        5.7673631155099656      T
         119   2370.7469726174572        5.8708584657290874      T
         120   2385.5285547120825        10.737179606526075      T
         121   2378.7376450938577        9.1275264587884877      T
         122   2374.9485580899504        5.7336594633649378      T
         123   2381.9455813132399        14.157672505652625      T
         124   2373.0748467157418        5.5267189094408398      T
         125   2375.4079589102071        7.6921789382753252      T
         126   2378.8258657528550        6.8886914264088883      T
         127   2369.5817542463706        5.5609085965376517      T
         128   2367.3771860838810        6.1434899633498361      T
         129   2375.1212528125711        5.9329102144147363      T
         130   2375.9928572614217        7.0818460760535240      T
         131   2368.6481291347118        5.5809711665382560      T
         132   2374.6817439906181        6.3288953281535001      T
         133   2370.6376364062335        5.5220501329118186      T
         134   2373.5253784657602        5.7852940649287419      T
         135   2397.9100997679207        11.222197671847415      T
         136   2384.6352142713695        9.0209555186623813      T
         137   2379.9674396021646        7.1348919893224032      T
         138   2377.3729776889090        6.1389815505857221      T
         139   2372.5541715439558        7.7656931441613954      T
         140   2376.0830699250955        6.2496293879915461      T
         141   2373.1923580361881        7.6538412793932862      T
         142   2360.6747060068069        5.4131271748828116      T
         143   2383.8951523549704        8.8481088621808386      T
         144   2375.4920005136105        6.0610371676872328      T
         145   2379.4178460043327        13.075479905338117      T
         146   2366.9079994044437        5.6377432820793221      T
         147   2371.0979418442193        6.7793607724421774      T
         148   2377.3505542488128        6.0165323495704950      T
         149   2374.5268834867438        5.8212104397758324      T
         150   2382.2575711234758        5.9375671909009933      T
         151   2368.0776037522764        5.8306639367298105      T
         152   2365.9083692055069        5.5740275161108155      T
         153   2370.7197055682550        5.4875687424109678      T
         154   2389.3627955876577        10.272436281432086      T
         155   2373.1078486145902        5.9944455211900767      T
         156   2392.2871135961104        9.9105439857061519      T
         157   2364.9336158721630        5.4981578871555428      T
         158   2377.4772098447143        6.1560503109240789      T
         159   2373.4218860250776        7.5687629502280958      T
         160   2369.7403027159826        5.8964297611505243      T
         161   2370.8461942570211        5.6403605927289613      T
         162   2379.7001711858238        5.7163236502688877      T
         163   2388.1360359167547        9.7385538570994310      T
         164   2370.4560324528984        6.7719524805380722      T
         165   2377.2652917850228        7.0804994938999268      T
         166   2378.5461446137829        11.397537983952576      T
         167   2364.8682658579451        5.8038104532177366      T
         168   2368.1184997982282        5.9189680438023551      T
         169   2378.8945548267689        6.4222845932069390      T
         170   2378.5280409426578        6.3648151678050455      T
         171   2376.0701535615058        5.8674837062188674      T
         172   2370.6575198487371        5.7162389663016473      T
         173   2367.6705967156363        5.6031644872511119      T
         174   2380.6526106237748        6.1692996283219381      T
         175   2389.4317345122763        8.8655517918026643      T
         176   2367.2795590109486        5.6441663856170230      T
         177   2376.5939251103559        9.3609005233838616      T
         178   2363.2200526169149        6.4368925634853538      T
         179   2361.4119519612404        5.4602552996226441      T
         180   2367.3196622705568        5.9069244489356212      T
         181   2377.1760923634597        7.2262049675702951      T
         182   2383.1400877697197        8.2361625662631752      T
         183   2372.9513223704348        6.1535278990928077      T
         184   2360.5288388474555        5.4595861396267980      T
         185   2367.6398098136706        5.8356427049180368      T
         186   2362.7344156767085        5.2168334489812622      T
         187   2370.4330061560072        5.3784148982093054      T
         188   2383.1296691834759        15.724000715092863      T
         189   2374.4968155752103        6.0048192358322465      T
         190   2378.0095570973363        6.0545969327254685      T
         191   2369.2642342054105        6.0706419691471734      T
         192   2375.7825716823677        7.1570659768829294      T
         193   2371.3933860703773        6.6670015960481299      T
         194   2376.3050175814451        6.8960817629785671      T
         195   2372.1813750707088        5.9543409222442296      T
         196   2368.2143752997617        7.0160289253105130      T
         197   2369.3829670238820        6.0064157894234498      T
         198   2362.5555737142108        5.6132029525206901      T
         199   2364.0539368858076        5.9486609185860795      T
         200   0.0000000000000000        0.0000000000000000      T
********** end Check_stat_consistency ******
  Opened pwggrid-0001.dat
  Opened pwggrid-0002.dat
  Opened pwggrid-0003.dat
  Opened pwggrid-0004.dat
  Opened pwggrid-0005.dat
  Opened pwggrid-0006.dat
  Opened pwggrid-0007.dat
  Opened pwggrid-0008.dat
  Opened pwggrid-0009.dat
  Opened pwggrid-0010.dat
  Opened pwggrid-0011.dat
  Opened pwggrid-0013.dat
  Opened pwggrid-0014.dat
  Opened pwggrid-0015.dat
  Opened pwggrid-0016.dat
  Opened pwggrid-0017.dat
  Opened pwggrid-0018.dat
  Opened pwggrid-0019.dat
  Opened pwggrid-0020.dat
  Opened pwggrid-0021.dat
  Opened pwggrid-0022.dat
  Opened pwggrid-0023.dat
  Opened pwggrid-0024.dat
  Opened pwggrid-0025.dat
  Opened pwggrid-0026.dat
  Opened pwggrid-0027.dat
  Opened pwggrid-0028.dat
  Opened pwggrid-0029.dat
  Opened pwggrid-0030.dat
  Opened pwggrid-0032.dat
  Opened pwggrid-0033.dat
  Opened pwggrid-0034.dat
  Opened pwggrid-0035.dat
  Opened pwggrid-0036.dat
  Opened pwggrid-0037.dat
  Opened pwggrid-0038.dat
  Opened pwggrid-0039.dat
  Opened pwggrid-0040.dat
  Opened pwggrid-0041.dat
  Opened pwggrid-0042.dat
  Opened pwggrid-0043.dat
  Opened pwggrid-0044.dat
  Opened pwggrid-0045.dat
  Opened pwggrid-0046.dat
  Opened pwggrid-0047.dat
  Opened pwggrid-0048.dat
  Opened pwggrid-0049.dat
  Opened pwggrid-0050.dat
  Opened pwggrid-0051.dat
  Opened pwggrid-0052.dat
  Opened pwggrid-0053.dat
  Opened pwggrid-0054.dat
  Opened pwggrid-0055.dat
  Opened pwggrid-0056.dat
  Opened pwggrid-0057.dat
  Opened pwggrid-0058.dat
  Opened pwggrid-0059.dat
  Opened pwggrid-0060.dat
  Opened pwggrid-0061.dat
  Opened pwggrid-0062.dat
  Opened pwggrid-0063.dat
  Opened pwggrid-0064.dat
  Opened pwggrid-0065.dat
  Opened pwggrid-0066.dat
  Opened pwggrid-0067.dat
  Opened pwggrid-0068.dat
  Opened pwggrid-0069.dat
  Opened pwggrid-0070.dat
  Opened pwggrid-0071.dat
  Opened pwggrid-0072.dat
  Opened pwggrid-0073.dat
  Opened pwggrid-0074.dat
  Opened pwggrid-0075.dat
  Opened pwggrid-0076.dat
  Opened pwggrid-0077.dat
  Opened pwggrid-0078.dat
  Opened pwggrid-0079.dat
  Opened pwggrid-0080.dat
  Opened pwggrid-0081.dat
  Opened pwggrid-0082.dat
  Opened pwggrid-0083.dat
  Opened pwggrid-0084.dat
  Opened pwggrid-0085.dat
  Opened pwggrid-0086.dat
  Opened pwggrid-0087.dat
  Opened pwggrid-0088.dat
  Opened pwggrid-0089.dat
  Opened pwggrid-0090.dat
  Opened pwggrid-0091.dat
  Opened pwggrid-0092.dat
  Opened pwggrid-0093.dat
  Opened pwggrid-0094.dat
  Opened pwggrid-0095.dat
  Opened pwggrid-0096.dat
  Opened pwggrid-0097.dat
  Opened pwggrid-0098.dat
  Opened pwggrid-0099.dat
  Opened pwggrid-0100.dat
  Opened pwggrid-0101.dat
  Opened pwggrid-0102.dat
  Opened pwggrid-0103.dat
  Opened pwggrid-0104.dat
  Opened pwggrid-0105.dat
  Opened pwggrid-0106.dat
  Opened pwggrid-0107.dat
  Opened pwggrid-0108.dat
  Opened pwggrid-0109.dat
  Opened pwggrid-0110.dat
  Opened pwggrid-0111.dat
  Opened pwggrid-0112.dat
  Opened pwggrid-0113.dat
  Opened pwggrid-0114.dat
  Opened pwggrid-0115.dat
  Opened pwggrid-0116.dat
  Opened pwggrid-0117.dat
  Opened pwggrid-0118.dat
  Opened pwggrid-0119.dat
  Opened pwggrid-0120.dat
  Opened pwggrid-0121.dat
  Opened pwggrid-0122.dat
  Opened pwggrid-0123.dat
  Opened pwggrid-0124.dat
  Opened pwggrid-0125.dat
  Opened pwggrid-0126.dat
  Opened pwggrid-0127.dat
  Opened pwggrid-0128.dat
  Opened pwggrid-0129.dat
  Opened pwggrid-0130.dat
  Opened pwggrid-0131.dat
  Opened pwggrid-0132.dat
  Opened pwggrid-0133.dat
  Opened pwggrid-0134.dat
  Opened pwggrid-0135.dat
  Opened pwggrid-0136.dat
  Opened pwggrid-0137.dat
  Opened pwggrid-0138.dat
  Opened pwggrid-0139.dat
  Opened pwggrid-0140.dat
  Opened pwggrid-0141.dat
  Opened pwggrid-0142.dat
  Opened pwggrid-0143.dat
  Opened pwggrid-0144.dat
  Opened pwggrid-0145.dat
  Opened pwggrid-0146.dat
  Opened pwggrid-0147.dat
  Opened pwggrid-0148.dat
  Opened pwggrid-0149.dat
  Opened pwggrid-0150.dat
  Opened pwggrid-0151.dat
  Opened pwggrid-0152.dat
  Opened pwggrid-0153.dat
  Opened pwggrid-0154.dat
  Opened pwggrid-0155.dat
  Opened pwggrid-0156.dat
  Opened pwggrid-0157.dat
  Opened pwggrid-0158.dat
  Opened pwggrid-0159.dat
  Opened pwggrid-0160.dat
  Opened pwggrid-0161.dat
  Opened pwggrid-0162.dat
  Opened pwggrid-0163.dat
  Opened pwggrid-0164.dat
  Opened pwggrid-0165.dat
  Opened pwggrid-0166.dat
  Opened pwggrid-0167.dat
  Opened pwggrid-0168.dat
  Opened pwggrid-0169.dat
  Opened pwggrid-0170.dat
  Opened pwggrid-0171.dat
  Opened pwggrid-0172.dat
  Opened pwggrid-0173.dat
  Opened pwggrid-0174.dat
  Opened pwggrid-0175.dat
  Opened pwggrid-0176.dat
  Opened pwggrid-0177.dat
  Opened pwggrid-0178.dat
  Opened pwggrid-0179.dat
  Opened pwggrid-0180.dat
  Opened pwggrid-0181.dat
  Opened pwggrid-0182.dat
  Opened pwggrid-0183.dat
  Opened pwggrid-0184.dat
  Opened pwggrid-0185.dat
  Opened pwggrid-0186.dat
  Opened pwggrid-0187.dat
  Opened pwggrid-0188.dat
  Opened pwggrid-0189.dat
  Opened pwggrid-0190.dat
  Opened pwggrid-0191.dat
  Opened pwggrid-0192.dat
  Opened pwggrid-0193.dat
  Opened pwggrid-0194.dat
  Opened pwggrid-0195.dat
  Opened pwggrid-0196.dat
  Opened pwggrid-0197.dat
  Opened pwggrid-0198.dat
  Opened pwggrid-0199.dat
 upper bound grids successfully loaded
 btilde pos.   weights:   1968.7394098059640       +-  0.37833806808711645     
 btilde |neg.| weights:   183.80624271363686       +-  0.31655858663309605     
 btilde total (pos.-|neg.|):   1784.9331670923284       +-  0.49632212217611243     
  powheginput keyword nubound              set to    200000.00000000000     
  powheginput keyword iymax                absent; set to   -1000000.0000000000     
  powheginput keyword icsimax              absent; set to   -1000000.0000000000     
  powheginput keyword xupbound             absent; set to   -1000000.0000000000     
  powheginput keyword use-old-ubound       set to    1.0000000000000000     

  POWHEG: computing normalization of upper bounding function for radiation

 Initializing grids for the generation of the underlying
 Born configurations according to the Born cross section
  powheginput keyword ncall1               set to    200000.00000000000     
  powheginput keyword itmx1                set to    1.0000000000000000     
  powheginput keyword btildeborn           absent; set to   -1000000.0000000000     
  powheginput keyword btildevirt           absent; set to   -1000000.0000000000     
  powheginput keyword btildecoll           absent; set to   -1000000.0000000000     
  powheginput keyword btildereal           absent; set to   -1000000.0000000000     
   1337.9825881321874        5.7698782563162165     
  powheginput keyword ncall2               set to    200000.00000000000     
  powheginput keyword itmx2                set to    1.0000000000000000     
   1331.5281658911774        2.4734632120538902     
 RM48 INITIALIZED:         1     4800069         0
 RM48IN SKIPPING OVER         4800069
 Writing realequivregions-rad file...
 Done
  Normalization of upper bounding function for radiation computed and stored
 POWHEG: efficiency in the generation of the Born variables =  0.23364649752217889     
  powheginput keyword skipextratests       absent; set to   -1000000.0000000000     
  powheginput keyword btlscalereal         absent; set to   -1000000.0000000000     
 gen: non positive function  -1.9692355753745183     
 gen: non positive function  -1.1070571434091878     
 gen: non positive function  -6.2716187128763405E-004
 gen: non positive function  -8.3211275424659586E-003
 gen: non positive function  -1.6031630901031123E-002
 RM48 INITIALIZED:         1    16727922         0
 RM48IN SKIPPING OVER        16727922
 POWHEG: efficiency in the generation of the remnant variables =   1.8018018018018018E-002
  powheginput keyword clobberlhe           absent; set to   -1000000.0000000000     
  powheginput keyword lhrwgt_group_name    set to ""
  powheginput keyword lhrwgt_group_combine set to ""
  powheginput keyword lhrwgt_id            set to ""
  powheginput keyword lhrwgt_descr         set to ""

  POWHEG: generating events
  powheginput keyword fullrwgt             absent; set to   -1000000.0000000000     
  powheginput keyword rwl_file             set to "pwg-rwl.dat"
  powheginput keyword max_io_bufsize       absent; set to   -1000000.0000000000     
Weight    1
   id=1001,
   group=1,
   key value pairs:
      lhapdf=0.30600D+06
      renscfact=0.10000D+01
      facscfact=0.10000D+01
Weight    2
   id=1002,
   group=1,
   key value pairs:
      lhapdf=0.30600D+06
      renscfact=0.10000D+01
      facscfact=0.20000D+01
Weight    3
   id=1003,
   group=1,
   key value pairs:
      lhapdf=0.30600D+06
      renscfact=0.10000D+01
      facscfact=0.50000D+00
Weight    4
   id=1004,
   group=1,
   key value pairs:
      lhapdf=0.30600D+06
      renscfact=0.20000D+01
      facscfact=0.10000D+01
Weight    5
   id=1005,
   group=1,
   key value pairs:
      lhapdf=0.30600D+06
      renscfact=0.20000D+01
      facscfact=0.20000D+01
Weight    6
   id=1006,
   group=1,
   key value pairs:
      lhapdf=0.30600D+06
      renscfact=0.20000D+01
      facscfact=0.50000D+00
Weight    7
   id=1007,
   group=1,
   key value pairs:
      lhapdf=0.30600D+06
      renscfact=0.50000D+00
      facscfact=0.10000D+01
Weight    8
   id=1008,
   group=1,
   key value pairs:
      lhapdf=0.30600D+06
      renscfact=0.50000D+00
      facscfact=0.20000D+01
Weight    9
   id=1009,
   group=1,
   key value pairs:
      lhapdf=0.30600D+06
      renscfact=0.50000D+00
      facscfact=0.50000D+00
Weight   10
   id=1010,
   group=2,
   key value pairs:
      lhapdf=0.30320D+06
      renscfact=0.10000D+01
      facscfact=0.10000D+01
Weight   11
   id=1011,
   group=2,
   key value pairs:
      lhapdf=0.30320D+06
      renscfact=0.10000D+01
      facscfact=0.20000D+01
Weight   12
   id=1012,
   group=2,
   key value pairs:
      lhapdf=0.30320D+06
      renscfact=0.10000D+01
      facscfact=0.50000D+00
Weight   13
   id=1013,
   group=2,
   key value pairs:
      lhapdf=0.30320D+06
      renscfact=0.20000D+01
      facscfact=0.10000D+01
Weight   14
   id=1014,
   group=2,
   key value pairs:
      lhapdf=0.30320D+06
      renscfact=0.20000D+01
      facscfact=0.20000D+01
Weight   15
   id=1015,
   group=2,
   key value pairs:
      lhapdf=0.30320D+06
      renscfact=0.20000D+01
      facscfact=0.50000D+00
Weight   16
   id=1016,
   group=2,
   key value pairs:
      lhapdf=0.30320D+06
      renscfact=0.50000D+00
      facscfact=0.10000D+01
Weight   17
   id=1017,
   group=2,
   key value pairs:
      lhapdf=0.30320D+06
      renscfact=0.50000D+00
      facscfact=0.20000D+01
Weight   18
   id=1018,
   group=2,
   key value pairs:
      lhapdf=0.30320D+06
      renscfact=0.50000D+00
      facscfact=0.50000D+00
Weight   19
   id=2000,
   group=3,
   key value pairs:
      lhapdf=0.30600D+06
Weight   20
   id=2001,
   group=3,
   key value pairs:
      lhapdf=0.30600D+06
Weight   21
   id=2002,
   group=3,
   key value pairs:
      lhapdf=0.30600D+06
Weight   22
   id=2003,
   group=3,
   key value pairs:
      lhapdf=0.30600D+06
Weight   23
   id=2004,
   group=3,
   key value pairs:
      lhapdf=0.30600D+06
Weight   24
   id=2005,
   group=3,
   key value pairs:
      lhapdf=0.30600D+06
Weight   25
   id=2006,
   group=3,
   key value pairs:
      lhapdf=0.30601D+06
Weight   26
   id=2007,
   group=3,
   key value pairs:
      lhapdf=0.30601D+06
Weight   27
   id=2008,
   group=3,
   key value pairs:
      lhapdf=0.30601D+06
Weight   28
   id=2009,
   group=3,
   key value pairs:
      lhapdf=0.30601D+06
Weight   29
   id=2010,
   group=3,
   key value pairs:
      lhapdf=0.30601D+06
Weight   30
   id=2011,
   group=3,
   key value pairs:
      lhapdf=0.30601D+06
Weight   31
   id=2012,
   group=3,
   key value pairs:
      lhapdf=0.30601D+06
Weight   32
   id=2013,
   group=3,
   key value pairs:
      lhapdf=0.30601D+06
Weight   33
   id=2014,
   group=3,
   key value pairs:
      lhapdf=0.30601D+06
Weight   34
   id=2015,
   group=3,
   key value pairs:
      lhapdf=0.30602D+06
Weight   35
   id=2016,
   group=3,
   key value pairs:
      lhapdf=0.30602D+06
Weight   36
   id=2017,
   group=3,
   key value pairs:
      lhapdf=0.30602D+06
Weight   37
   id=2018,
   group=3,
   key value pairs:
      lhapdf=0.30602D+06
Weight   38
   id=2019,
   group=3,
   key value pairs:
      lhapdf=0.30602D+06
Weight   39
   id=2020,
   group=3,
   key value pairs:
      lhapdf=0.30602D+06
Weight   40
   id=2021,
   group=3,
   key value pairs:
      lhapdf=0.30602D+06
Weight   41
   id=2022,
   group=3,
   key value pairs:
      lhapdf=0.30602D+06
Weight   42
   id=2023,
   group=3,
   key value pairs:
      lhapdf=0.30602D+06
Weight   43
   id=2024,
   group=3,
   key value pairs:
      lhapdf=0.30602D+06
Weight   44
   id=2025,
   group=3,
   key value pairs:
      lhapdf=0.30602D+06
Weight   45
   id=2026,
   group=3,
   key value pairs:
      lhapdf=0.30603D+06
Weight   46
   id=2027,
   group=3,
   key value pairs:
      lhapdf=0.30603D+06
Weight   47
   id=2028,
   group=3,
   key value pairs:
      lhapdf=0.30603D+06
Weight   48
   id=2029,
   group=3,
   key value pairs:
      lhapdf=0.30603D+06
Weight   49
   id=2030,
   group=3,
   key value pairs:
      lhapdf=0.30603D+06
Weight   50
   id=2031,
   group=3,
   key value pairs:
      lhapdf=0.30603D+06
Weight   51
   id=2032,
   group=3,
   key value pairs:
      lhapdf=0.30603D+06
Weight   52
   id=2033,
   group=3,
   key value pairs:
      lhapdf=0.30603D+06
Weight   53
   id=2034,
   group=3,
   key value pairs:
      lhapdf=0.30603D+06
Weight   54
   id=2035,
   group=3,
   key value pairs:
      lhapdf=0.30604D+06
Weight   55
   id=2036,
   group=3,
   key value pairs:
      lhapdf=0.30604D+06
Weight   56
   id=2037,
   group=3,
   key value pairs:
      lhapdf=0.30604D+06
Weight   57
   id=2038,
   group=3,
   key value pairs:
      lhapdf=0.30604D+06
Weight   58
   id=2039,
   group=3,
   key value pairs:
      lhapdf=0.30604D+06
Weight   59
   id=2040,
   group=3,
   key value pairs:
      lhapdf=0.30604D+06
Weight   60
   id=2041,
   group=3,
   key value pairs:
      lhapdf=0.30604D+06
Weight   61
   id=2042,
   group=3,
   key value pairs:
      lhapdf=0.30604D+06
Weight   62
   id=2043,
   group=3,
   key value pairs:
      lhapdf=0.30604D+06
Weight   63
   id=2044,
   group=3,
   key value pairs:
      lhapdf=0.30604D+06
Weight   64
   id=2045,
   group=3,
   key value pairs:
      lhapdf=0.30604D+06
Weight   65
   id=2046,
   group=3,
   key value pairs:
      lhapdf=0.30605D+06
Weight   66
   id=2047,
   group=3,
   key value pairs:
      lhapdf=0.30605D+06
Weight   67
   id=2048,
   group=3,
   key value pairs:
      lhapdf=0.30605D+06
Weight   68
   id=2049,
   group=3,
   key value pairs:
      lhapdf=0.30605D+06
Weight   69
   id=2050,
   group=3,
   key value pairs:
      lhapdf=0.30605D+06
Weight   70
   id=2051,
   group=3,
   key value pairs:
      lhapdf=0.30605D+06
Weight   71
   id=2052,
   group=3,
   key value pairs:
      lhapdf=0.30605D+06
Weight   72
   id=2053,
   group=3,
   key value pairs:
      lhapdf=0.30605D+06
Weight   73
   id=2054,
   group=3,
   key value pairs:
      lhapdf=0.30605D+06
Weight   74
   id=2055,
   group=3,
   key value pairs:
      lhapdf=0.30606D+06
Weight   75
   id=2056,
   group=3,
   key value pairs:
      lhapdf=0.30606D+06
Weight   76
   id=2057,
   group=3,
   key value pairs:
      lhapdf=0.30606D+06
Weight   77
   id=2058,
   group=3,
   key value pairs:
      lhapdf=0.30606D+06
Weight   78
   id=2059,
   group=3,
   key value pairs:
      lhapdf=0.30606D+06
Weight   79
   id=2060,
   group=3,
   key value pairs:
      lhapdf=0.30606D+06
Weight   80
   id=2061,
   group=3,
   key value pairs:
      lhapdf=0.30606D+06
Weight   81
   id=2062,
   group=3,
   key value pairs:
      lhapdf=0.30606D+06
Weight   82
   id=2063,
   group=3,
   key value pairs:
      lhapdf=0.30606D+06
Weight   83
   id=2064,
   group=3,
   key value pairs:
      lhapdf=0.30606D+06
Weight   84
   id=2065,
   group=3,
   key value pairs:
      lhapdf=0.30606D+06
Weight   85
   id=2066,
   group=3,
   key value pairs:
      lhapdf=0.30607D+06
Weight   86
   id=2067,
   group=3,
   key value pairs:
      lhapdf=0.30607D+06
Weight   87
   id=2068,
   group=3,
   key value pairs:
      lhapdf=0.30607D+06
Weight   88
   id=2069,
   group=3,
   key value pairs:
      lhapdf=0.30607D+06
Weight   89
   id=2070,
   group=3,
   key value pairs:
      lhapdf=0.30607D+06
Weight   90
   id=2071,
   group=3,
   key value pairs:
      lhapdf=0.30607D+06
Weight   91
   id=2072,
   group=3,
   key value pairs:
      lhapdf=0.30607D+06
Weight   92
   id=2073,
   group=3,
   key value pairs:
      lhapdf=0.30607D+06
Weight   93
   id=2074,
   group=3,
   key value pairs:
      lhapdf=0.30607D+06
Weight   94
   id=2075,
   group=3,
   key value pairs:
      lhapdf=0.30608D+06
Weight   95
   id=2076,
   group=3,
   key value pairs:
      lhapdf=0.30608D+06
Weight   96
   id=2077,
   group=3,
   key value pairs:
      lhapdf=0.30608D+06
Weight   97
   id=2078,
   group=3,
   key value pairs:
      lhapdf=0.30608D+06
Weight   98
   id=2079,
   group=3,
   key value pairs:
      lhapdf=0.30608D+06
Weight   99
   id=2080,
   group=3,
   key value pairs:
      lhapdf=0.30608D+06
Weight  100
   id=2081,
   group=3,
   key value pairs:
      lhapdf=0.30608D+06
Weight  101
   id=2082,
   group=3,
   key value pairs:
      lhapdf=0.30608D+06
Weight  102
   id=2083,
   group=3,
   key value pairs:
      lhapdf=0.30608D+06
Weight  103
   id=2084,
   group=3,
   key value pairs:
      lhapdf=0.30608D+06
Weight  104
   id=2085,
   group=3,
   key value pairs:
      lhapdf=0.30608D+06
Weight  105
   id=2086,
   group=3,
   key value pairs:
      lhapdf=0.30609D+06
Weight  106
   id=2087,
   group=3,
   key value pairs:
      lhapdf=0.30609D+06
Weight  107
   id=2088,
   group=3,
   key value pairs:
      lhapdf=0.30609D+06
Weight  108
   id=2089,
   group=3,
   key value pairs:
      lhapdf=0.30609D+06
Weight  109
   id=2090,
   group=3,
   key value pairs:
      lhapdf=0.30609D+06
Weight  110
   id=2091,
   group=3,
   key value pairs:
      lhapdf=0.30609D+06
Weight  111
   id=2092,
   group=3,
   key value pairs:
      lhapdf=0.30609D+06
Weight  112
   id=2093,
   group=3,
   key value pairs:
      lhapdf=0.30609D+06
Weight  113
   id=2094,
   group=3,
   key value pairs:
      lhapdf=0.30609D+06
Weight  114
   id=2095,
   group=3,
   key value pairs:
      lhapdf=0.30610D+06
Weight  115
   id=2096,
   group=3,
   key value pairs:
      lhapdf=0.30610D+06
Weight  116
   id=2097,
   group=3,
   key value pairs:
      lhapdf=0.30610D+06
Weight  117
   id=2098,
   group=3,
   key value pairs:
      lhapdf=0.30610D+06
Weight  118
   id=2099,
   group=3,
   key value pairs:
      lhapdf=0.30610D+06
Weight  119
   id=2100,
   group=3,
   key value pairs:
      lhapdf=0.30610D+06
Weight  120
   id=2101,
   group=3,
   key value pairs:
      lhapdf=0.30610D+06
Weight  121
   id=2102,
   group=3,
   key value pairs:
      lhapdf=0.30610D+06
Weight  122
   id=2108,
   group=3,
   key value pairs:
      lhapdf=0.32330D+06
Weight  123
   id=2109,
   group=3,
   key value pairs:
      lhapdf=0.32350D+06
Weight  124
   id=2200,
   group=3,
   key value pairs:
      lhapdf=0.33160D+06
Weight  125
   id=2201,
   group=3,
   key value pairs:
      lhapdf=0.33160D+06
Weight  126
   id=2202,
   group=3,
   key value pairs:
      lhapdf=0.33160D+06
Weight  127
   id=2203,
   group=3,
   key value pairs:
      lhapdf=0.33160D+06
Weight  128
   id=2204,
   group=3,
   key value pairs:
      lhapdf=0.33160D+06
Weight  129
   id=2205,
   group=3,
   key value pairs:
      lhapdf=0.33160D+06
Weight  130
   id=2206,
   group=3,
   key value pairs:
      lhapdf=0.33161D+06
Weight  131
   id=2207,
   group=3,
   key value pairs:
      lhapdf=0.33161D+06
Weight  132
   id=2208,
   group=3,
   key value pairs:
      lhapdf=0.33161D+06
Weight  133
   id=2209,
   group=3,
   key value pairs:
      lhapdf=0.33161D+06
Weight  134
   id=2210,
   group=3,
   key value pairs:
      lhapdf=0.33161D+06
Weight  135
   id=2211,
   group=3,
   key value pairs:
      lhapdf=0.33161D+06
Weight  136
   id=2212,
   group=3,
   key value pairs:
      lhapdf=0.33161D+06
Weight  137
   id=2213,
   group=3,
   key value pairs:
      lhapdf=0.33161D+06
Weight  138
   id=2214,
   group=3,
   key value pairs:
      lhapdf=0.33161D+06
Weight  139
   id=2215,
   group=3,
   key value pairs:
      lhapdf=0.33162D+06
Weight  140
   id=2216,
   group=3,
   key value pairs:
      lhapdf=0.33162D+06
Weight  141
   id=2217,
   group=3,
   key value pairs:
      lhapdf=0.33162D+06
Weight  142
   id=2218,
   group=3,
   key value pairs:
      lhapdf=0.33162D+06
Weight  143
   id=2219,
   group=3,
   key value pairs:
      lhapdf=0.33162D+06
Weight  144
   id=2220,
   group=3,
   key value pairs:
      lhapdf=0.33162D+06
Weight  145
   id=2221,
   group=3,
   key value pairs:
      lhapdf=0.33162D+06
Weight  146
   id=2222,
   group=3,
   key value pairs:
      lhapdf=0.33162D+06
Weight  147
   id=2223,
   group=3,
   key value pairs:
      lhapdf=0.33162D+06
Weight  148
   id=2224,
   group=3,
   key value pairs:
      lhapdf=0.33162D+06
Weight  149
   id=2225,
   group=3,
   key value pairs:
      lhapdf=0.33162D+06
Weight  150
   id=2226,
   group=3,
   key value pairs:
      lhapdf=0.33163D+06
Weight  151
   id=2227,
   group=3,
   key value pairs:
      lhapdf=0.33163D+06
Weight  152
   id=2228,
   group=3,
   key value pairs:
      lhapdf=0.33163D+06
Weight  153
   id=2229,
   group=3,
   key value pairs:
      lhapdf=0.33163D+06
Weight  154
   id=2230,
   group=3,
   key value pairs:
      lhapdf=0.33163D+06
Weight  155
   id=2231,
   group=3,
   key value pairs:
      lhapdf=0.33163D+06
Weight  156
   id=2232,
   group=3,
   key value pairs:
      lhapdf=0.33163D+06
Weight  157
   id=2233,
   group=3,
   key value pairs:
      lhapdf=0.33163D+06
Weight  158
   id=2234,
   group=3,
   key value pairs:
      lhapdf=0.33163D+06
Weight  159
   id=2235,
   group=3,
   key value pairs:
      lhapdf=0.33164D+06
Weight  160
   id=2236,
   group=3,
   key value pairs:
      lhapdf=0.33164D+06
Weight  161
   id=2237,
   group=3,
   key value pairs:
      lhapdf=0.33164D+06
Weight  162
   id=2238,
   group=3,
   key value pairs:
      lhapdf=0.33164D+06
Weight  163
   id=2239,
   group=3,
   key value pairs:
      lhapdf=0.33164D+06
Weight  164
   id=2240,
   group=3,
   key value pairs:
      lhapdf=0.33164D+06
Weight  165
   id=2241,
   group=3,
   key value pairs:
      lhapdf=0.33164D+06
Weight  166
   id=2242,
   group=3,
   key value pairs:
      lhapdf=0.33164D+06
Weight  167
   id=2243,
   group=3,
   key value pairs:
      lhapdf=0.33164D+06
Weight  168
   id=2244,
   group=3,
   key value pairs:
      lhapdf=0.33164D+06
Weight  169
   id=2245,
   group=3,
   key value pairs:
      lhapdf=0.33164D+06
Weight  170
   id=2246,
   group=3,
   key value pairs:
      lhapdf=0.33165D+06
Weight  171
   id=2247,
   group=3,
   key value pairs:
      lhapdf=0.33165D+06
Weight  172
   id=2248,
   group=3,
   key value pairs:
      lhapdf=0.33165D+06
Weight  173
   id=2249,
   group=3,
   key value pairs:
      lhapdf=0.33165D+06
Weight  174
   id=2250,
   group=3,
   key value pairs:
      lhapdf=0.33165D+06
Weight  175
   id=2251,
   group=3,
   key value pairs:
      lhapdf=0.33165D+06
Weight  176
   id=2252,
   group=3,
   key value pairs:
      lhapdf=0.33165D+06
Weight  177
   id=2260,
   group=3,
   key value pairs:
      lhapdf=0.33270D+06
Weight  178
   id=2270,
   group=3,
   key value pairs:
      lhapdf=0.33370D+06
Weight  179
   id=2300,
   group=3,
   key value pairs:
      lhapdf=0.33210D+06
Weight  180
   id=2400,
   group=3,
   key value pairs:
      lhapdf=0.32590D+06
Weight  181
   id=2401,
   group=3,
   key value pairs:
      lhapdf=0.32590D+06
Weight  182
   id=2402,
   group=3,
   key value pairs:
      lhapdf=0.32590D+06
Weight  183
   id=2403,
   group=3,
   key value pairs:
      lhapdf=0.32590D+06
Weight  184
   id=2404,
   group=3,
   key value pairs:
      lhapdf=0.32590D+06
Weight  185
   id=2405,
   group=3,
   key value pairs:
      lhapdf=0.32590D+06
Weight  186
   id=2406,
   group=3,
   key value pairs:
      lhapdf=0.32591D+06
Weight  187
   id=2407,
   group=3,
   key value pairs:
      lhapdf=0.32591D+06
Weight  188
   id=2408,
   group=3,
   key value pairs:
      lhapdf=0.32591D+06
Weight  189
   id=2409,
   group=3,
   key value pairs:
      lhapdf=0.32591D+06
Weight  190
   id=2410,
   group=3,
   key value pairs:
      lhapdf=0.32591D+06
Weight  191
   id=2411,
   group=3,
   key value pairs:
      lhapdf=0.32591D+06
Weight  192
   id=2412,
   group=3,
   key value pairs:
      lhapdf=0.32591D+06
Weight  193
   id=2413,
   group=3,
   key value pairs:
      lhapdf=0.32591D+06
Weight  194
   id=2414,
   group=3,
   key value pairs:
      lhapdf=0.32591D+06
Weight  195
   id=2415,
   group=3,
   key value pairs:
      lhapdf=0.32592D+06
Weight  196
   id=2416,
   group=3,
   key value pairs:
      lhapdf=0.32592D+06
Weight  197
   id=2417,
   group=3,
   key value pairs:
      lhapdf=0.32592D+06
Weight  198
   id=2418,
   group=3,
   key value pairs:
      lhapdf=0.32592D+06
Weight  199
   id=2419,
   group=3,
   key value pairs:
      lhapdf=0.32592D+06
Weight  200
   id=2420,
   group=3,
   key value pairs:
      lhapdf=0.32592D+06
Weight  201
   id=2421,
   group=3,
   key value pairs:
      lhapdf=0.32592D+06
Weight  202
   id=2422,
   group=3,
   key value pairs:
      lhapdf=0.32592D+06
Weight  203
   id=2423,
   group=3,
   key value pairs:
      lhapdf=0.32592D+06
Weight  204
   id=2424,
   group=3,
   key value pairs:
      lhapdf=0.32592D+06
Weight  205
   id=2425,
   group=3,
   key value pairs:
      lhapdf=0.32592D+06
Weight  206
   id=2426,
   group=3,
   key value pairs:
      lhapdf=0.32593D+06
Weight  207
   id=2427,
   group=3,
   key value pairs:
      lhapdf=0.32593D+06
Weight  208
   id=2428,
   group=3,
   key value pairs:
      lhapdf=0.32593D+06
Weight  209
   id=2429,
   group=3,
   key value pairs:
      lhapdf=0.32593D+06
Weight  210
   id=2430,
   group=3,
   key value pairs:
      lhapdf=0.32593D+06
Weight  211
   id=2431,
   group=3,
   key value pairs:
      lhapdf=0.32593D+06
Weight  212
   id=2432,
   group=3,
   key value pairs:
      lhapdf=0.32593D+06
Weight  213
   id=2433,
   group=3,
   key value pairs:
      lhapdf=0.32593D+06
Weight  214
   id=2434,
   group=3,
   key value pairs:
      lhapdf=0.32593D+06
Weight  215
   id=2435,
   group=3,
   key value pairs:
      lhapdf=0.32594D+06
Weight  216
   id=2436,
   group=3,
   key value pairs:
      lhapdf=0.32594D+06
Weight  217
   id=2437,
   group=3,
   key value pairs:
      lhapdf=0.32594D+06
Weight  218
   id=2438,
   group=3,
   key value pairs:
      lhapdf=0.32594D+06
Weight  219
   id=2439,
   group=3,
   key value pairs:
      lhapdf=0.32594D+06
Weight  220
   id=2440,
   group=3,
   key value pairs:
      lhapdf=0.32594D+06
Weight  221
   id=2441,
   group=3,
   key value pairs:
      lhapdf=0.32594D+06
Weight  222
   id=2442,
   group=3,
   key value pairs:
      lhapdf=0.32594D+06
Weight  223
   id=2443,
   group=3,
   key value pairs:
      lhapdf=0.32594D+06
Weight  224
   id=2444,
   group=3,
   key value pairs:
      lhapdf=0.32594D+06
Weight  225
   id=2445,
   group=3,
   key value pairs:
      lhapdf=0.32594D+06
Weight  226
   id=2446,
   group=3,
   key value pairs:
      lhapdf=0.32595D+06
Weight  227
   id=2447,
   group=3,
   key value pairs:
      lhapdf=0.32595D+06
Weight  228
   id=2448,
   group=3,
   key value pairs:
      lhapdf=0.32595D+06
Weight  229
   id=2449,
   group=3,
   key value pairs:
      lhapdf=0.32595D+06
Weight  230
   id=2450,
   group=3,
   key value pairs:
      lhapdf=0.32595D+06
Weight  231
   id=2451,
   group=3,
   key value pairs:
      lhapdf=0.32595D+06
Weight  232
   id=2452,
   group=3,
   key value pairs:
      lhapdf=0.32595D+06
Weight  233
   id=2453,
   group=3,
   key value pairs:
      lhapdf=0.32595D+06
Weight  234
   id=2454,
   group=3,
   key value pairs:
      lhapdf=0.32595D+06
Weight  235
   id=2455,
   group=3,
   key value pairs:
      lhapdf=0.32596D+06
Weight  236
   id=2456,
   group=3,
   key value pairs:
      lhapdf=0.32596D+06
Weight  237
   id=2457,
   group=3,
   key value pairs:
      lhapdf=0.32596D+06
Weight  238
   id=2458,
   group=3,
   key value pairs:
      lhapdf=0.32596D+06
Weight  239
   id=2459,
   group=3,
   key value pairs:
      lhapdf=0.32596D+06
Weight  240
   id=2460,
   group=3,
   key value pairs:
      lhapdf=0.32596D+06
Weight  241
   id=2461,
   group=3,
   key value pairs:
      lhapdf=0.32596D+06
Weight  242
   id=2462,
   group=3,
   key value pairs:
      lhapdf=0.32596D+06
Weight  243
   id=2463,
   group=3,
   key value pairs:
      lhapdf=0.32596D+06
Weight  244
   id=2464,
   group=3,
   key value pairs:
      lhapdf=0.32596D+06
Weight  245
   id=2465,
   group=3,
   key value pairs:
      lhapdf=0.32596D+06
Weight  246
   id=2466,
   group=3,
   key value pairs:
      lhapdf=0.32597D+06
Weight  247
   id=2467,
   group=3,
   key value pairs:
      lhapdf=0.32597D+06
Weight  248
   id=2468,
   group=3,
   key value pairs:
      lhapdf=0.32597D+06
Weight  249
   id=2469,
   group=3,
   key value pairs:
      lhapdf=0.32597D+06
Weight  250
   id=2470,
   group=3,
   key value pairs:
      lhapdf=0.32597D+06
Weight  251
   id=2471,
   group=3,
   key value pairs:
      lhapdf=0.32597D+06
Weight  252
   id=2472,
   group=3,
   key value pairs:
      lhapdf=0.32597D+06
Weight  253
   id=2473,
   group=3,
   key value pairs:
      lhapdf=0.32597D+06
Weight  254
   id=2474,
   group=3,
   key value pairs:
      lhapdf=0.32597D+06
Weight  255
   id=2475,
   group=3,
   key value pairs:
      lhapdf=0.32598D+06
Weight  256
   id=2476,
   group=3,
   key value pairs:
      lhapdf=0.32598D+06
Weight  257
   id=2477,
   group=3,
   key value pairs:
      lhapdf=0.32598D+06
Weight  258
   id=2478,
   group=3,
   key value pairs:
      lhapdf=0.32598D+06
Weight  259
   id=2479,
   group=3,
   key value pairs:
      lhapdf=0.32598D+06
Weight  260
   id=2480,
   group=3,
   key value pairs:
      lhapdf=0.32598D+06
Weight  261
   id=2481,
   group=3,
   key value pairs:
      lhapdf=0.32598D+06
Weight  262
   id=2482,
   group=3,
   key value pairs:
      lhapdf=0.32598D+06
Weight  263
   id=2483,
   group=3,
   key value pairs:
      lhapdf=0.32598D+06
Weight  264
   id=2484,
   group=3,
   key value pairs:
      lhapdf=0.32598D+06
Weight  265
   id=2485,
   group=3,
   key value pairs:
      lhapdf=0.32598D+06
Weight  266
   id=2486,
   group=3,
   key value pairs:
      lhapdf=0.32599D+06
Weight  267
   id=2487,
   group=3,
   key value pairs:
      lhapdf=0.32599D+06
Weight  268
   id=2488,
   group=3,
   key value pairs:
      lhapdf=0.32599D+06
Weight  269
   id=2489,
   group=3,
   key value pairs:
      lhapdf=0.32599D+06
Weight  270
   id=2490,
   group=3,
   key value pairs:
      lhapdf=0.32599D+06
Weight  271
   id=2491,
   group=3,
   key value pairs:
      lhapdf=0.32599D+06
Weight  272
   id=2492,
   group=3,
   key value pairs:
      lhapdf=0.32599D+06
Weight  273
   id=2493,
   group=3,
   key value pairs:
      lhapdf=0.32599D+06
Weight  274
   id=2494,
   group=3,
   key value pairs:
      lhapdf=0.32599D+06
Weight  275
   id=2495,
   group=3,
   key value pairs:
      lhapdf=0.32600D+06
Weight  276
   id=2496,
   group=3,
   key value pairs:
      lhapdf=0.32600D+06
Weight  277
   id=2497,
   group=3,
   key value pairs:
      lhapdf=0.32600D+06
Weight  278
   id=2498,
   group=3,
   key value pairs:
      lhapdf=0.32600D+06
Weight  279
   id=2499,
   group=3,
   key value pairs:
      lhapdf=0.32600D+06
Weight  280
   id=2500,
   group=3,
   key value pairs:
      lhapdf=0.32600D+06
Weight  281
   id=2600,
   group=3,
   key value pairs:
      lhapdf=0.32610D+06
Weight  282
   id=2601,
   group=3,
   key value pairs:
      lhapdf=0.32610D+06
Weight  283
   id=2602,
   group=3,
   key value pairs:
      lhapdf=0.32610D+06
Weight  284
   id=2603,
   group=3,
   key value pairs:
      lhapdf=0.32610D+06
Weight  285
   id=2604,
   group=3,
   key value pairs:
      lhapdf=0.32610D+06
Weight  286
   id=2605,
   group=3,
   key value pairs:
      lhapdf=0.32610D+06
Weight  287
   id=2606,
   group=3,
   key value pairs:
      lhapdf=0.32611D+06
Weight  288
   id=2607,
   group=3,
   key value pairs:
      lhapdf=0.32611D+06
Weight  289
   id=2608,
   group=3,
   key value pairs:
      lhapdf=0.32611D+06
Weight  290
   id=2609,
   group=3,
   key value pairs:
      lhapdf=0.32611D+06
Weight  291
   id=2610,
   group=3,
   key value pairs:
      lhapdf=0.32611D+06
Weight  292
   id=2611,
   group=3,
   key value pairs:
      lhapdf=0.32611D+06
Weight  293
   id=2612,
   group=3,
   key value pairs:
      lhapdf=0.32611D+06
Weight  294
   id=2613,
   group=3,
   key value pairs:
      lhapdf=0.32611D+06
Weight  295
   id=2614,
   group=3,
   key value pairs:
      lhapdf=0.32611D+06
Weight  296
   id=2615,
   group=3,
   key value pairs:
      lhapdf=0.32612D+06
Weight  297
   id=2616,
   group=3,
   key value pairs:
      lhapdf=0.32612D+06
Weight  298
   id=2617,
   group=3,
   key value pairs:
      lhapdf=0.32612D+06
Weight  299
   id=2618,
   group=3,
   key value pairs:
      lhapdf=0.32612D+06
Weight  300
   id=2619,
   group=3,
   key value pairs:
      lhapdf=0.32612D+06
Weight  301
   id=2620,
   group=3,
   key value pairs:
      lhapdf=0.32612D+06
Weight  302
   id=2621,
   group=3,
   key value pairs:
      lhapdf=0.32612D+06
Weight  303
   id=2622,
   group=3,
   key value pairs:
      lhapdf=0.32612D+06
Weight  304
   id=2623,
   group=3,
   key value pairs:
      lhapdf=0.32612D+06
Weight  305
   id=2624,
   group=3,
   key value pairs:
      lhapdf=0.32612D+06
Weight  306
   id=2625,
   group=3,
   key value pairs:
      lhapdf=0.32612D+06
Weight  307
   id=2626,
   group=3,
   key value pairs:
      lhapdf=0.32613D+06
Weight  308
   id=2627,
   group=3,
   key value pairs:
      lhapdf=0.32613D+06
Weight  309
   id=2628,
   group=3,
   key value pairs:
      lhapdf=0.32613D+06
Weight  310
   id=2629,
   group=3,
   key value pairs:
      lhapdf=0.32613D+06
Weight  311
   id=2630,
   group=3,
   key value pairs:
      lhapdf=0.32613D+06
Weight  312
   id=2631,
   group=3,
   key value pairs:
      lhapdf=0.32613D+06
Weight  313
   id=2632,
   group=3,
   key value pairs:
      lhapdf=0.32613D+06
Weight  314
   id=2633,
   group=3,
   key value pairs:
      lhapdf=0.32613D+06
Weight  315
   id=2634,
   group=3,
   key value pairs:
      lhapdf=0.32613D+06
Weight  316
   id=2635,
   group=3,
   key value pairs:
      lhapdf=0.32614D+06
Weight  317
   id=2636,
   group=3,
   key value pairs:
      lhapdf=0.32614D+06
Weight  318
   id=2637,
   group=3,
   key value pairs:
      lhapdf=0.32614D+06
Weight  319
   id=2638,
   group=3,
   key value pairs:
      lhapdf=0.32614D+06
Weight  320
   id=2639,
   group=3,
   key value pairs:
      lhapdf=0.32614D+06
Weight  321
   id=2640,
   group=3,
   key value pairs:
      lhapdf=0.32614D+06
Weight  322
   id=2641,
   group=3,
   key value pairs:
      lhapdf=0.32614D+06
Weight  323
   id=2642,
   group=3,
   key value pairs:
      lhapdf=0.32614D+06
Weight  324
   id=2643,
   group=3,
   key value pairs:
      lhapdf=0.32614D+06
Weight  325
   id=2644,
   group=3,
   key value pairs:
      lhapdf=0.32614D+06
Weight  326
   id=2645,
   group=3,
   key value pairs:
      lhapdf=0.32614D+06
Weight  327
   id=2646,
   group=3,
   key value pairs:
      lhapdf=0.32615D+06
Weight  328
   id=2647,
   group=3,
   key value pairs:
      lhapdf=0.32615D+06
Weight  329
   id=2648,
   group=3,
   key value pairs:
      lhapdf=0.32615D+06
Weight  330
   id=2649,
   group=3,
   key value pairs:
      lhapdf=0.32615D+06
Weight  331
   id=2650,
   group=3,
   key value pairs:
      lhapdf=0.32615D+06
Weight  332
   id=2651,
   group=3,
   key value pairs:
      lhapdf=0.32615D+06
Weight  333
   id=2652,
   group=3,
   key value pairs:
      lhapdf=0.32615D+06
Weight  334
   id=2653,
   group=3,
   key value pairs:
      lhapdf=0.32615D+06
Weight  335
   id=2654,
   group=3,
   key value pairs:
      lhapdf=0.32615D+06
Weight  336
   id=2655,
   group=3,
   key value pairs:
      lhapdf=0.32616D+06
Weight  337
   id=2656,
   group=3,
   key value pairs:
      lhapdf=0.32616D+06
Weight  338
   id=2657,
   group=3,
   key value pairs:
      lhapdf=0.32616D+06
Weight  339
   id=2658,
   group=3,
   key value pairs:
      lhapdf=0.32616D+06
Weight  340
   id=2659,
   group=3,
   key value pairs:
      lhapdf=0.32616D+06
Weight  341
   id=2660,
   group=3,
   key value pairs:
      lhapdf=0.32616D+06
Weight  342
   id=2661,
   group=3,
   key value pairs:
      lhapdf=0.32616D+06
Weight  343
   id=2662,
   group=3,
   key value pairs:
      lhapdf=0.32616D+06
Weight  344
   id=2663,
   group=3,
   key value pairs:
      lhapdf=0.32616D+06
Weight  345
   id=2664,
   group=3,
   key value pairs:
      lhapdf=0.32616D+06
Weight  346
   id=2665,
   group=3,
   key value pairs:
      lhapdf=0.32616D+06
Weight  347
   id=2666,
   group=3,
   key value pairs:
      lhapdf=0.32617D+06
Weight  348
   id=2667,
   group=3,
   key value pairs:
      lhapdf=0.32617D+06
Weight  349
   id=2668,
   group=3,
   key value pairs:
      lhapdf=0.32617D+06
Weight  350
   id=2669,
   group=3,
   key value pairs:
      lhapdf=0.32617D+06
Weight  351
   id=2670,
   group=3,
   key value pairs:
      lhapdf=0.32617D+06
Weight  352
   id=2671,
   group=3,
   key value pairs:
      lhapdf=0.32617D+06
Weight  353
   id=2672,
   group=3,
   key value pairs:
      lhapdf=0.32617D+06
Weight  354
   id=2673,
   group=3,
   key value pairs:
      lhapdf=0.32617D+06
Weight  355
   id=2674,
   group=3,
   key value pairs:
      lhapdf=0.32617D+06
Weight  356
   id=2675,
   group=3,
   key value pairs:
      lhapdf=0.32618D+06
Weight  357
   id=2676,
   group=3,
   key value pairs:
      lhapdf=0.32618D+06
Weight  358
   id=2677,
   group=3,
   key value pairs:
      lhapdf=0.32618D+06
Weight  359
   id=2678,
   group=3,
   key value pairs:
      lhapdf=0.32618D+06
Weight  360
   id=2679,
   group=3,
   key value pairs:
      lhapdf=0.32618D+06
Weight  361
   id=2680,
   group=3,
   key value pairs:
      lhapdf=0.32618D+06
Weight  362
   id=2681,
   group=3,
   key value pairs:
      lhapdf=0.32618D+06
Weight  363
   id=2682,
   group=3,
   key value pairs:
      lhapdf=0.32618D+06
Weight  364
   id=2683,
   group=3,
   key value pairs:
      lhapdf=0.32618D+06
Weight  365
   id=2684,
   group=3,
   key value pairs:
      lhapdf=0.32618D+06
Weight  366
   id=2685,
   group=3,
   key value pairs:
      lhapdf=0.32618D+06
Weight  367
   id=2686,
   group=3,
   key value pairs:
      lhapdf=0.32619D+06
Weight  368
   id=2687,
   group=3,
   key value pairs:
      lhapdf=0.32619D+06
Weight  369
   id=2688,
   group=3,
   key value pairs:
      lhapdf=0.32619D+06
Weight  370
   id=2689,
   group=3,
   key value pairs:
      lhapdf=0.32619D+06
Weight  371
   id=2690,
   group=3,
   key value pairs:
      lhapdf=0.32619D+06
Weight  372
   id=2691,
   group=3,
   key value pairs:
      lhapdf=0.32619D+06
Weight  373
   id=2692,
   group=3,
   key value pairs:
      lhapdf=0.32619D+06
Weight  374
   id=2693,
   group=3,
   key value pairs:
      lhapdf=0.32619D+06
Weight  375
   id=2694,
   group=3,
   key value pairs:
      lhapdf=0.32619D+06
Weight  376
   id=2695,
   group=3,
   key value pairs:
      lhapdf=0.32620D+06
Weight  377
   id=2696,
   group=3,
   key value pairs:
      lhapdf=0.32620D+06
Weight  378
   id=2697,
   group=3,
   key value pairs:
      lhapdf=0.32620D+06
Weight  379
   id=2698,
   group=3,
   key value pairs:
      lhapdf=0.32620D+06
Weight  380
   id=2699,
   group=3,
   key value pairs:
      lhapdf=0.32620D+06
Weight  381
   id=2700,
   group=3,
   key value pairs:
      lhapdf=0.32620D+06
Weight  382
   id=2800,
   group=3,
   key value pairs:
      lhapdf=0.32630D+06
Weight  383
   id=2801,
   group=3,
   key value pairs:
      lhapdf=0.32630D+06
Weight  384
   id=2802,
   group=3,
   key value pairs:
      lhapdf=0.32630D+06
Weight  385
   id=2803,
   group=3,
   key value pairs:
      lhapdf=0.32630D+06
Weight  386
   id=2804,
   group=3,
   key value pairs:
      lhapdf=0.32630D+06
Weight  387
   id=2805,
   group=3,
   key value pairs:
      lhapdf=0.32630D+06
Weight  388
   id=2806,
   group=3,
   key value pairs:
      lhapdf=0.32631D+06
Weight  389
   id=2807,
   group=3,
   key value pairs:
      lhapdf=0.32631D+06
Weight  390
   id=2808,
   group=3,
   key value pairs:
      lhapdf=0.32631D+06
Weight  391
   id=2809,
   group=3,
   key value pairs:
      lhapdf=0.32631D+06
Weight  392
   id=2810,
   group=3,
   key value pairs:
      lhapdf=0.32631D+06
Weight  393
   id=2811,
   group=3,
   key value pairs:
      lhapdf=0.32631D+06
Weight  394
   id=2812,
   group=3,
   key value pairs:
      lhapdf=0.32631D+06
Weight  395
   id=2813,
   group=3,
   key value pairs:
      lhapdf=0.32631D+06
Weight  396
   id=2814,
   group=3,
   key value pairs:
      lhapdf=0.32631D+06
Weight  397
   id=2815,
   group=3,
   key value pairs:
      lhapdf=0.32632D+06
Weight  398
   id=2816,
   group=3,
   key value pairs:
      lhapdf=0.32632D+06
Weight  399
   id=2817,
   group=3,
   key value pairs:
      lhapdf=0.32632D+06
Weight  400
   id=2818,
   group=3,
   key value pairs:
      lhapdf=0.32632D+06
Weight  401
   id=2819,
   group=3,
   key value pairs:
      lhapdf=0.32632D+06
Weight  402
   id=2820,
   group=3,
   key value pairs:
      lhapdf=0.32632D+06
Weight  403
   id=2821,
   group=3,
   key value pairs:
      lhapdf=0.32632D+06
Weight  404
   id=2822,
   group=3,
   key value pairs:
      lhapdf=0.32632D+06
Weight  405
   id=2823,
   group=3,
   key value pairs:
      lhapdf=0.32632D+06
Weight  406
   id=2824,
   group=3,
   key value pairs:
      lhapdf=0.32632D+06
Weight  407
   id=2825,
   group=3,
   key value pairs:
      lhapdf=0.32632D+06
Weight  408
   id=2826,
   group=3,
   key value pairs:
      lhapdf=0.32633D+06
Weight  409
   id=2827,
   group=3,
   key value pairs:
      lhapdf=0.32633D+06
Weight  410
   id=2828,
   group=3,
   key value pairs:
      lhapdf=0.32633D+06
Weight  411
   id=2829,
   group=3,
   key value pairs:
      lhapdf=0.32633D+06
Weight  412
   id=2830,
   group=3,
   key value pairs:
      lhapdf=0.32633D+06
Weight  413
   id=2831,
   group=3,
   key value pairs:
      lhapdf=0.32633D+06
Weight  414
   id=2832,
   group=3,
   key value pairs:
      lhapdf=0.32633D+06
Weight  415
   id=2833,
   group=3,
   key value pairs:
      lhapdf=0.32633D+06
Weight  416
   id=2834,
   group=3,
   key value pairs:
      lhapdf=0.32633D+06
Weight  417
   id=2835,
   group=3,
   key value pairs:
      lhapdf=0.32634D+06
Weight  418
   id=2836,
   group=3,
   key value pairs:
      lhapdf=0.32634D+06
Weight  419
   id=2837,
   group=3,
   key value pairs:
      lhapdf=0.32634D+06
Weight  420
   id=2838,
   group=3,
   key value pairs:
      lhapdf=0.32634D+06
Weight  421
   id=2839,
   group=3,
   key value pairs:
      lhapdf=0.32634D+06
Weight  422
   id=2840,
   group=3,
   key value pairs:
      lhapdf=0.32634D+06
Weight  423
   id=2841,
   group=3,
   key value pairs:
      lhapdf=0.32634D+06
Weight  424
   id=2842,
   group=3,
   key value pairs:
      lhapdf=0.32634D+06
Weight  425
   id=2843,
   group=3,
   key value pairs:
      lhapdf=0.32634D+06
Weight  426
   id=2844,
   group=3,
   key value pairs:
      lhapdf=0.32634D+06
Weight  427
   id=2845,
   group=3,
   key value pairs:
      lhapdf=0.32634D+06
Weight  428
   id=2846,
   group=3,
   key value pairs:
      lhapdf=0.32635D+06
Weight  429
   id=2847,
   group=3,
   key value pairs:
      lhapdf=0.32635D+06
Weight  430
   id=2848,
   group=3,
   key value pairs:
      lhapdf=0.32635D+06
Weight  431
   id=2849,
   group=3,
   key value pairs:
      lhapdf=0.32635D+06
Weight  432
   id=2850,
   group=3,
   key value pairs:
      lhapdf=0.32635D+06
Weight  433
   id=2851,
   group=3,
   key value pairs:
      lhapdf=0.32635D+06
Weight  434
   id=2852,
   group=3,
   key value pairs:
      lhapdf=0.32635D+06
Weight  435
   id=2853,
   group=3,
   key value pairs:
      lhapdf=0.32635D+06
Weight  436
   id=2854,
   group=3,
   key value pairs:
      lhapdf=0.32635D+06
Weight  437
   id=2855,
   group=3,
   key value pairs:
      lhapdf=0.32636D+06
Weight  438
   id=2856,
   group=3,
   key value pairs:
      lhapdf=0.32636D+06
Weight  439
   id=2857,
   group=3,
   key value pairs:
      lhapdf=0.32636D+06
Weight  440
   id=2858,
   group=3,
   key value pairs:
      lhapdf=0.32636D+06
Weight  441
   id=2859,
   group=3,
   key value pairs:
      lhapdf=0.32636D+06
Weight  442
   id=2860,
   group=3,
   key value pairs:
      lhapdf=0.32636D+06
Weight  443
   id=2861,
   group=3,
   key value pairs:
      lhapdf=0.32636D+06
Weight  444
   id=2862,
   group=3,
   key value pairs:
      lhapdf=0.32636D+06
Weight  445
   id=2863,
   group=3,
   key value pairs:
      lhapdf=0.32636D+06
Weight  446
   id=2864,
   group=3,
   key value pairs:
      lhapdf=0.32636D+06
Weight  447
   id=2865,
   group=3,
   key value pairs:
      lhapdf=0.32636D+06
Weight  448
   id=2866,
   group=3,
   key value pairs:
      lhapdf=0.32637D+06
Weight  449
   id=2867,
   group=3,
   key value pairs:
      lhapdf=0.32637D+06
Weight  450
   id=2868,
   group=3,
   key value pairs:
      lhapdf=0.32637D+06
Weight  451
   id=2869,
   group=3,
   key value pairs:
      lhapdf=0.32637D+06
Weight  452
   id=2870,
   group=3,
   key value pairs:
      lhapdf=0.32637D+06
Weight  453
   id=2871,
   group=3,
   key value pairs:
      lhapdf=0.32637D+06
Weight  454
   id=2872,
   group=3,
   key value pairs:
      lhapdf=0.32637D+06
Weight  455
   id=2873,
   group=3,
   key value pairs:
      lhapdf=0.32637D+06
Weight  456
   id=2874,
   group=3,
   key value pairs:
      lhapdf=0.32637D+06
Weight  457
   id=2875,
   group=3,
   key value pairs:
      lhapdf=0.32638D+06
Weight  458
   id=2876,
   group=3,
   key value pairs:
      lhapdf=0.32638D+06
Weight  459
   id=2877,
   group=3,
   key value pairs:
      lhapdf=0.32638D+06
Weight  460
   id=2878,
   group=3,
   key value pairs:
      lhapdf=0.32638D+06
Weight  461
   id=2879,
   group=3,
   key value pairs:
      lhapdf=0.32638D+06
Weight  462
   id=2880,
   group=3,
   key value pairs:
      lhapdf=0.32638D+06
Weight  463
   id=2881,
   group=3,
   key value pairs:
      lhapdf=0.32638D+06
Weight  464
   id=2882,
   group=3,
   key value pairs:
      lhapdf=0.32638D+06
Weight  465
   id=2883,
   group=3,
   key value pairs:
      lhapdf=0.32638D+06
Weight  466
   id=2884,
   group=3,
   key value pairs:
      lhapdf=0.32638D+06
Weight  467
   id=2885,
   group=3,
   key value pairs:
      lhapdf=0.32638D+06
Weight  468
   id=2886,
   group=3,
   key value pairs:
      lhapdf=0.32639D+06
Weight  469
   id=2887,
   group=3,
   key value pairs:
      lhapdf=0.32639D+06
Weight  470
   id=2888,
   group=3,
   key value pairs:
      lhapdf=0.32639D+06
Weight  471
   id=2889,
   group=3,
   key value pairs:
      lhapdf=0.32639D+06
Weight  472
   id=2890,
   group=3,
   key value pairs:
      lhapdf=0.32639D+06
Weight  473
   id=2891,
   group=3,
   key value pairs:
      lhapdf=0.32639D+06
Weight  474
   id=2892,
   group=3,
   key value pairs:
      lhapdf=0.32639D+06
Weight  475
   id=2893,
   group=3,
   key value pairs:
      lhapdf=0.32639D+06
Weight  476
   id=2894,
   group=3,
   key value pairs:
      lhapdf=0.32639D+06
Weight  477
   id=2895,
   group=3,
   key value pairs:
      lhapdf=0.32640D+06
Weight  478
   id=2896,
   group=3,
   key value pairs:
      lhapdf=0.32640D+06
Weight  479
   id=2897,
   group=3,
   key value pairs:
      lhapdf=0.32640D+06
Weight  480
   id=2898,
   group=3,
   key value pairs:
      lhapdf=0.32640D+06
Weight  481
   id=2899,
   group=3,
   key value pairs:
      lhapdf=0.32640D+06
Weight  482
   id=2900,
   group=3,
   key value pairs:
      lhapdf=0.32640D+06
Weight  483
   id=3000,
   group=3,
   key value pairs:
      lhapdf=0.30320D+06
Weight  484
   id=3001,
   group=3,
   key value pairs:
      lhapdf=0.30320D+06
Weight  485
   id=3002,
   group=3,
   key value pairs:
      lhapdf=0.30320D+06
Weight  486
   id=3003,
   group=3,
   key value pairs:
      lhapdf=0.30320D+06
Weight  487
   id=3004,
   group=3,
   key value pairs:
      lhapdf=0.30320D+06
Weight  488
   id=3005,
   group=3,
   key value pairs:
      lhapdf=0.30320D+06
Weight  489
   id=3006,
   group=3,
   key value pairs:
      lhapdf=0.30321D+06
Weight  490
   id=3007,
   group=3,
   key value pairs:
      lhapdf=0.30321D+06
Weight  491
   id=3008,
   group=3,
   key value pairs:
      lhapdf=0.30321D+06
Weight  492
   id=3009,
   group=3,
   key value pairs:
      lhapdf=0.30321D+06
Weight  493
   id=3010,
   group=3,
   key value pairs:
      lhapdf=0.30321D+06
Weight  494
   id=3011,
   group=3,
   key value pairs:
      lhapdf=0.30321D+06
Weight  495
   id=3012,
   group=3,
   key value pairs:
      lhapdf=0.30321D+06
Weight  496
   id=3013,
   group=3,
   key value pairs:
      lhapdf=0.30321D+06
Weight  497
   id=3014,
   group=3,
   key value pairs:
      lhapdf=0.30321D+06
Weight  498
   id=3015,
   group=3,
   key value pairs:
      lhapdf=0.30322D+06
Weight  499
   id=3016,
   group=3,
   key value pairs:
      lhapdf=0.30322D+06
Weight  500
   id=3017,
   group=3,
   key value pairs:
      lhapdf=0.30322D+06
Weight  501
   id=3018,
   group=3,
   key value pairs:
      lhapdf=0.30322D+06
Weight  502
   id=3019,
   group=3,
   key value pairs:
      lhapdf=0.30322D+06
Weight  503
   id=3020,
   group=3,
   key value pairs:
      lhapdf=0.30322D+06
Weight  504
   id=3021,
   group=3,
   key value pairs:
      lhapdf=0.30322D+06
Weight  505
   id=3022,
   group=3,
   key value pairs:
      lhapdf=0.30322D+06
Weight  506
   id=3023,
   group=3,
   key value pairs:
      lhapdf=0.30322D+06
Weight  507
   id=3024,
   group=3,
   key value pairs:
      lhapdf=0.30322D+06
Weight  508
   id=3025,
   group=3,
   key value pairs:
      lhapdf=0.30322D+06
Weight  509
   id=3026,
   group=3,
   key value pairs:
      lhapdf=0.30323D+06
Weight  510
   id=3027,
   group=3,
   key value pairs:
      lhapdf=0.30323D+06
Weight  511
   id=3028,
   group=3,
   key value pairs:
      lhapdf=0.30323D+06
Weight  512
   id=3029,
   group=3,
   key value pairs:
      lhapdf=0.30323D+06
Weight  513
   id=3030,
   group=3,
   key value pairs:
      lhapdf=0.30323D+06
Weight  514
   id=3031,
   group=3,
   key value pairs:
      lhapdf=0.30323D+06
Weight  515
   id=3032,
   group=3,
   key value pairs:
      lhapdf=0.30323D+06
Weight  516
   id=3033,
   group=3,
   key value pairs:
      lhapdf=0.30323D+06
Weight  517
   id=3034,
   group=3,
   key value pairs:
      lhapdf=0.30323D+06
Weight  518
   id=3035,
   group=3,
   key value pairs:
      lhapdf=0.30324D+06
Weight  519
   id=3036,
   group=3,
   key value pairs:
      lhapdf=0.30324D+06
Weight  520
   id=3037,
   group=3,
   key value pairs:
      lhapdf=0.30324D+06
Weight  521
   id=3038,
   group=3,
   key value pairs:
      lhapdf=0.30324D+06
Weight  522
   id=3039,
   group=3,
   key value pairs:
      lhapdf=0.30324D+06
Weight  523
   id=3040,
   group=3,
   key value pairs:
      lhapdf=0.30324D+06
Weight  524
   id=3041,
   group=3,
   key value pairs:
      lhapdf=0.30324D+06
Weight  525
   id=3042,
   group=3,
   key value pairs:
      lhapdf=0.30324D+06
Weight  526
   id=3043,
   group=3,
   key value pairs:
      lhapdf=0.30324D+06
Weight  527
   id=3044,
   group=3,
   key value pairs:
      lhapdf=0.30324D+06
Weight  528
   id=3045,
   group=3,
   key value pairs:
      lhapdf=0.30324D+06
Weight  529
   id=3046,
   group=3,
   key value pairs:
      lhapdf=0.30325D+06
Weight  530
   id=3047,
   group=3,
   key value pairs:
      lhapdf=0.30325D+06
Weight  531
   id=3048,
   group=3,
   key value pairs:
      lhapdf=0.30325D+06
Weight  532
   id=3049,
   group=3,
   key value pairs:
      lhapdf=0.30325D+06
Weight  533
   id=3050,
   group=3,
   key value pairs:
      lhapdf=0.30325D+06
Weight  534
   id=3051,
   group=3,
   key value pairs:
      lhapdf=0.30325D+06
Weight  535
   id=3052,
   group=3,
   key value pairs:
      lhapdf=0.30325D+06
Weight  536
   id=3053,
   group=3,
   key value pairs:
      lhapdf=0.30325D+06
Weight  537
   id=3054,
   group=3,
   key value pairs:
      lhapdf=0.30325D+06
Weight  538
   id=3055,
   group=3,
   key value pairs:
      lhapdf=0.30326D+06
Weight  539
   id=3056,
   group=3,
   key value pairs:
      lhapdf=0.30326D+06
Weight  540
   id=3057,
   group=3,
   key value pairs:
      lhapdf=0.30326D+06
Weight  541
   id=3058,
   group=3,
   key value pairs:
      lhapdf=0.30326D+06
Weight  542
   id=3059,
   group=3,
   key value pairs:
      lhapdf=0.30326D+06
Weight  543
   id=3060,
   group=3,
   key value pairs:
      lhapdf=0.30326D+06
Weight  544
   id=3061,
   group=3,
   key value pairs:
      lhapdf=0.30326D+06
Weight  545
   id=3062,
   group=3,
   key value pairs:
      lhapdf=0.30326D+06
Weight  546
   id=3063,
   group=3,
   key value pairs:
      lhapdf=0.30326D+06
Weight  547
   id=3064,
   group=3,
   key value pairs:
      lhapdf=0.30326D+06
Weight  548
   id=3065,
   group=3,
   key value pairs:
      lhapdf=0.30326D+06
Weight  549
   id=3066,
   group=3,
   key value pairs:
      lhapdf=0.30327D+06
Weight  550
   id=3067,
   group=3,
   key value pairs:
      lhapdf=0.30327D+06
Weight  551
   id=3068,
   group=3,
   key value pairs:
      lhapdf=0.30327D+06
Weight  552
   id=3069,
   group=3,
   key value pairs:
      lhapdf=0.30327D+06
Weight  553
   id=3070,
   group=3,
   key value pairs:
      lhapdf=0.30327D+06
Weight  554
   id=3071,
   group=3,
   key value pairs:
      lhapdf=0.30327D+06
Weight  555
   id=3072,
   group=3,
   key value pairs:
      lhapdf=0.30327D+06
Weight  556
   id=3073,
   group=3,
   key value pairs:
      lhapdf=0.30327D+06
Weight  557
   id=3074,
   group=3,
   key value pairs:
      lhapdf=0.30327D+06
Weight  558
   id=3075,
   group=3,
   key value pairs:
      lhapdf=0.30328D+06
Weight  559
   id=3076,
   group=3,
   key value pairs:
      lhapdf=0.30328D+06
Weight  560
   id=3077,
   group=3,
   key value pairs:
      lhapdf=0.30328D+06
Weight  561
   id=3078,
   group=3,
   key value pairs:
      lhapdf=0.30328D+06
Weight  562
   id=3079,
   group=3,
   key value pairs:
      lhapdf=0.30328D+06
Weight  563
   id=3080,
   group=3,
   key value pairs:
      lhapdf=0.30328D+06
Weight  564
   id=3081,
   group=3,
   key value pairs:
      lhapdf=0.30328D+06
Weight  565
   id=3082,
   group=3,
   key value pairs:
      lhapdf=0.30328D+06
Weight  566
   id=3083,
   group=3,
   key value pairs:
      lhapdf=0.30328D+06
Weight  567
   id=3084,
   group=3,
   key value pairs:
      lhapdf=0.30328D+06
Weight  568
   id=3085,
   group=3,
   key value pairs:
      lhapdf=0.30328D+06
Weight  569
   id=3086,
   group=3,
   key value pairs:
      lhapdf=0.30329D+06
Weight  570
   id=3087,
   group=3,
   key value pairs:
      lhapdf=0.30329D+06
Weight  571
   id=3088,
   group=3,
   key value pairs:
      lhapdf=0.30329D+06
Weight  572
   id=3089,
   group=3,
   key value pairs:
      lhapdf=0.30329D+06
Weight  573
   id=3090,
   group=3,
   key value pairs:
      lhapdf=0.30329D+06
Weight  574
   id=3091,
   group=3,
   key value pairs:
      lhapdf=0.30329D+06
Weight  575
   id=3092,
   group=3,
   key value pairs:
      lhapdf=0.30329D+06
Weight  576
   id=3093,
   group=3,
   key value pairs:
      lhapdf=0.30329D+06
Weight  577
   id=3094,
   group=3,
   key value pairs:
      lhapdf=0.30329D+06
Weight  578
   id=3095,
   group=3,
   key value pairs:
      lhapdf=0.30330D+06
Weight  579
   id=3096,
   group=3,
   key value pairs:
      lhapdf=0.30330D+06
Weight  580
   id=3097,
   group=3,
   key value pairs:
      lhapdf=0.30330D+06
Weight  581
   id=3098,
   group=3,
   key value pairs:
      lhapdf=0.30330D+06
Weight  582
   id=3099,
   group=3,
   key value pairs:
      lhapdf=0.30330D+06
Weight  583
   id=3100,
   group=3,
   key value pairs:
      lhapdf=0.30330D+06
Weight  584
   id=3103,
   group=3,
   key value pairs:
      lhapdf=0.26900D+06
Weight  585
   id=3104,
   group=3,
   key value pairs:
      lhapdf=0.27000D+06
Weight  586
   id=4000,
   group=3,
   key value pairs:
      lhapdf=0.93300D+05
Weight  587
   id=4001,
   group=3,
   key value pairs:
      lhapdf=0.93301D+05
Weight  588
   id=4002,
   group=3,
   key value pairs:
      lhapdf=0.93302D+05
Weight  589
   id=4003,
   group=3,
   key value pairs:
      lhapdf=0.93303D+05
Weight  590
   id=4004,
   group=3,
   key value pairs:
      lhapdf=0.93304D+05
Weight  591
   id=4005,
   group=3,
   key value pairs:
      lhapdf=0.93305D+05
Weight  592
   id=4006,
   group=3,
   key value pairs:
      lhapdf=0.93306D+05
Weight  593
   id=4007,
   group=3,
   key value pairs:
      lhapdf=0.93307D+05
Weight  594
   id=4008,
   group=3,
   key value pairs:
      lhapdf=0.93308D+05
Weight  595
   id=4009,
   group=3,
   key value pairs:
      lhapdf=0.93309D+05
Weight  596
   id=4010,
   group=3,
   key value pairs:
      lhapdf=0.93310D+05
Weight  597
   id=4011,
   group=3,
   key value pairs:
      lhapdf=0.93311D+05
Weight  598
   id=4012,
   group=3,
   key value pairs:
      lhapdf=0.93312D+05
Weight  599
   id=4013,
   group=3,
   key value pairs:
      lhapdf=0.93313D+05
Weight  600
   id=4014,
   group=3,
   key value pairs:
      lhapdf=0.93314D+05
Weight  601
   id=4015,
   group=3,
   key value pairs:
      lhapdf=0.93315D+05
Weight  602
   id=4016,
   group=3,
   key value pairs:
      lhapdf=0.93316D+05
Weight  603
   id=4017,
   group=3,
   key value pairs:
      lhapdf=0.93317D+05
Weight  604
   id=4018,
   group=3,
   key value pairs:
      lhapdf=0.93318D+05
Weight  605
   id=4019,
   group=3,
   key value pairs:
      lhapdf=0.93319D+05
Weight  606
   id=4020,
   group=3,
   key value pairs:
      lhapdf=0.93320D+05
Weight  607
   id=4021,
   group=3,
   key value pairs:
      lhapdf=0.93321D+05
Weight  608
   id=4022,
   group=3,
   key value pairs:
      lhapdf=0.93322D+05
Weight  609
   id=4023,
   group=3,
   key value pairs:
      lhapdf=0.93323D+05
Weight  610
   id=4024,
   group=3,
   key value pairs:
      lhapdf=0.93324D+05
Weight  611
   id=4025,
   group=3,
   key value pairs:
      lhapdf=0.93325D+05
Weight  612
   id=4026,
   group=3,
   key value pairs:
      lhapdf=0.93326D+05
Weight  613
   id=4027,
   group=3,
   key value pairs:
      lhapdf=0.93327D+05
Weight  614
   id=4028,
   group=3,
   key value pairs:
      lhapdf=0.93328D+05
Weight  615
   id=4029,
   group=3,
   key value pairs:
      lhapdf=0.93329D+05
Weight  616
   id=4030,
   group=3,
   key value pairs:
      lhapdf=0.93330D+05
Weight  617
   id=4031,
   group=3,
   key value pairs:
      lhapdf=0.93331D+05
Weight  618
   id=4032,
   group=3,
   key value pairs:
      lhapdf=0.93332D+05
Weight  619
   id=4033,
   group=3,
   key value pairs:
      lhapdf=0.93333D+05
Weight  620
   id=4034,
   group=3,
   key value pairs:
      lhapdf=0.93334D+05
Weight  621
   id=4035,
   group=3,
   key value pairs:
      lhapdf=0.93335D+05
Weight  622
   id=4036,
   group=3,
   key value pairs:
      lhapdf=0.93336D+05
Weight  623
   id=4037,
   group=3,
   key value pairs:
      lhapdf=0.93337D+05
Weight  624
   id=4038,
   group=3,
   key value pairs:
      lhapdf=0.93338D+05
Weight  625
   id=4039,
   group=3,
   key value pairs:
      lhapdf=0.93339D+05
Weight  626
   id=4040,
   group=3,
   key value pairs:
      lhapdf=0.93340D+05
Weight  627
   id=4041,
   group=3,
   key value pairs:
      lhapdf=0.93341D+05
Weight  628
   id=4042,
   group=3,
   key value pairs:
      lhapdf=0.93342D+05
Weight  629
   id=5000,
   group=3,
   key value pairs:
      lhapdf=0.14000D+05
Weight  630
   id=5001,
   group=3,
   key value pairs:
      lhapdf=0.14001D+05
Weight  631
   id=5002,
   group=3,
   key value pairs:
      lhapdf=0.14002D+05
Weight  632
   id=5003,
   group=3,
   key value pairs:
      lhapdf=0.14003D+05
Weight  633
   id=5004,
   group=3,
   key value pairs:
      lhapdf=0.14004D+05
Weight  634
   id=5005,
   group=3,
   key value pairs:
      lhapdf=0.14005D+05
Weight  635
   id=5006,
   group=3,
   key value pairs:
      lhapdf=0.14006D+05
Weight  636
   id=5007,
   group=3,
   key value pairs:
      lhapdf=0.14007D+05
Weight  637
   id=5008,
   group=3,
   key value pairs:
      lhapdf=0.14008D+05
Weight  638
   id=5009,
   group=3,
   key value pairs:
      lhapdf=0.14009D+05
Weight  639
   id=5010,
   group=3,
   key value pairs:
      lhapdf=0.14010D+05
Weight  640
   id=5011,
   group=3,
   key value pairs:
      lhapdf=0.14011D+05
Weight  641
   id=5012,
   group=3,
   key value pairs:
      lhapdf=0.14012D+05
Weight  642
   id=5013,
   group=3,
   key value pairs:
      lhapdf=0.14013D+05
Weight  643
   id=5014,
   group=3,
   key value pairs:
      lhapdf=0.14014D+05
Weight  644
   id=5015,
   group=3,
   key value pairs:
      lhapdf=0.14015D+05
Weight  645
   id=5016,
   group=3,
   key value pairs:
      lhapdf=0.14016D+05
Weight  646
   id=5017,
   group=3,
   key value pairs:
      lhapdf=0.14017D+05
Weight  647
   id=5018,
   group=3,
   key value pairs:
      lhapdf=0.14018D+05
Weight  648
   id=5019,
   group=3,
   key value pairs:
      lhapdf=0.14019D+05
Weight  649
   id=5020,
   group=3,
   key value pairs:
      lhapdf=0.14020D+05
Weight  650
   id=5021,
   group=3,
   key value pairs:
      lhapdf=0.14021D+05
Weight  651
   id=5022,
   group=3,
   key value pairs:
      lhapdf=0.14022D+05
Weight  652
   id=5023,
   group=3,
   key value pairs:
      lhapdf=0.14023D+05
Weight  653
   id=5024,
   group=3,
   key value pairs:
      lhapdf=0.14024D+05
Weight  654
   id=5025,
   group=3,
   key value pairs:
      lhapdf=0.14025D+05
Weight  655
   id=5026,
   group=3,
   key value pairs:
      lhapdf=0.14026D+05
Weight  656
   id=5027,
   group=3,
   key value pairs:
      lhapdf=0.14027D+05
Weight  657
   id=5028,
   group=3,
   key value pairs:
      lhapdf=0.14028D+05
Weight  658
   id=5029,
   group=3,
   key value pairs:
      lhapdf=0.14029D+05
Weight  659
   id=5030,
   group=3,
   key value pairs:
      lhapdf=0.14030D+05
Weight  660
   id=5031,
   group=3,
   key value pairs:
      lhapdf=0.14031D+05
Weight  661
   id=5032,
   group=3,
   key value pairs:
      lhapdf=0.14032D+05
Weight  662
   id=5033,
   group=3,
   key value pairs:
      lhapdf=0.14033D+05
Weight  663
   id=5034,
   group=3,
   key value pairs:
      lhapdf=0.14034D+05
Weight  664
   id=5035,
   group=3,
   key value pairs:
      lhapdf=0.14035D+05
Weight  665
   id=5036,
   group=3,
   key value pairs:
      lhapdf=0.14036D+05
Weight  666
   id=5037,
   group=3,
   key value pairs:
      lhapdf=0.14037D+05
Weight  667
   id=5038,
   group=3,
   key value pairs:
      lhapdf=0.14038D+05
Weight  668
   id=5039,
   group=3,
   key value pairs:
      lhapdf=0.14039D+05
Weight  669
   id=5040,
   group=3,
   key value pairs:
      lhapdf=0.14040D+05
Weight  670
   id=5041,
   group=3,
   key value pairs:
      lhapdf=0.14041D+05
Weight  671
   id=5042,
   group=3,
   key value pairs:
      lhapdf=0.14042D+05
Weight  672
   id=5043,
   group=3,
   key value pairs:
      lhapdf=0.14043D+05
Weight  673
   id=5044,
   group=3,
   key value pairs:
      lhapdf=0.14044D+05
Weight  674
   id=5045,
   group=3,
   key value pairs:
      lhapdf=0.14045D+05
Weight  675
   id=5046,
   group=3,
   key value pairs:
      lhapdf=0.14046D+05
Weight  676
   id=5047,
   group=3,
   key value pairs:
      lhapdf=0.14047D+05
Weight  677
   id=5048,
   group=3,
   key value pairs:
      lhapdf=0.14048D+05
Weight  678
   id=5049,
   group=3,
   key value pairs:
      lhapdf=0.14049D+05
Weight  679
   id=5050,
   group=3,
   key value pairs:
      lhapdf=0.14050D+05
Weight  680
   id=5051,
   group=3,
   key value pairs:
      lhapdf=0.14051D+05
Weight  681
   id=5052,
   group=3,
   key value pairs:
      lhapdf=0.14052D+05
Weight  682
   id=5053,
   group=3,
   key value pairs:
      lhapdf=0.14053D+05
Weight  683
   id=5054,
   group=3,
   key value pairs:
      lhapdf=0.14054D+05
Weight  684
   id=5055,
   group=3,
   key value pairs:
      lhapdf=0.14055D+05
Weight  685
   id=5056,
   group=3,
   key value pairs:
      lhapdf=0.14056D+05
Weight  686
   id=5057,
   group=3,
   key value pairs:
      lhapdf=0.14057D+05
Weight  687
   id=5058,
   group=3,
   key value pairs:
      lhapdf=0.14058D+05
Weight  688
   id=5070,
   group=3,
   key value pairs:
      lhapdf=0.14066D+05
Weight  689
   id=5071,
   group=3,
   key value pairs:
      lhapdf=0.14067D+05
Weight  690
   id=5072,
   group=3,
   key value pairs:
      lhapdf=0.14069D+05
Weight  691
   id=5073,
   group=3,
   key value pairs:
      lhapdf=0.14070D+05
Weight  692
   id=5100,
   group=3,
   key value pairs:
      lhapdf=0.14100D+05
Weight  693
   id=5101,
   group=3,
   key value pairs:
      lhapdf=0.14101D+05
Weight  694
   id=5102,
   group=3,
   key value pairs:
      lhapdf=0.14102D+05
Weight  695
   id=5103,
   group=3,
   key value pairs:
      lhapdf=0.14103D+05
Weight  696
   id=5104,
   group=3,
   key value pairs:
      lhapdf=0.14104D+05
Weight  697
   id=5105,
   group=3,
   key value pairs:
      lhapdf=0.14105D+05
Weight  698
   id=5106,
   group=3,
   key value pairs:
      lhapdf=0.14106D+05
Weight  699
   id=5107,
   group=3,
   key value pairs:
      lhapdf=0.14107D+05
Weight  700
   id=5108,
   group=3,
   key value pairs:
      lhapdf=0.14108D+05
Weight  701
   id=5109,
   group=3,
   key value pairs:
      lhapdf=0.14109D+05
Weight  702
   id=5110,
   group=3,
   key value pairs:
      lhapdf=0.14110D+05
Weight  703
   id=5111,
   group=3,
   key value pairs:
      lhapdf=0.14111D+05
Weight  704
   id=5112,
   group=3,
   key value pairs:
      lhapdf=0.14112D+05
Weight  705
   id=5113,
   group=3,
   key value pairs:
      lhapdf=0.14113D+05
Weight  706
   id=5114,
   group=3,
   key value pairs:
      lhapdf=0.14114D+05
Weight  707
   id=5115,
   group=3,
   key value pairs:
      lhapdf=0.14115D+05
Weight  708
   id=5116,
   group=3,
   key value pairs:
      lhapdf=0.14116D+05
Weight  709
   id=5117,
   group=3,
   key value pairs:
      lhapdf=0.14117D+05
Weight  710
   id=5118,
   group=3,
   key value pairs:
      lhapdf=0.14118D+05
Weight  711
   id=5119,
   group=3,
   key value pairs:
      lhapdf=0.14119D+05
Weight  712
   id=5120,
   group=3,
   key value pairs:
      lhapdf=0.14120D+05
Weight  713
   id=5121,
   group=3,
   key value pairs:
      lhapdf=0.14121D+05
Weight  714
   id=5122,
   group=3,
   key value pairs:
      lhapdf=0.14122D+05
Weight  715
   id=5123,
   group=3,
   key value pairs:
      lhapdf=0.14123D+05
Weight  716
   id=5124,
   group=3,
   key value pairs:
      lhapdf=0.14124D+05
Weight  717
   id=5125,
   group=3,
   key value pairs:
      lhapdf=0.14125D+05
Weight  718
   id=5126,
   group=3,
   key value pairs:
      lhapdf=0.14126D+05
Weight  719
   id=5127,
   group=3,
   key value pairs:
      lhapdf=0.14127D+05
Weight  720
   id=5128,
   group=3,
   key value pairs:
      lhapdf=0.14128D+05
Weight  721
   id=5129,
   group=3,
   key value pairs:
      lhapdf=0.14129D+05
Weight  722
   id=5130,
   group=3,
   key value pairs:
      lhapdf=0.14130D+05
Weight  723
   id=5131,
   group=3,
   key value pairs:
      lhapdf=0.14131D+05
Weight  724
   id=5132,
   group=3,
   key value pairs:
      lhapdf=0.14132D+05
Weight  725
   id=5133,
   group=3,
   key value pairs:
      lhapdf=0.14133D+05
Weight  726
   id=5134,
   group=3,
   key value pairs:
      lhapdf=0.14134D+05
Weight  727
   id=5135,
   group=3,
   key value pairs:
      lhapdf=0.14135D+05
Weight  728
   id=5136,
   group=3,
   key value pairs:
      lhapdf=0.14136D+05
Weight  729
   id=5137,
   group=3,
   key value pairs:
      lhapdf=0.14137D+05
Weight  730
   id=5138,
   group=3,
   key value pairs:
      lhapdf=0.14138D+05
Weight  731
   id=5139,
   group=3,
   key value pairs:
      lhapdf=0.14139D+05
Weight  732
   id=5140,
   group=3,
   key value pairs:
      lhapdf=0.14140D+05
Weight  733
   id=5141,
   group=3,
   key value pairs:
      lhapdf=0.14141D+05
Weight  734
   id=5142,
   group=3,
   key value pairs:
      lhapdf=0.14142D+05
Weight  735
   id=5143,
   group=3,
   key value pairs:
      lhapdf=0.14143D+05
Weight  736
   id=5144,
   group=3,
   key value pairs:
      lhapdf=0.14144D+05
Weight  737
   id=5145,
   group=3,
   key value pairs:
      lhapdf=0.14145D+05
Weight  738
   id=5146,
   group=3,
   key value pairs:
      lhapdf=0.14146D+05
Weight  739
   id=5147,
   group=3,
   key value pairs:
      lhapdf=0.14147D+05
Weight  740
   id=5148,
   group=3,
   key value pairs:
      lhapdf=0.14148D+05
Weight  741
   id=5149,
   group=3,
   key value pairs:
      lhapdf=0.14149D+05
Weight  742
   id=5150,
   group=3,
   key value pairs:
      lhapdf=0.14150D+05
Weight  743
   id=5151,
   group=3,
   key value pairs:
      lhapdf=0.14151D+05
Weight  744
   id=5152,
   group=3,
   key value pairs:
      lhapdf=0.14152D+05
Weight  745
   id=5153,
   group=3,
   key value pairs:
      lhapdf=0.14153D+05
Weight  746
   id=5154,
   group=3,
   key value pairs:
      lhapdf=0.14154D+05
Weight  747
   id=5155,
   group=3,
   key value pairs:
      lhapdf=0.14155D+05
Weight  748
   id=5156,
   group=3,
   key value pairs:
      lhapdf=0.14156D+05
Weight  749
   id=5157,
   group=3,
   key value pairs:
      lhapdf=0.14157D+05
Weight  750
   id=5158,
   group=3,
   key value pairs:
      lhapdf=0.14158D+05
Weight  751
   id=5170,
   group=3,
   key value pairs:
      lhapdf=0.14166D+05
Weight  752
   id=5171,
   group=3,
   key value pairs:
      lhapdf=0.14167D+05
Weight  753
   id=5172,
   group=3,
   key value pairs:
      lhapdf=0.14169D+05
Weight  754
   id=5173,
   group=3,
   key value pairs:
      lhapdf=0.14170D+05
Weight  755
   id=6000,
   group=3,
   key value pairs:
      lhapdf=0.27400D+05
Weight  756
   id=6001,
   group=3,
   key value pairs:
      lhapdf=0.27401D+05
Weight  757
   id=6002,
   group=3,
   key value pairs:
      lhapdf=0.27402D+05
Weight  758
   id=6003,
   group=3,
   key value pairs:
      lhapdf=0.27403D+05
Weight  759
   id=6004,
   group=3,
   key value pairs:
      lhapdf=0.27404D+05
Weight  760
   id=6005,
   group=3,
   key value pairs:
      lhapdf=0.27405D+05
Weight  761
   id=6006,
   group=3,
   key value pairs:
      lhapdf=0.27406D+05
Weight  762
   id=6007,
   group=3,
   key value pairs:
      lhapdf=0.27407D+05
Weight  763
   id=6008,
   group=3,
   key value pairs:
      lhapdf=0.27408D+05
Weight  764
   id=6009,
   group=3,
   key value pairs:
      lhapdf=0.27409D+05
Weight  765
   id=6010,
   group=3,
   key value pairs:
      lhapdf=0.27410D+05
Weight  766
   id=6011,
   group=3,
   key value pairs:
      lhapdf=0.27411D+05
Weight  767
   id=6012,
   group=3,
   key value pairs:
      lhapdf=0.27412D+05
Weight  768
   id=6013,
   group=3,
   key value pairs:
      lhapdf=0.27413D+05
Weight  769
   id=6014,
   group=3,
   key value pairs:
      lhapdf=0.27414D+05
Weight  770
   id=6015,
   group=3,
   key value pairs:
      lhapdf=0.27415D+05
Weight  771
   id=6016,
   group=3,
   key value pairs:
      lhapdf=0.27416D+05
Weight  772
   id=6017,
   group=3,
   key value pairs:
      lhapdf=0.27417D+05
Weight  773
   id=6018,
   group=3,
   key value pairs:
      lhapdf=0.27418D+05
Weight  774
   id=6019,
   group=3,
   key value pairs:
      lhapdf=0.27419D+05
Weight  775
   id=6020,
   group=3,
   key value pairs:
      lhapdf=0.27420D+05
Weight  776
   id=6021,
   group=3,
   key value pairs:
      lhapdf=0.27421D+05
Weight  777
   id=6022,
   group=3,
   key value pairs:
      lhapdf=0.27422D+05
Weight  778
   id=6023,
   group=3,
   key value pairs:
      lhapdf=0.27423D+05
Weight  779
   id=6024,
   group=3,
   key value pairs:
      lhapdf=0.27424D+05
Weight  780
   id=6025,
   group=3,
   key value pairs:
      lhapdf=0.27425D+05
Weight  781
   id=6026,
   group=3,
   key value pairs:
      lhapdf=0.27426D+05
Weight  782
   id=6027,
   group=3,
   key value pairs:
      lhapdf=0.27427D+05
Weight  783
   id=6028,
   group=3,
   key value pairs:
      lhapdf=0.27428D+05
Weight  784
   id=6029,
   group=3,
   key value pairs:
      lhapdf=0.27429D+05
Weight  785
   id=6030,
   group=3,
   key value pairs:
      lhapdf=0.27430D+05
Weight  786
   id=6031,
   group=3,
   key value pairs:
      lhapdf=0.27431D+05
Weight  787
   id=6032,
   group=3,
   key value pairs:
      lhapdf=0.27432D+05
Weight  788
   id=6033,
   group=3,
   key value pairs:
      lhapdf=0.27433D+05
Weight  789
   id=6034,
   group=3,
   key value pairs:
      lhapdf=0.27434D+05
Weight  790
   id=6035,
   group=3,
   key value pairs:
      lhapdf=0.27435D+05
Weight  791
   id=6036,
   group=3,
   key value pairs:
      lhapdf=0.27436D+05
Weight  792
   id=6037,
   group=3,
   key value pairs:
      lhapdf=0.27437D+05
Weight  793
   id=6038,
   group=3,
   key value pairs:
      lhapdf=0.27438D+05
Weight  794
   id=6039,
   group=3,
   key value pairs:
      lhapdf=0.27439D+05
Weight  795
   id=6040,
   group=3,
   key value pairs:
      lhapdf=0.27440D+05
Weight  796
   id=6041,
   group=3,
   key value pairs:
      lhapdf=0.27441D+05
Weight  797
   id=6042,
   group=3,
   key value pairs:
      lhapdf=0.27442D+05
Weight  798
   id=6043,
   group=3,
   key value pairs:
      lhapdf=0.27443D+05
Weight  799
   id=6044,
   group=3,
   key value pairs:
      lhapdf=0.27444D+05
Weight  800
   id=6045,
   group=3,
   key value pairs:
      lhapdf=0.27445D+05
Weight  801
   id=6046,
   group=3,
   key value pairs:
      lhapdf=0.27446D+05
Weight  802
   id=6047,
   group=3,
   key value pairs:
      lhapdf=0.27447D+05
Weight  803
   id=6048,
   group=3,
   key value pairs:
      lhapdf=0.27448D+05
Weight  804
   id=6049,
   group=3,
   key value pairs:
      lhapdf=0.27449D+05
Weight  805
   id=6050,
   group=3,
   key value pairs:
      lhapdf=0.27450D+05
Weight  806
   id=6051,
   group=3,
   key value pairs:
      lhapdf=0.27451D+05
Weight  807
   id=6052,
   group=3,
   key value pairs:
      lhapdf=0.27452D+05
Weight  808
   id=6053,
   group=3,
   key value pairs:
      lhapdf=0.27453D+05
Weight  809
   id=6054,
   group=3,
   key value pairs:
      lhapdf=0.27454D+05
Weight  810
   id=6055,
   group=3,
   key value pairs:
      lhapdf=0.27455D+05
Weight  811
   id=6056,
   group=3,
   key value pairs:
      lhapdf=0.27456D+05
Weight  812
   id=6057,
   group=3,
   key value pairs:
      lhapdf=0.27457D+05
Weight  813
   id=6058,
   group=3,
   key value pairs:
      lhapdf=0.27458D+05
Weight  814
   id=6059,
   group=3,
   key value pairs:
      lhapdf=0.27459D+05
Weight  815
   id=6060,
   group=3,
   key value pairs:
      lhapdf=0.27460D+05
Weight  816
   id=6061,
   group=3,
   key value pairs:
      lhapdf=0.27461D+05
Weight  817
   id=6062,
   group=3,
   key value pairs:
      lhapdf=0.27462D+05
Weight  818
   id=6063,
   group=3,
   key value pairs:
      lhapdf=0.27463D+05
Weight  819
   id=6064,
   group=3,
   key value pairs:
      lhapdf=0.27464D+05
Weight  820
   id=6070,
   group=3,
   key value pairs:
      lhapdf=0.27500D+05
Weight  821
   id=6071,
   group=3,
   key value pairs:
      lhapdf=0.27501D+05
Weight  822
   id=6072,
   group=3,
   key value pairs:
      lhapdf=0.27502D+05
Weight  823
   id=6073,
   group=3,
   key value pairs:
      lhapdf=0.27503D+05
Weight  824
   id=6074,
   group=3,
   key value pairs:
      lhapdf=0.27504D+05
Weight  825
   id=6075,
   group=3,
   key value pairs:
      lhapdf=0.27505D+05
Weight  826
   id=6076,
   group=3,
   key value pairs:
      lhapdf=0.27506D+05
Weight  827
   id=6080,
   group=3,
   key value pairs:
      lhapdf=0.27910D+05
Weight  828
   id=6081,
   group=3,
   key value pairs:
      lhapdf=0.27911D+05
Weight  829
   id=6082,
   group=3,
   key value pairs:
      lhapdf=0.27912D+05
Weight  830
   id=6083,
   group=3,
   key value pairs:
      lhapdf=0.27913D+05
Weight  831
   id=6084,
   group=3,
   key value pairs:
      lhapdf=0.27914D+05
Weight  832
   id=6085,
   group=3,
   key value pairs:
      lhapdf=0.27915D+05
Weight  833
   id=6086,
   group=3,
   key value pairs:
      lhapdf=0.27916D+05
Weight  834
   id=6087,
   group=3,
   key value pairs:
      lhapdf=0.27917D+05
Weight  835
   id=6088,
   group=3,
   key value pairs:
      lhapdf=0.27918D+05
Weight  836
   id=6090,
   group=3,
   key value pairs:
      lhapdf=0.27950D+05
Weight  837
   id=6091,
   group=3,
   key value pairs:
      lhapdf=0.27951D+05
Weight  838
   id=6092,
   group=3,
   key value pairs:
      lhapdf=0.27952D+05
Weight  839
   id=6093,
   group=3,
   key value pairs:
      lhapdf=0.27953D+05
Weight  840
   id=6094,
   group=3,
   key value pairs:
      lhapdf=0.27954D+05
Weight  841
   id=6095,
   group=3,
   key value pairs:
      lhapdf=0.27955D+05
Weight  842
   id=6096,
   group=3,
   key value pairs:
      lhapdf=0.27956D+05
Weight  843
   id=7000,
   group=3,
   key value pairs:
      lhapdf=0.25300D+05
Weight  844
   id=7001,
   group=3,
   key value pairs:
      lhapdf=0.25301D+05
Weight  845
   id=7002,
   group=3,
   key value pairs:
      lhapdf=0.25302D+05
Weight  846
   id=7003,
   group=3,
   key value pairs:
      lhapdf=0.25303D+05
Weight  847
   id=7004,
   group=3,
   key value pairs:
      lhapdf=0.25304D+05
Weight  848
   id=7005,
   group=3,
   key value pairs:
      lhapdf=0.25305D+05
Weight  849
   id=7006,
   group=3,
   key value pairs:
      lhapdf=0.25306D+05
Weight  850
   id=7007,
   group=3,
   key value pairs:
      lhapdf=0.25307D+05
Weight  851
   id=7008,
   group=3,
   key value pairs:
      lhapdf=0.25308D+05
Weight  852
   id=7009,
   group=3,
   key value pairs:
      lhapdf=0.25309D+05
Weight  853
   id=7010,
   group=3,
   key value pairs:
      lhapdf=0.25310D+05
Weight  854
   id=7011,
   group=3,
   key value pairs:
      lhapdf=0.25311D+05
Weight  855
   id=7012,
   group=3,
   key value pairs:
      lhapdf=0.25312D+05
Weight  856
   id=7013,
   group=3,
   key value pairs:
      lhapdf=0.25313D+05
Weight  857
   id=7014,
   group=3,
   key value pairs:
      lhapdf=0.25314D+05
Weight  858
   id=7015,
   group=3,
   key value pairs:
      lhapdf=0.25315D+05
Weight  859
   id=7016,
   group=3,
   key value pairs:
      lhapdf=0.25316D+05
Weight  860
   id=7017,
   group=3,
   key value pairs:
      lhapdf=0.25317D+05
Weight  861
   id=7018,
   group=3,
   key value pairs:
      lhapdf=0.25318D+05
Weight  862
   id=7019,
   group=3,
   key value pairs:
      lhapdf=0.25319D+05
Weight  863
   id=7020,
   group=3,
   key value pairs:
      lhapdf=0.25320D+05
Weight  864
   id=7021,
   group=3,
   key value pairs:
      lhapdf=0.25321D+05
Weight  865
   id=7022,
   group=3,
   key value pairs:
      lhapdf=0.25322D+05
Weight  866
   id=7023,
   group=3,
   key value pairs:
      lhapdf=0.25323D+05
Weight  867
   id=7024,
   group=3,
   key value pairs:
      lhapdf=0.25324D+05
Weight  868
   id=7025,
   group=3,
   key value pairs:
      lhapdf=0.25325D+05
Weight  869
   id=7026,
   group=3,
   key value pairs:
      lhapdf=0.25326D+05
Weight  870
   id=7027,
   group=3,
   key value pairs:
      lhapdf=0.25327D+05
Weight  871
   id=7028,
   group=3,
   key value pairs:
      lhapdf=0.25328D+05
Weight  872
   id=7029,
   group=3,
   key value pairs:
      lhapdf=0.25329D+05
Weight  873
   id=7030,
   group=3,
   key value pairs:
      lhapdf=0.25330D+05
Weight  874
   id=7031,
   group=3,
   key value pairs:
      lhapdf=0.25331D+05
Weight  875
   id=7032,
   group=3,
   key value pairs:
      lhapdf=0.25332D+05
Weight  876
   id=7033,
   group=3,
   key value pairs:
      lhapdf=0.25333D+05
Weight  877
   id=7034,
   group=3,
   key value pairs:
      lhapdf=0.25334D+05
Weight  878
   id=7035,
   group=3,
   key value pairs:
      lhapdf=0.25335D+05
Weight  879
   id=7036,
   group=3,
   key value pairs:
      lhapdf=0.25336D+05
Weight  880
   id=7037,
   group=3,
   key value pairs:
      lhapdf=0.25337D+05
Weight  881
   id=7038,
   group=3,
   key value pairs:
      lhapdf=0.25338D+05
Weight  882
   id=7039,
   group=3,
   key value pairs:
      lhapdf=0.25339D+05
Weight  883
   id=7040,
   group=3,
   key value pairs:
      lhapdf=0.25340D+05
Weight  884
   id=7041,
   group=3,
   key value pairs:
      lhapdf=0.25341D+05
Weight  885
   id=7042,
   group=3,
   key value pairs:
      lhapdf=0.25342D+05
Weight  886
   id=7043,
   group=3,
   key value pairs:
      lhapdf=0.25343D+05
Weight  887
   id=7044,
   group=3,
   key value pairs:
      lhapdf=0.25344D+05
Weight  888
   id=7045,
   group=3,
   key value pairs:
      lhapdf=0.25345D+05
Weight  889
   id=7046,
   group=3,
   key value pairs:
      lhapdf=0.25346D+05
Weight  890
   id=7047,
   group=3,
   key value pairs:
      lhapdf=0.25347D+05
Weight  891
   id=7048,
   group=3,
   key value pairs:
      lhapdf=0.25348D+05
Weight  892
   id=7049,
   group=3,
   key value pairs:
      lhapdf=0.25349D+05
Weight  893
   id=7050,
   group=3,
   key value pairs:
      lhapdf=0.25350D+05
Weight  894
   id=7060,
   group=3,
   key value pairs:
      lhapdf=0.25360D+05
Weight  895
   id=7061,
   group=3,
   key value pairs:
      lhapdf=0.25361D+05
Weight  896
   id=7062,
   group=3,
   key value pairs:
      lhapdf=0.25362D+05
Weight  897
   id=8000,
   group=3,
   key value pairs:
      lhapdf=0.42560D+05
Weight  898
   id=8001,
   group=3,
   key value pairs:
      lhapdf=0.42561D+05
Weight  899
   id=8002,
   group=3,
   key value pairs:
      lhapdf=0.42562D+05
Weight  900
   id=8003,
   group=3,
   key value pairs:
      lhapdf=0.42563D+05
Weight  901
   id=8004,
   group=3,
   key value pairs:
      lhapdf=0.42564D+05
Weight  902
   id=8005,
   group=3,
   key value pairs:
      lhapdf=0.42565D+05
Weight  903
   id=8006,
   group=3,
   key value pairs:
      lhapdf=0.42566D+05
Weight  904
   id=8007,
   group=3,
   key value pairs:
      lhapdf=0.42567D+05
Weight  905
   id=8008,
   group=3,
   key value pairs:
      lhapdf=0.42568D+05
Weight  906
   id=8009,
   group=3,
   key value pairs:
      lhapdf=0.42569D+05
Weight  907
   id=8010,
   group=3,
   key value pairs:
      lhapdf=0.42570D+05
Weight  908
   id=8011,
   group=3,
   key value pairs:
      lhapdf=0.42571D+05
Weight  909
   id=8012,
   group=3,
   key value pairs:
      lhapdf=0.42572D+05
Weight  910
   id=8013,
   group=3,
   key value pairs:
      lhapdf=0.42573D+05
Weight  911
   id=8014,
   group=3,
   key value pairs:
      lhapdf=0.42574D+05
Weight  912
   id=8015,
   group=3,
   key value pairs:
      lhapdf=0.42575D+05
Weight  913
   id=8016,
   group=3,
   key value pairs:
      lhapdf=0.42576D+05
Weight  914
   id=8017,
   group=3,
   key value pairs:
      lhapdf=0.42577D+05
Weight  915
   id=8018,
   group=3,
   key value pairs:
      lhapdf=0.42578D+05
Weight  916
   id=8019,
   group=3,
   key value pairs:
      lhapdf=0.42579D+05
Weight  917
   id=8020,
   group=3,
   key value pairs:
      lhapdf=0.42580D+05
Weight  918
   id=8021,
   group=3,
   key value pairs:
      lhapdf=0.42581D+05
Weight  919
   id=8022,
   group=3,
   key value pairs:
      lhapdf=0.42582D+05
Weight  920
   id=8023,
   group=3,
   key value pairs:
      lhapdf=0.42583D+05
Weight  921
   id=8024,
   group=3,
   key value pairs:
      lhapdf=0.42584D+05
Weight  922
   id=8025,
   group=3,
   key value pairs:
      lhapdf=0.42585D+05
Weight  923
   id=8026,
   group=3,
   key value pairs:
      lhapdf=0.42586D+05
Weight  924
   id=8027,
   group=3,
   key value pairs:
      lhapdf=0.42587D+05
Weight  925
   id=8028,
   group=3,
   key value pairs:
      lhapdf=0.42588D+05
Weight  926
   id=8029,
   group=3,
   key value pairs:
      lhapdf=0.42589D+05
Weight  927
   id=8050,
   group=3,
   key value pairs:
      lhapdf=0.43050D+05
Weight  928
   id=8051,
   group=3,
   key value pairs:
      lhapdf=0.43110D+05
Weight  929
   id=8052,
   group=3,
   key value pairs:
      lhapdf=0.43170D+05
Weight  930
   id=9000,
   group=3,
   key value pairs:
      lhapdf=0.65200D+05
Weight  931
   id=9001,
   group=3,
   key value pairs:
      lhapdf=0.65201D+05
Weight  932
   id=9002,
   group=3,
   key value pairs:
      lhapdf=0.65202D+05
Weight  933
   id=9003,
   group=3,
   key value pairs:
      lhapdf=0.65203D+05
Weight  934
   id=9004,
   group=3,
   key value pairs:
      lhapdf=0.65204D+05
Weight  935
   id=9005,
   group=3,
   key value pairs:
      lhapdf=0.65205D+05
Weight  936
   id=9006,
   group=3,
   key value pairs:
      lhapdf=0.65206D+05
Weight  937
   id=9007,
   group=3,
   key value pairs:
      lhapdf=0.65207D+05
Weight  938
   id=9008,
   group=3,
   key value pairs:
      lhapdf=0.65208D+05
Weight  939
   id=9009,
   group=3,
   key value pairs:
      lhapdf=0.65209D+05
Weight  940
   id=9010,
   group=3,
   key value pairs:
      lhapdf=0.65210D+05
Weight  941
   id=9011,
   group=3,
   key value pairs:
      lhapdf=0.65211D+05
Weight  942
   id=9012,
   group=3,
   key value pairs:
      lhapdf=0.65212D+05
Weight  943
   id=9013,
   group=3,
   key value pairs:
      lhapdf=0.65213D+05
Weight  944
   id=9014,
   group=3,
   key value pairs:
      lhapdf=0.65214D+05
Weight  945
   id=9015,
   group=3,
   key value pairs:
      lhapdf=0.65215D+05
Weight  946
   id=9016,
   group=3,
   key value pairs:
      lhapdf=0.65216D+05
Weight  947
   id=9017,
   group=3,
   key value pairs:
      lhapdf=0.65217D+05
Weight  948
   id=9018,
   group=3,
   key value pairs:
      lhapdf=0.65218D+05
Weight  949
   id=9019,
   group=3,
   key value pairs:
      lhapdf=0.65219D+05
Weight  950
   id=9020,
   group=3,
   key value pairs:
      lhapdf=0.65220D+05
Weight  951
   id=9021,
   group=3,
   key value pairs:
      lhapdf=0.65221D+05
Weight  952
   id=9022,
   group=3,
   key value pairs:
      lhapdf=0.65222D+05
Weight  953
   id=9023,
   group=3,
   key value pairs:
      lhapdf=0.65223D+05
Weight  954
   id=9024,
   group=3,
   key value pairs:
      lhapdf=0.65224D+05
Weight  955
   id=9025,
   group=3,
   key value pairs:
      lhapdf=0.65225D+05
Weight  956
   id=9026,
   group=3,
   key value pairs:
      lhapdf=0.65226D+05
Weight  957
   id=9027,
   group=3,
   key value pairs:
      lhapdf=0.65227D+05
Weight  958
   id=9028,
   group=3,
   key value pairs:
      lhapdf=0.65228D+05
Weight  959
   id=9029,
   group=3,
   key value pairs:
      lhapdf=0.65229D+05
Weight  960
   id=9030,
   group=3,
   key value pairs:
      lhapdf=0.65230D+05
Weight  961
   id=9031,
   group=3,
   key value pairs:
      lhapdf=0.65231D+05
Weight  962
   id=9032,
   group=3,
   key value pairs:
      lhapdf=0.65232D+05
Weight  963
   id=10000,
   group=3,
   key value pairs:
      lhapdf=0.65240D+05
Weight  964
   id=10001,
   group=3,
   key value pairs:
      lhapdf=0.65241D+05
Weight  965
   id=10002,
   group=3,
   key value pairs:
      lhapdf=0.65242D+05
Weight  966
   id=10003,
   group=3,
   key value pairs:
      lhapdf=0.65243D+05
Weight  967
   id=10004,
   group=3,
   key value pairs:
      lhapdf=0.65244D+05
Weight  968
   id=10005,
   group=3,
   key value pairs:
      lhapdf=0.65245D+05
Weight  969
   id=10006,
   group=3,
   key value pairs:
      lhapdf=0.65246D+05
Weight  970
   id=10007,
   group=3,
   key value pairs:
      lhapdf=0.65247D+05
Weight  971
   id=10008,
   group=3,
   key value pairs:
      lhapdf=0.65248D+05
Weight  972
   id=11000,
   group=3,
   key value pairs:
      lhapdf=0.65250D+05
Weight  973
   id=11001,
   group=3,
   key value pairs:
      lhapdf=0.65251D+05
Weight  974
   id=11002,
   group=3,
   key value pairs:
      lhapdf=0.65252D+05
Weight  975
   id=11003,
   group=3,
   key value pairs:
      lhapdf=0.65253D+05
Weight  976
   id=11004,
   group=3,
   key value pairs:
      lhapdf=0.65254D+05
Weight  977
   id=11005,
   group=3,
   key value pairs:
      lhapdf=0.65255D+05
Weight  978
   id=11006,
   group=3,
   key value pairs:
      lhapdf=0.65256D+05
Weight  979
   id=11007,
   group=3,
   key value pairs:
      lhapdf=0.65257D+05
Weight  980
   id=11008,
   group=3,
   key value pairs:
      lhapdf=0.65258D+05
Weight  981
   id=11009,
   group=3,
   key value pairs:
      lhapdf=0.65259D+05
Weight  982
   id=11010,
   group=3,
   key value pairs:
      lhapdf=0.65260D+05
Weight  983
   id=11011,
   group=3,
   key value pairs:
      lhapdf=0.65261D+05
Weight  984
   id=11012,
   group=3,
   key value pairs:
      lhapdf=0.65262D+05
Weight  985
   id=11013,
   group=3,
   key value pairs:
      lhapdf=0.65263D+05
Weight  986
   id=11014,
   group=3,
   key value pairs:
      lhapdf=0.65264D+05
Weight  987
   id=11015,
   group=3,
   key value pairs:
      lhapdf=0.65265D+05
Weight  988
   id=11016,
   group=3,
   key value pairs:
      lhapdf=0.65266D+05
Weight  989
   id=11017,
   group=3,
   key value pairs:
      lhapdf=0.65267D+05
Weight  990
   id=13000,
   group=3,
   key value pairs:
      lhapdf=0.61200D+05
Weight  991
   id=13001,
   group=3,
   key value pairs:
      lhapdf=0.61201D+05
Weight  992
   id=13002,
   group=3,
   key value pairs:
      lhapdf=0.61202D+05
Weight  993
   id=13003,
   group=3,
   key value pairs:
      lhapdf=0.61203D+05
Weight  994
   id=13004,
   group=3,
   key value pairs:
      lhapdf=0.61204D+05
Weight  995
   id=13005,
   group=3,
   key value pairs:
      lhapdf=0.61205D+05
Weight  996
   id=13006,
   group=3,
   key value pairs:
      lhapdf=0.61206D+05
Weight  997
   id=13007,
   group=3,
   key value pairs:
      lhapdf=0.61207D+05
Weight  998
   id=13008,
   group=3,
   key value pairs:
      lhapdf=0.61208D+05
Weight  999
   id=13009,
   group=3,
   key value pairs:
      lhapdf=0.61209D+05
Weight 1000
   id=13010,
   group=3,
   key value pairs:
      lhapdf=0.61210D+05
Weight 1001
   id=13011,
   group=3,
   key value pairs:
      lhapdf=0.61211D+05
Weight 1002
   id=13012,
   group=3,
   key value pairs:
      lhapdf=0.61212D+05
Weight 1003
   id=13013,
   group=3,
   key value pairs:
      lhapdf=0.61213D+05
Weight 1004
   id=13014,
   group=3,
   key value pairs:
      lhapdf=0.61214D+05
Weight 1005
   id=13015,
   group=3,
   key value pairs:
      lhapdf=0.61215D+05
Weight 1006
   id=13016,
   group=3,
   key value pairs:
      lhapdf=0.61216D+05
Weight 1007
   id=13017,
   group=3,
   key value pairs:
      lhapdf=0.61217D+05
Weight 1008
   id=13018,
   group=3,
   key value pairs:
      lhapdf=0.61218D+05
Weight 1009
   id=13019,
   group=3,
   key value pairs:
      lhapdf=0.61219D+05
Weight 1010
   id=13020,
   group=3,
   key value pairs:
      lhapdf=0.61220D+05
Weight 1011
   id=13021,
   group=3,
   key value pairs:
      lhapdf=0.61221D+05
Weight 1012
   id=13022,
   group=3,
   key value pairs:
      lhapdf=0.61222D+05
Weight 1013
   id=13023,
   group=3,
   key value pairs:
      lhapdf=0.61223D+05
Weight 1014
   id=13024,
   group=3,
   key value pairs:
      lhapdf=0.61224D+05
Weight 1015
   id=13025,
   group=3,
   key value pairs:
      lhapdf=0.61225D+05
Weight 1016
   id=13026,
   group=3,
   key value pairs:
      lhapdf=0.61226D+05
Weight 1017
   id=13027,
   group=3,
   key value pairs:
      lhapdf=0.61227D+05
Weight 1018
   id=13028,
   group=3,
   key value pairs:
      lhapdf=0.61228D+05
Weight 1019
   id=13050,
   group=3,
   key value pairs:
      lhapdf=0.61230D+05
Weight 1020
   id=13051,
   group=3,
   key value pairs:
      lhapdf=0.61231D+05
Weight 1021
   id=13052,
   group=3,
   key value pairs:
      lhapdf=0.61232D+05
Weight 1022
   id=13053,
   group=3,
   key value pairs:
      lhapdf=0.61233D+05
Weight 1023
   id=13054,
   group=3,
   key value pairs:
      lhapdf=0.61234D+05
Weight 1024
   id=13055,
   group=3,
   key value pairs:
      lhapdf=0.61235D+05
Weight 1025
   id=13056,
   group=3,
   key value pairs:
      lhapdf=0.61236D+05
Weight 1026
   id=13057,
   group=3,
   key value pairs:
      lhapdf=0.61237D+05
Weight 1027
   id=13058,
   group=3,
   key value pairs:
      lhapdf=0.61238D+05
Weight 1028
   id=13059,
   group=3,
   key value pairs:
      lhapdf=0.61239D+05
Weight 1029
   id=13060,
   group=3,
   key value pairs:
      lhapdf=0.61240D+05
Weight 1030
   id=13061,
   group=3,
   key value pairs:
      lhapdf=0.61241D+05
Weight 1031
   id=13062,
   group=3,
   key value pairs:
      lhapdf=0.61242D+05
Weight 1032
   id=13063,
   group=3,
   key value pairs:
      lhapdf=0.61243D+05
Weight 1033
   id=13100,
   group=3,
   key value pairs:
      lhapdf=0.61746D+05
Weight 1034
   id=13200,
   group=3,
   key value pairs:
      lhapdf=0.61750D+05
  powheginput keyword noevents             absent; set to   -1000000.0000000000     
  powheginput keyword rwl_group_events     set to    2000.0000000000000     
  powheginput keyword compare_vecsv_ep     absent; set to   -1000000.0000000000     
 RM48 INITIALIZED:         1    16727942         0
 RM48IN SKIPPING OVER        16727942
 Writing virtequiv file...
 Done
  powheginput keyword test_rapidity        absent; set to   -1000000.0000000000     
  powheginput keyword dgauss_accuracy      absent; set to   -1000000.0000000000     
 =============================================
 dgauss accuracy in borndenomint (def=0.001) =    1.0000000000000000E-003
 theta_boundaries (def=F) =  F
 =============================================
  powheginput keyword btlscalect           absent; set to   -1000000.0000000000     
  powheginput keyword testsuda             absent; set to   -1000000.0000000000     
  powheginput keyword radregion            absent; set to   -1000000.0000000000     
 RM48 INITIALIZED:         1    16727942         0
 RM48IN SKIPPING OVER        16727942
 RM48 INITIALIZED:         1    16727942         0
 RM48IN SKIPPING OVER        16727942
 RM48 INITIALIZED:         1    16727942         0
 RM48IN SKIPPING OVER        16727942
 RM48 INITIALIZED:         1    16727942         0
 RM48IN SKIPPING OVER        16727942
 RM48 INITIALIZED:         1    16727942         0
 RM48IN SKIPPING OVER        16727942
 RM48 INITIALIZED:         1    16727942         0
 RM48IN SKIPPING OVER        16727942
 RM48 INITIALIZED:         1    16727942         0
LHAPDF 6.4.0 loading /cvmfs/cms.cern.ch/slc7_amd64_gcc10/external/lhapdf/6.4.0-f99dd75eb8675a339d8b05f6184e6d59/share/LHAPDF/NNPDF30_nnlo_as_0118_hessian/NNPDF30_nnlo_as_0118_hessian_0000.dat
NNPDF30_nnlo_as_0118_hessian PDF set, member #0, version 1; LHAPDF ID = 303200
 RM48IN SKIPPING OVER        16727942
 RM48 INITIALIZED:         1    16727942         0
 RM48IN SKIPPING OVER        16727942
 RM48 INITIALIZED:         1    16727942         0
 RM48IN SKIPPING OVER        16727942
 Performing backward evolution from scale Q =    1.1000000000000001      , with nf =            3
 Quark thresholds at    1.2749999999999999        4.1799998000000000        10000000000.000000     
 init_pdfs_NNLOPS: set_pdfs_to_zero_when_negative flag set to  F
 initialization of PDFs, hoppet interface, using init_pdfs_NNLOPS: pdf_q2min =    1.0000000000000000     
 RM48 INITIALIZED:         1    16727942         0
 RM48IN SKIPPING OVER        16727942
 =============================================
 using modlog_p =    6.0000000000000000     
 =============================================
 freezing of alphas in setlocalscales at [GeV]    0.0000000000000000     
 freezing of PDF evolution in setlocalscales at [GeV]   1.1000000000000001     
 =========================
 *MINNLO* ACTIVATED
 =========================
 include_delta_terms is  F
 distribute_by_ub is  T
 distribute_by_ub_AP is  T
 =============================================
 flg_dtermsallorders =  T
 =============================================
 =============================================
 using kappaQ =    1.0000000000000000     
 =============================================
 ===============================================
 LHAPDF
 ===============================================
 muF =   0.75000000000000000     
 x,g,d,u,c,b ->    1.0000000000000000E-003  -1803.1628715926454        199.34146635743639        220.17337344267452        2.2622288042844048E-007   3.2809479050845099E-007
 x,g,d,u,c,b ->    1.0000000000000000E-002  -74.245008492446459        19.938606048897302        23.162531890875233       -6.0397354577440629E-010   2.6478402902198548E-009
 x,g,d,u,c,b ->    5.0000000000000003E-002   17.829587939221916        6.6722440392268512        8.4286416205161085       -5.1793825641558877E-010   1.6791780171018169E-009
 x,g,d,u,c,b ->   0.10000000000000001        12.574375532648276        4.3019480532482728        5.8087188659010636        4.0074799925672998E-009  -1.7427980492866417E-009
 muF =    1.0000000000000000     
 x,g,d,u,c,b ->    1.0000000000000000E-003  -1209.3197903433411        262.57151753775196        285.20934908337699        2.2630820999326650E-007   3.2881439791123191E-007
 x,g,d,u,c,b ->    1.0000000000000000E-002   47.510881372104194        25.462710217123107        29.325728652751021       -6.7031224550018030E-010   2.6084436522433912E-009
 x,g,d,u,c,b ->    5.0000000000000003E-002   30.728358597766061        7.3114853631142145        9.3721494317725451       -5.2139999014049015E-010   1.6808345668078004E-009
 x,g,d,u,c,b ->   0.10000000000000001        14.220458636276716        4.3379812274364129        6.0577283932953492        4.0216478355296554E-009  -1.7371008797317998E-009
 muF =    2.0000000000000000     
 x,g,d,u,c,b ->    1.0000000000000000E-003   3639.1665156574800        477.11531459603162        503.29116955871956        77.035850863705519       -3.6934297416870449E-007
 x,g,d,u,c,b ->    1.0000000000000000E-002   333.47528282189421        37.731677466436793        42.850059395237260        5.8269469738868009       -1.9025241894669287E-008
 x,g,d,u,c,b ->    5.0000000000000003E-002   45.597890005398121        8.2397168079360821        10.816206071535738       0.65164576877043967        2.3290690209846112E-009
 x,g,d,u,c,b ->   0.10000000000000001        14.513633713248630        4.2706720512127587        6.2996289027931729       0.17408829076342081       -1.1891804280754484E-009
 muF =    5.0000000000000000     
 x,g,d,u,c,b ->    1.0000000000000000E-003   11071.068525416713        756.70528271399917        785.98237028182223        367.70130766303225        40.345428791907835     
 x,g,d,u,c,b ->    1.0000000000000000E-002   553.85126625133682        48.784806411582842        54.967279305565405        16.647010066352838        2.3755983533652785     
 x,g,d,u,c,b ->    5.0000000000000003E-002   49.091869647870475        8.7237274513065337        11.665388538002080        1.2474230047849089       0.19029298947748580     
LHAPDF 6.4.0 loading /cvmfs/cms.cern.ch/slc7_amd64_gcc10/external/lhapdf/6.4.0-f99dd75eb8675a339d8b05f6184e6d59/share/LHAPDF/NNPDF31_nnlo_hessian_pdfas/NNPDF31_nnlo_hessian_pdfas_0000.dat
NNPDF31_nnlo_hessian_pdfas PDF set, member #0, version 1; LHAPDF ID = 306000
 x,g,d,u,c,b ->   0.10000000000000001        13.007165092170895        4.1085986292385561        6.3041441831215250       0.28366019645774065        4.4295073191293506E-002
 muF =    91.000000000000000     
 x,g,d,u,c,b ->    1.0000000000000000E-003   28835.047441559342        1538.8033759992643        1574.4984669047547        1166.5925246022323        877.81742963699469     
 x,g,d,u,c,b ->    1.0000000000000000E-002   800.79439714983346        68.277865705070766        76.444056048531792        35.840272691800671        23.964007434338757     
 x,g,d,u,c,b ->    5.0000000000000003E-002   42.666425606225154        8.9337594836802925        12.389408882259211        1.8866824103647968        1.1125377725849943     
 x,g,d,u,c,b ->   0.10000000000000001        8.9612996555239857        3.6188730689723445        5.9330031794939053       0.36480156067067909       0.20381888165814241     
 ===============================
 =============================================
 Using profiled scales: (Q0,npow) =    1.3909849999999999        1.0000000000000000     
 =============================================
 RM48 INITIALIZED:         1    16727942         0
 RM48IN SKIPPING OVER        16727942
 RM48 INITIALIZED:         1    16727942         0
 RM48IN SKIPPING OVER        16727942
 RM48 INITIALIZED:         1    16727942         0
 RM48IN SKIPPING OVER        16727942
 RM48 INITIALIZED:         1    16727942         0
 RM48IN SKIPPING OVER        16727942
 RM48 INITIALIZED:         1    16727942         0
 RM48IN SKIPPING OVER        16727942
 RM48 INITIALIZED:         1    16727942         0
 RM48IN SKIPPING OVER        16727942
 RM48 INITIALIZED:         1    16727942         0
 RM48IN SKIPPING OVER        16727942
 RM48 INITIALIZED:         1    16727942         0
 RM48IN SKIPPING OVER        16727942
 Performing backward evolution from scale Q =    1.8149999999999999      , with nf =            4
 Quark thresholds at    0.0000000000000000        4.9199999999999999        10000000000.000000     
 init_pdfs_NNLOPS: set_pdfs_to_zero_when_negative flag set to  F
 initialization of PDFs, hoppet interface, using init_pdfs_NNLOPS: pdf_q2min =    2.7224999999999997     
 RM48 INITIALIZED:         1    16727942         0
 RM48IN SKIPPING OVER        16727942
 =============================================
 using modlog_p =    6.0000000000000000     
 =============================================
 freezing of alphas in setlocalscales at [GeV]    0.0000000000000000     
 freezing of PDF evolution in setlocalscales at [GeV]   1.8149999999999999     
 =========================
 *MINNLO* ACTIVATED
 =========================
 include_delta_terms is  F
 distribute_by_ub is  T
 distribute_by_ub_AP is  T
 =============================================
 flg_dtermsallorders =  T
 =============================================
 =============================================
 using kappaQ =    1.0000000000000000     
 =============================================
 ===============================================
 LHAPDF
 ===============================================
 muF =   0.75000000000000000     
 x,g,d,u,c,b ->    1.0000000000000000E-003  -1886.4204983828686        192.88456069848840        216.17962583654645       -232.91940689004906        1.9180771147275924E-007
 x,g,d,u,c,b ->    1.0000000000000000E-002  -33.923521159618929        20.926526760194022        24.228216711886457       -14.824870955674839        1.2096475598657483E-008
 x,g,d,u,c,b ->    5.0000000000000003E-002   26.076629135788529        6.9838402706359179        8.8999139444010922       -1.4480804677133281        1.3243654772086863E-010
 x,g,d,u,c,b ->   0.10000000000000001        13.022503140920282        4.3533757770667565        6.0797455540379985      -0.35611780731899528       -6.3192488094135843E-009
 muF =    1.0000000000000000     
 x,g,d,u,c,b ->    1.0000000000000000E-003  -1341.7435449948323        258.65037112849728        283.03659736223494       -161.10448752256221        1.9180771147275919E-007
 x,g,d,u,c,b ->    1.0000000000000000E-002   69.591295380422835        26.406349454626724        30.332485875905778       -9.3774616812638332        1.2096475598657475E-008
LHAPDF 6.4.0 loading /cvmfs/cms.cern.ch/slc7_amd64_gcc10/external/lhapdf/6.4.0-f99dd75eb8675a339d8b05f6184e6d59/share/LHAPDF/NNPDF31_nnlo_hessian_pdfas/NNPDF31_nnlo_hessian_pdfas_0001.dat
NNPDF31_nnlo_hessian_pdfas PDF set, member #1, version 1; LHAPDF ID = 306001
 x,g,d,u,c,b ->    5.0000000000000003E-002   31.988351722845664        7.5777665484282464        9.7810838803679498      -0.83286857824886673        1.3243654772086866E-010
 x,g,d,u,c,b ->   0.10000000000000001        14.681257406575371        4.3784745289720979        6.2781549343781533      -0.19785459814517711       -6.3192488094135827E-009
 muF =    2.0000000000000000     
 x,g,d,u,c,b ->    1.0000000000000000E-003   3397.5991093806197        474.86670581035492        501.88190533783541        65.856115478126284        1.6963569687137597E-007
 x,g,d,u,c,b ->    1.0000000000000000E-002   338.87961973716563        38.859644429513317        44.122568377835982        2.9350725090844900       -9.3038145788891420E-009
 x,g,d,u,c,b ->    5.0000000000000003E-002   45.939668974562558        8.4884765459488385        11.224318747384775       0.21186908534458418       -5.2395606758604418E-009
 x,g,d,u,c,b ->   0.10000000000000001        14.640068897657898        4.3074848416934062        6.4722359073420641        4.9795722161490211E-002  -2.6586441278607106E-009
 muF =    5.0000000000000000     
 x,g,d,u,c,b ->    1.0000000000000000E-003   11047.568846461649        760.98766301581713        790.64646941868045        359.51074643306339        3.1168629731021134     
 x,g,d,u,c,b ->    1.0000000000000000E-002   562.40372377820279        50.011207923623104        56.412980281240642        13.963201641852443       0.28668793023040740     
 x,g,d,u,c,b ->    5.0000000000000003E-002   49.741102876821707        8.9398044752610808        12.049595616911152       0.86887449188852028        2.5476725378775773E-002
 x,g,d,u,c,b ->   0.10000000000000001        13.065066335306929        4.1381884406883396        6.4385595799844051       0.18446456574211303        6.0021691311641315E-003
 muF =    91.000000000000000     
 x,g,d,u,c,b ->    1.0000000000000000E-003   29180.165347472950        1556.7729254484350        1592.4120941114238        1166.6148768140515        845.01060618693020     
 x,g,d,u,c,b ->    1.0000000000000000E-002   807.41165058748834        69.532698028645555        78.025629444393331        33.422372410052070        22.619481860471041     
 x,g,d,u,c,b ->    5.0000000000000003E-002   42.691544960063531        9.0852094262281735        12.698736249098411        1.5924318427977764        1.0263712224491068     
 x,g,d,u,c,b ->   0.10000000000000001        8.8378139817618049        3.6414685848092048        6.0125091169028284       0.29881170325657153       0.18304583905019897     
 ===============================
 =============================================
 Using profiled scales: (Q0,npow) =    1.3909849999999999        1.0000000000000000     
 =============================================
 Performing backward evolution from scale Q =    1.8149999999999999      , with nf =            4
 Quark thresholds at    0.0000000000000000        4.9199999999999999        10000000000.000000     
 init_pdfs_NNLOPS: set_pdfs_to_zero_when_negative flag set to  F
 initialization of PDFs, hoppet interface, using init_pdfs_NNLOPS: pdf_q2min =    2.7224999999999997     
 RM48 INITIALIZED:         1    16727942         0
 RM48IN SKIPPING OVER        16727942
 =============================================
 using modlog_p =    6.0000000000000000     
 =============================================
 freezing of alphas in setlocalscales at [GeV]    0.0000000000000000     
 freezing of PDF evolution in setlocalscales at [GeV]   1.8149999999999999     
 =========================
 *MINNLO* ACTIVATED
 =========================
 include_delta_terms is  F
 distribute_by_ub is  T
 distribute_by_ub_AP is  T
 =============================================
 flg_dtermsallorders =  T
 =============================================
 =============================================
 using kappaQ =    1.0000000000000000     
 =============================================
 ===============================================
 LHAPDF
 ===============================================
 muF =   0.75000000000000000     
 x,g,d,u,c,b ->    1.0000000000000000E-003  -1761.1059662414716        190.76427183516606        213.94558022825930       -233.89227626746091        7.1673215717587859E-007
LHAPDF 6.4.0 loading /cvmfs/cms.cern.ch/slc7_amd64_gcc10/external/lhapdf/6.4.0-f99dd75eb8675a339d8b05f6184e6d59/share/LHAPDF/NNPDF31_nnlo_hessian_pdfas/NNPDF31_nnlo_hessian_pdfas_0002.dat
NNPDF31_nnlo_hessian_pdfas PDF set, member #2, version 1; LHAPDF ID = 306002
 x,g,d,u,c,b ->    1.0000000000000000E-002  -35.336848693523500        20.960533329257068        24.268287657894167       -14.885643699646197        4.2144267168902313E-008
 x,g,d,u,c,b ->    5.0000000000000003E-002   25.452790390322541        6.9970944383900440        8.9047512608484354       -1.4460123480764644        3.2524661675339340E-009
 x,g,d,u,c,b ->   0.10000000000000001        13.102289170885873        4.3611383383322107        6.0824792246716317      -0.35694512066691675       -1.0220151881321308E-008
 muF =    1.0000000000000000     
 x,g,d,u,c,b ->    1.0000000000000000E-003  -1238.4787869153331        257.05065827480985        281.41970486553043       -161.63743823275087        7.1673215717587869E-007
 x,g,d,u,c,b ->    1.0000000000000000E-002   68.937434080219418        26.437128472620479        30.369908585673372       -9.4306199634879331        4.2144267168902300E-008
 x,g,d,u,c,b ->    5.0000000000000003E-002   31.929590952038705        7.5890113044235452        9.7845027298244602      -0.83413770057642578        3.2524661675339328E-009
 x,g,d,u,c,b ->   0.10000000000000001        14.675183521371048        4.3845495348918311        6.2814247159664376      -0.19923041326676577       -1.0220151881321306E-008
 muF =    2.0000000000000000     
 x,g,d,u,c,b ->    1.0000000000000000E-003   3455.0601474579012        473.77406902527775        500.90344738356430        65.650261980654633        1.5857456694354117E-007
 x,g,d,u,c,b ->    1.0000000000000000E-002   338.55520872228487        38.885085758556528        44.154474158183618        2.8905394232435628       -3.8183248965573142E-008
 x,g,d,u,c,b ->    5.0000000000000003E-002   45.855861211239230        8.4977544289992633        11.227320115150281       0.20817355596419085       -7.7710836561981023E-009
 x,g,d,u,c,b ->   0.10000000000000001        14.632691997383509        4.3113376022269989        6.4756347053683081        4.8274052524559762E-002  -2.3513897657872867E-009
 muF =    5.0000000000000000     
 x,g,d,u,c,b ->    1.0000000000000000E-003   11071.591426702431        759.88164123027616        789.71714212613563        359.14572037597384        3.1238376129241008     
 x,g,d,u,c,b ->    1.0000000000000000E-002   562.08894405082026        50.031225746091053        56.438361358157017        13.919674526289688       0.28653660536803327     
 x,g,d,u,c,b ->    5.0000000000000003E-002   49.673559837596578        8.9474191159836050        12.052322108040702       0.86530773176427667        2.5445150531306984E-002
 x,g,d,u,c,b ->   0.10000000000000001        13.064734862783322        4.1404647550564837        6.4416454362399476       0.18305225433340941        6.0033430060433286E-003
 muF =    91.000000000000000     
 x,g,d,u,c,b ->    1.0000000000000000E-003   29166.209418302849        1555.2552382438435        1591.0827777863569        1165.4925643683946        844.40812427409276     
 x,g,d,u,c,b ->    1.0000000000000000E-002   807.00122215856743        69.541889100784744        78.035954815414726        33.373794755806230        22.607099595188227     
 x,g,d,u,c,b ->    5.0000000000000003E-002   42.664181774233697        9.0903966829488265        12.701674295654980        1.5891548783580347        1.0258504894723992     
 x,g,d,u,c,b ->   0.10000000000000001        8.8373811109392761        3.6415514727417166        6.0145698851605598       0.29763724318121448       0.18303571073483008     
 ===============================
 =============================================
 Using profiled scales: (Q0,npow) =    1.3909849999999999        1.0000000000000000     
 =============================================
 Performing backward evolution from scale Q =    1.8149999999999999      , with nf =            4
 Quark thresholds at    0.0000000000000000        4.9199999999999999        10000000000.000000     
 init_pdfs_NNLOPS: set_pdfs_to_zero_when_negative flag set to  F
 initialization of PDFs, hoppet interface, using init_pdfs_NNLOPS: pdf_q2min =    2.7224999999999997     
 RM48 INITIALIZED:         1    16727942         0
 RM48IN SKIPPING OVER        16727942
 =============================================
 using modlog_p =    6.0000000000000000     
 =============================================
 freezing of alphas in setlocalscales at [GeV]    0.0000000000000000     
 freezing of PDF evolution in setlocalscales at [GeV]   1.8149999999999999     
 =========================
 *MINNLO* ACTIVATED
 =========================
 include_delta_terms is  F
 distribute_by_ub is  T
 distribute_by_ub_AP is  T
 =============================================
 flg_dtermsallorders =  T
 =============================================
 =============================================
 using kappaQ =    1.0000000000000000     
 =============================================
 ===============================================
 LHAPDF
 ===============================================
 muF =   0.75000000000000000     
 x,g,d,u,c,b ->    1.0000000000000000E-003  -2332.5750231141715        199.97776543509866        225.24827824913095       -229.94700076841198       -6.6941099583060270E-008
 x,g,d,u,c,b ->    1.0000000000000000E-002  -33.350508729908597        20.594099434990088        23.977514098318721       -14.988105575475918        7.4327719687835363E-010
 x,g,d,u,c,b ->    5.0000000000000003E-002   26.419901002733063        6.9680749883442195        8.9054067984098886       -1.4556408651065704        6.2163070748493902E-009
 x,g,d,u,c,b ->   0.10000000000000001        12.946995326931793        4.3503655300478457        6.0809447581409968      -0.36115491614218520       -7.7391981600635506E-009
 muF =    1.0000000000000000     
 x,g,d,u,c,b ->    1.0000000000000000E-003  -1730.9548225787300        262.74924634982432        289.03256815535758       -160.66569014062225       -6.6941099583060283E-008
 x,g,d,u,c,b ->    1.0000000000000000E-002   71.351191308454844        26.124563138586915        30.144014956088778       -9.4924404895972714        7.4327719687835342E-010
 x,g,d,u,c,b ->    5.0000000000000003E-002   32.307598714729146        7.5647925248085617        9.7869366391294133      -0.84030858772239558        6.2163070748493910E-009
 x,g,d,u,c,b ->   0.10000000000000001        14.648807647766546        4.3770630455159640        6.2783769406920191      -0.20230146381873454       -7.7391981600635523E-009
 muF =    2.0000000000000000     
 x,g,d,u,c,b ->    1.0000000000000000E-003   3139.7910656302975        475.15174508181849        503.94550018268922        63.434712925687890       -2.3896444772954937E-007
 x,g,d,u,c,b ->    1.0000000000000000E-002   341.50478774197694        38.672546079274525        44.042099353518445        2.8996301126033761        9.9361944417049124E-009
 x,g,d,u,c,b ->    5.0000000000000003E-002   46.074950164432245        8.4801352233984311        11.229746841754999       0.20514468892378279       -4.7139794467987324E-010
 x,g,d,u,c,b ->   0.10000000000000001        14.629808526224929        4.3073081297782503        6.4727197420125249        4.6110010862893763E-002  -5.3760841393556893E-010
 muF =    5.0000000000000000     
 x,g,d,u,c,b ->    1.0000000000000000E-003   10896.617774102277        760.08874588791377        791.43590054468666        356.61857584447318        3.0457954221265324     
 x,g,d,u,c,b ->    1.0000000000000000E-002   565.07944175418959        49.884972715536925        56.397562870411853        13.973023147501692       0.28836984565027723     
 x,g,d,u,c,b ->    5.0000000000000003E-002   49.794786461513908        8.9338787060156299        12.054002288049485       0.86210230641187791        2.5490225334278735E-002
 x,g,d,u,c,b ->   0.10000000000000001        13.064054411559118        4.1383839955175636        6.4395600090843734       0.18106187154094738        6.0022884360904465E-003
 muF =    91.000000000000000     
 x,g,d,u,c,b ->    1.0000000000000000E-003   29173.396642947511        1556.5855091007647        1593.7740050747443        1165.4533098459708        845.52331460556468     
 x,g,d,u,c,b ->    1.0000000000000000E-002   809.23758480377955        69.479524036003568        78.079081942594641        33.468319649788604        22.671049412660476     
 x,g,d,u,c,b ->    5.0000000000000003E-002   42.693314381742240        9.0822524134513536        12.701941855887329        1.5854262842095690        1.0261932129515099     
LHAPDF 6.4.0 loading /cvmfs/cms.cern.ch/slc7_amd64_gcc10/external/lhapdf/6.4.0-f99dd75eb8675a339d8b05f6184e6d59/share/LHAPDF/NNPDF31_nnlo_hessian_pdfas/NNPDF31_nnlo_hessian_pdfas_0003.dat
NNPDF31_nnlo_hessian_pdfas PDF set, member #3, version 1; LHAPDF ID = 306003
 x,g,d,u,c,b ->   0.10000000000000001        8.8362605861966603        3.6421413800331019        6.0142264777781627       0.29577627706489446       0.18291536172439471     
 ===============================
 =============================================
 Using profiled scales: (Q0,npow) =    1.3909849999999999        1.0000000000000000     
 =============================================
 Performing backward evolution from scale Q =    1.8149999999999999      , with nf =            4
 Quark thresholds at    0.0000000000000000        4.9199999999999999        10000000000.000000     
 init_pdfs_NNLOPS: set_pdfs_to_zero_when_negative flag set to  F
 initialization of PDFs, hoppet interface, using init_pdfs_NNLOPS: pdf_q2min =    2.7224999999999997     
 RM48 INITIALIZED:         1    16727942         0
 RM48IN SKIPPING OVER        16727942
 =============================================
 using modlog_p =    6.0000000000000000     
 =============================================
 freezing of alphas in setlocalscales at [GeV]    0.0000000000000000     
 freezing of PDF evolution in setlocalscales at [GeV]   1.8149999999999999     
 =========================
 *MINNLO* ACTIVATED
 =========================
 include_delta_terms is  F
 distribute_by_ub is  T
 distribute_by_ub_AP is  T
 =============================================
 flg_dtermsallorders =  T
 =============================================
 =============================================
 using kappaQ =    1.0000000000000000     
 =============================================
 ===============================================
 LHAPDF
 ===============================================
 muF =   0.75000000000000000     
 x,g,d,u,c,b ->    1.0000000000000000E-003  -2256.5316564812774        203.37424073516863        225.87770948579325       -229.20882019363057        3.2926942547862943E-007
 x,g,d,u,c,b ->    1.0000000000000000E-002  -34.816637184099378        20.658802496762043        23.930815984921900       -14.936427866004465        2.0310849077343194E-008
 x,g,d,u,c,b ->    5.0000000000000003E-002   27.036005330235014        6.9759766155967347        8.8998144274250048       -1.4493330460266103        7.5092988872961823E-009
 x,g,d,u,c,b ->   0.10000000000000001        13.012418221009829        4.3533058755933087        6.0808685189742091      -0.35552468471641985       -1.0523322259640097E-008
 muF =    1.0000000000000000     
 x,g,d,u,c,b ->    1.0000000000000000E-003  -1688.0278593026726        265.41229843740081        289.14516240091001       -160.33582664496075        3.2926942547862932E-007
 x,g,d,u,c,b ->    1.0000000000000000E-002   70.158162225044137        26.187484689611484        30.095348080557081       -9.4496723055183960        2.0310849077343188E-008
 x,g,d,u,c,b ->    5.0000000000000003E-002   32.401059350584376        7.5724321135723001        9.7831727141352651      -0.83367979660023905        7.5092988872961823E-009
 x,g,d,u,c,b ->   0.10000000000000001        14.711006964214972        4.3777286047779986        6.2802369228829669      -0.19748385506493293       -1.0523322259640097E-008
 muF =    2.0000000000000000     
 x,g,d,u,c,b ->    1.0000000000000000E-003   3128.7024705099402        476.49975816970993        503.08037596207845        62.942621849634840        6.1864238611266005E-008
 x,g,d,u,c,b ->    1.0000000000000000E-002   340.90192515907654        38.729371685425370        43.995568620382166        2.9320927437674018        3.0949841495293385E-008
 x,g,d,u,c,b ->    5.0000000000000003E-002   46.117323977727388        8.4857630852944244        11.228520465327172       0.21099751418667664        1.3670970539936857E-009
 x,g,d,u,c,b ->   0.10000000000000001        14.648756779250775        4.3075401184998254        6.4746939145838009        4.9638998736539423E-002  -5.7851297544963819E-009
 muF =    5.0000000000000000     
 x,g,d,u,c,b ->    1.0000000000000000E-003   10864.860988184957        760.52557133671212        789.88446537469213        355.52778491353422        3.0215112125770514     
 x,g,d,u,c,b ->    1.0000000000000000E-002   564.78183817311890        49.938751097008797        56.357547730347889        14.001798016164921       0.28832559214503234     
LHAPDF 6.4.0 loading /cvmfs/cms.cern.ch/slc7_amd64_gcc10/external/lhapdf/6.4.0-f99dd75eb8675a339d8b05f6184e6d59/share/LHAPDF/NNPDF31_nnlo_hessian_pdfas/NNPDF31_nnlo_hessian_pdfas_0004.dat
NNPDF31_nnlo_hessian_pdfas PDF set, member #4, version 1; LHAPDF ID = 306004
 x,g,d,u,c,b ->    5.0000000000000003E-002   49.824552915544288        8.9383253880597238        12.054214969055698       0.86798729807961728        2.5503969663635433E-002
 x,g,d,u,c,b ->   0.10000000000000001        13.061348483479760        4.1389496136446144        6.4410431273937574       0.18380137816747222        5.9951826416760091E-003
 muF =    91.000000000000000     
 x,g,d,u,c,b ->    1.0000000000000000E-003   29136.527945626669        1555.8820586112859        1591.3582236060843        1163.6399986035121        844.38114137641276     
 x,g,d,u,c,b ->    1.0000000000000000E-002   809.14878385229383        69.523992948979853        78.046361790158926        33.498098290057150        22.670953547562565     
 x,g,d,u,c,b ->    5.0000000000000003E-002   42.693565387345103        9.0853079301696269        12.703402495591522        1.5898743327525446        1.0259807682397915     
 x,g,d,u,c,b ->   0.10000000000000001        8.8281101390975429        3.6433572005769790        6.0151032764494188       0.29726344635409974       0.18268831684932030     
 ===============================
 =============================================
 Using profiled scales: (Q0,npow) =    1.3909849999999999        1.0000000000000000     
 =============================================
 Performing backward evolution from scale Q =    1.8149999999999999      , with nf =            4
 Quark thresholds at    0.0000000000000000        4.9199999999999999        10000000000.000000     
 init_pdfs_NNLOPS: set_pdfs_to_zero_when_negative flag set to  F
 initialization of PDFs, hoppet interface, using init_pdfs_NNLOPS: pdf_q2min =    2.7224999999999997     
 RM48 INITIALIZED:         1    16727942         0
 RM48IN SKIPPING OVER        16727942
 =============================================
 using modlog_p =    6.0000000000000000     
 =============================================
 freezing of alphas in setlocalscales at [GeV]    0.0000000000000000     
 freezing of PDF evolution in setlocalscales at [GeV]   1.8149999999999999     
 =========================
 *MINNLO* ACTIVATED
 =========================
 include_delta_terms is  F
 distribute_by_ub is  T
 distribute_by_ub_AP is  T
 =============================================
 flg_dtermsallorders =  T
 =============================================
 =============================================
 using kappaQ =    1.0000000000000000     
 =============================================
 ===============================================
 LHAPDF
 ===============================================
 muF =   0.75000000000000000     
 x,g,d,u,c,b ->    1.0000000000000000E-003  -1727.5029540462813        204.45266331357530        230.36891134895373       -230.66811587730777       -3.6726221603177042E-007
 x,g,d,u,c,b ->    1.0000000000000000E-002  -35.508896171462268        21.241760447289035        24.564558849238747       -14.873111840106670        2.0863331273385786E-008
 x,g,d,u,c,b ->    5.0000000000000003E-002   29.131716304396587        6.9845032883169873        8.9054272950250724       -1.4595042605327464        5.4185094922782611E-009
 x,g,d,u,c,b ->   0.10000000000000001        12.426462346180086        4.3378192949844836        6.0783518439515047      -0.35811798246181126       -7.9932492223340097E-009
 muF =    1.0000000000000000     
 x,g,d,u,c,b ->    1.0000000000000000E-003  -1225.3540398198979        269.94961356407390        296.73885961326465       -158.64582787787873       -3.6726221603177042E-007
 x,g,d,u,c,b ->    1.0000000000000000E-002   68.176977070502502        26.679465472290914        30.630169285687835       -9.4287431124983438        2.0863331273385782E-008
 x,g,d,u,c,b ->    5.0000000000000003E-002   32.129842614488524        7.5787008273729892        9.7883843896702061      -0.83967622744934689        5.4185094922782595E-009
 x,g,d,u,c,b ->   0.10000000000000001        14.579991333665486        4.3658482503965486        6.2761753004790704      -0.19909354795809009       -7.9932492223340097E-009
 muF =    2.0000000000000000     
 x,g,d,u,c,b ->    1.0000000000000000E-003   3446.3317472853632        485.02911687439416        514.05086057718017        68.072097667944121        2.1423034000903808E-007
LHAPDF 6.4.0 loading /cvmfs/cms.cern.ch/slc7_amd64_gcc10/external/lhapdf/6.4.0-f99dd75eb8675a339d8b05f6184e6d59/share/LHAPDF/NNPDF31_nnlo_hessian_pdfas/NNPDF31_nnlo_hessian_pdfas_0005.dat
NNPDF31_nnlo_hessian_pdfas PDF set, member #5, version 1; LHAPDF ID = 306005
 x,g,d,u,c,b ->    1.0000000000000000E-002   338.27193430718575        39.066785536243295        44.355724044593032        2.8870925737341326       -2.2495664156435981E-008
 x,g,d,u,c,b ->    5.0000000000000003E-002   45.952771886983406        8.4861768899800403        11.229642557096826       0.20785809611083658        4.6061471626000286E-010
 x,g,d,u,c,b ->   0.10000000000000001        14.682759692814965        4.2981363052254871        6.4696904404338280        5.0298302432358472E-002  -3.3675386958168361E-009
 muF =    5.0000000000000000     
 x,g,d,u,c,b ->    1.0000000000000000E-003   11054.270156887138        769.87764363349731        801.26008864712855        361.12104416585839        3.1142524548887804     
 x,g,d,u,c,b ->    1.0000000000000000E-002   562.34980504797750        50.180462890469059        56.605136023564540        13.925950520682218       0.28672884096668744     
 x,g,d,u,c,b ->    5.0000000000000003E-002   49.786967691927352        8.9359258926693474        12.053348430573681       0.86729498569787922        2.5519107792289348E-002
 x,g,d,u,c,b ->   0.10000000000000001        13.099842813734588        4.1305600333030030        6.4353969952711187       0.18623743236117743        6.0219084113778973E-003
 muF =    91.000000000000000     
 x,g,d,u,c,b ->    1.0000000000000000E-003   29158.958869451184        1563.4495317515095        1600.4069098773221        1167.1445663987254        844.43972825333776     
 x,g,d,u,c,b ->    1.0000000000000000E-002   807.95400233906685        69.656237422875137        78.172742849601150        33.408732363779265        22.638605679258593     
 x,g,d,u,c,b ->    5.0000000000000003E-002   42.748136190525798        9.0794024106390001        12.699733242149934        1.5943649960546831        1.0283087276754828     
 x,g,d,u,c,b ->   0.10000000000000001        8.8549332740533533        3.6360162660463748        6.0081078329877533       0.30191104046909772       0.18353747284666538     
 ===============================
 =============================================
 Using profiled scales: (Q0,npow) =    1.3909849999999999        1.0000000000000000     
 =============================================
 Performing backward evolution from scale Q =    1.8149999999999999      , with nf =            4
 Quark thresholds at    0.0000000000000000        4.9199999999999999        10000000000.000000     
 init_pdfs_NNLOPS: set_pdfs_to_zero_when_negative flag set to  F
 initialization of PDFs, hoppet interface, using init_pdfs_NNLOPS: pdf_q2min =    2.7224999999999997     
 RM48 INITIALIZED:         1    16727942         0
 RM48IN SKIPPING OVER        16727942
 =============================================
 using modlog_p =    6.0000000000000000     
 =============================================
 freezing of alphas in setlocalscales at [GeV]    0.0000000000000000     
 freezing of PDF evolution in setlocalscales at [GeV]   1.8149999999999999     
 =========================
 *MINNLO* ACTIVATED
 =========================
 include_delta_terms is  F
 distribute_by_ub is  T
 distribute_by_ub_AP is  T
 =============================================
 flg_dtermsallorders =  T
 =============================================
 =============================================
 using kappaQ =    1.0000000000000000     
 =============================================
 ===============================================
 LHAPDF
 ===============================================
 muF =   0.75000000000000000     
 x,g,d,u,c,b ->    1.0000000000000000E-003  -1788.0135041217841        181.42153023507313        207.40773411425099       -236.10953879573540       -4.6845375690236078E-007
 x,g,d,u,c,b ->    1.0000000000000000E-002  -32.176496708178028        21.095047183655392        24.358942740504354       -14.774303942860165       -3.1535822228037007E-008
 x,g,d,u,c,b ->    5.0000000000000003E-002   25.198466045307203        6.9898526525529387        8.9218618396504006       -1.4519071113395292        2.5631442254268476E-010
 x,g,d,u,c,b ->   0.10000000000000001        13.021494721256676        4.3531726800226078        6.0847909280249395      -0.35893008409807275       -1.9958812664351167E-009
LHAPDF 6.4.0 loading /cvmfs/cms.cern.ch/slc7_amd64_gcc10/external/lhapdf/6.4.0-f99dd75eb8675a339d8b05f6184e6d59/share/LHAPDF/NNPDF31_nnlo_hessian_pdfas/NNPDF31_nnlo_hessian_pdfas_0006.dat
NNPDF31_nnlo_hessian_pdfas PDF set, member #6, version 1; LHAPDF ID = 306006
 muF =    1.0000000000000000     
 x,g,d,u,c,b ->    1.0000000000000000E-003  -1222.7927176996786        249.67688356670925        276.54497194632410       -162.50310541163137       -4.6845375690236088E-007
 x,g,d,u,c,b ->    1.0000000000000000E-002   70.427413192337909        26.545252383932976        30.443308749540719       -9.3412553040967357       -3.1535822228036994E-008
 x,g,d,u,c,b ->    5.0000000000000003E-002   31.706190652007866        7.5808896695995092        9.7987653673009110      -0.83778706514271051        2.5631442254268476E-010
 x,g,d,u,c,b ->   0.10000000000000001        14.646125989596715        4.3785329334014191        6.2825784754181999      -0.20019948619970127       -1.9958812664351159E-009
 muF =    2.0000000000000000     
 x,g,d,u,c,b ->    1.0000000000000000E-003   3530.1993937922907        469.85589792118395        498.98207642711327        67.109497237516919       -3.9472653614035989E-007
 x,g,d,u,c,b ->    1.0000000000000000E-002   338.27167985952451        38.946673757894544        44.197671628142906        2.9380650137599416        1.7615056831996234E-008
 x,g,d,u,c,b ->    5.0000000000000003E-002   45.770284405781311        8.4895906651947826        11.237491633545167       0.20695473429841910       -7.7805219787622122E-010
 x,g,d,u,c,b ->   0.10000000000000001        14.629133921014606        4.3073227333391584        6.4760397932559677        4.8540115164689791E-002   1.8733729897858500E-009
 muF =    5.0000000000000000     
 x,g,d,u,c,b ->    1.0000000000000000E-003   11160.241467511945        758.10927644342030        789.61838860351656        361.94211187788898        3.1842728893890473     
 x,g,d,u,c,b ->    1.0000000000000000E-002   561.21421409655375        50.061696386294308        56.461975691893429        13.939240660131748       0.28575968374625310     
 x,g,d,u,c,b ->    5.0000000000000003E-002   49.639309203322391        8.9402135365159143        12.060558324843678       0.86420543372335401        2.5435060427849213E-002
 x,g,d,u,c,b ->   0.10000000000000001        13.069362184825541        4.1376942739742351        6.4417389342563389       0.18389307361131180        6.0078340727909964E-003
 muF =    91.000000000000000     
 x,g,d,u,c,b ->    1.0000000000000000E-003   29227.921557046899        1555.5785014245776        1592.6557175635371        1169.2570397047198        846.11745938947797     
 x,g,d,u,c,b ->    1.0000000000000000E-002   806.23864531161132        69.540172846426344        78.043875103143819        33.362039511759590        22.582629701168909     
 x,g,d,u,c,b ->    5.0000000000000003E-002   42.671849874355701        9.0851404704742578        12.707032405790081        1.5894548171528911        1.0262297960687461     
 x,g,d,u,c,b ->   0.10000000000000001        8.8444865721168142        3.6403746966250088        6.0145662433237153       0.29908661295053762       0.18322851800669315     
 ===============================
 =============================================
 Using profiled scales: (Q0,npow) =    1.3909849999999999        1.0000000000000000     
 =============================================
 Performing backward evolution from scale Q =    1.8149999999999999      , with nf =            4
 Quark thresholds at    0.0000000000000000        4.9199999999999999        10000000000.000000     
 init_pdfs_NNLOPS: set_pdfs_to_zero_when_negative flag set to  F
 initialization of PDFs, hoppet interface, using init_pdfs_NNLOPS: pdf_q2min =    2.7224999999999997     
 RM48 INITIALIZED:         1    16727942         0
 RM48IN SKIPPING OVER        16727942
 =============================================
 using modlog_p =    6.0000000000000000     
 =============================================
 freezing of alphas in setlocalscales at [GeV]    0.0000000000000000     
 freezing of PDF evolution in setlocalscales at [GeV]   1.8149999999999999     
 =========================
 *MINNLO* ACTIVATED
 =========================
 include_delta_terms is  F
 distribute_by_ub is  T
 distribute_by_ub_AP is  T
 =============================================
 flg_dtermsallorders =  T
 =============================================
 =============================================
 using kappaQ =    1.0000000000000000     
 =============================================
 ===============================================
 LHAPDF
 ===============================================
 muF =   0.75000000000000000     
 x,g,d,u,c,b ->    1.0000000000000000E-003  -1951.0591967869764        177.97811455252821        205.33277696926970       -233.95507147917462       -2.4395070336267981E-008
 x,g,d,u,c,b ->    1.0000000000000000E-002  -30.535803226517743        20.747643969381919        24.131968362675813       -14.715382246147405        7.6900694550749461E-008
 x,g,d,u,c,b ->    5.0000000000000003E-002   25.235565330493770        6.9939594454154159        8.9140496061951477       -1.4356868438078676       -2.7666395023121833E-009
 x,g,d,u,c,b ->   0.10000000000000001        13.060296428993878        4.3583319004351173        6.0880393424087806      -0.35429028669055185       -3.8191538543133676E-009
 muF =    1.0000000000000000     
 x,g,d,u,c,b ->    1.0000000000000000E-003  -1359.9377418718072        245.47381890365398        273.57335250226208       -161.32864623727303       -2.4395070336267981E-008
 x,g,d,u,c,b ->    1.0000000000000000E-002   71.620607984139198        26.232041436640802        30.247304751975097       -9.2920991012409822        7.6900694550749448E-008
 x,g,d,u,c,b ->    5.0000000000000003E-002   31.688495620922630        7.5844136019593398        9.7925292250078986      -0.82367935056711439       -2.7666395023121833E-009
 x,g,d,u,c,b ->   0.10000000000000001        14.670943113241774        4.3840058712874601        6.2868821807621931      -0.19717120891250151       -3.8191538543133676E-009
 muF =    2.0000000000000000     
 x,g,d,u,c,b ->    1.0000000000000000E-003   3441.0222224058070        464.91947893303796        495.06094743220069        67.146692412995208       -1.2978884546516566E-007
 x,g,d,u,c,b ->    1.0000000000000000E-002   338.95874840523356        38.693770832009193        44.043753993634120        2.9733059862791906       -3.3872653898202412E-009
 x,g,d,u,c,b ->    5.0000000000000003E-002   45.737986821549519        8.4924733182689263        11.234541457986436       0.21667644055428667       -2.2788528954389798E-009
 x,g,d,u,c,b ->   0.10000000000000001        14.621110980177644        4.3133694843804120        6.4819867903138402        4.8936740117542482E-002  -3.5823066675984813E-009
 muF =    5.0000000000000000     
 x,g,d,u,c,b ->    1.0000000000000000E-003   11108.950954793956        753.19895062657326        785.58480195242191        361.70005800294643        3.1613585435596003     
 x,g,d,u,c,b ->    1.0000000000000000E-002   561.53184587875035        49.851640599657252        56.329269031353867        13.963710108923497       0.28589000304126094     
 x,g,d,u,c,b ->    5.0000000000000003E-002   49.607284383947075        8.9435067893607556        12.060398734329766       0.87059605704087639        2.5411763178496090E-002
 x,g,d,u,c,b ->   0.10000000000000001        13.052681442483145        4.1439676467523716        6.4487782981548580       0.18254478574958019        5.9932775955597543E-003
 muF =    91.000000000000000     
 x,g,d,u,c,b ->    1.0000000000000000E-003   29219.062973268170        1551.3910028497751        1589.1713129050149        1169.1910508293938        846.00457711636773     
 x,g,d,u,c,b ->    1.0000000000000000E-002   806.06860806265900        69.381736085041865        77.938739645818814        33.377217617869753        22.574423240153560     
 x,g,d,u,c,b ->    5.0000000000000003E-002   42.637965144537340        9.0899057286737488        12.711417314361610        1.5901898439898525        1.0249273305831650     
 x,g,d,u,c,b ->   0.10000000000000001        8.8296753627654834        3.6467753115838977        6.0228760181024592       0.29580743916178492       0.18273418699186619     
 ===============================
 =============================================
 Using profiled scales: (Q0,npow) =    1.3909849999999999        1.0000000000000000     
 =============================================
LHAPDF 6.4.0 loading /cvmfs/cms.cern.ch/slc7_amd64_gcc10/external/lhapdf/6.4.0-f99dd75eb8675a339d8b05f6184e6d59/share/LHAPDF/NNPDF31_nnlo_hessian_pdfas/NNPDF31_nnlo_hessian_pdfas_0007.dat
NNPDF31_nnlo_hessian_pdfas PDF set, member #7, version 1; LHAPDF ID = 306007
 Performing backward evolution from scale Q =    1.8149999999999999      , with nf =            4
 Quark thresholds at    0.0000000000000000        4.9199999999999999        10000000000.000000     
 init_pdfs_NNLOPS: set_pdfs_to_zero_when_negative flag set to  F
 initialization of PDFs, hoppet interface, using init_pdfs_NNLOPS: pdf_q2min =    2.7224999999999997     
 RM48 INITIALIZED:         1    16727942         0
 RM48IN SKIPPING OVER        16727942
 =============================================
 using modlog_p =    6.0000000000000000     
 =============================================
 freezing of alphas in setlocalscales at [GeV]    0.0000000000000000     
 freezing of PDF evolution in setlocalscales at [GeV]   1.8149999999999999     
 =========================
 *MINNLO* ACTIVATED
 =========================
 include_delta_terms is  F
 distribute_by_ub is  T
 distribute_by_ub_AP is  T
 =============================================
 flg_dtermsallorders =  T
 =============================================
 =============================================
 using kappaQ =    1.0000000000000000     
 =============================================
 ===============================================
 LHAPDF
 ===============================================
 muF =   0.75000000000000000     
 x,g,d,u,c,b ->    1.0000000000000000E-003  -1855.2619675808385        180.51775674548145        204.48480547994069       -237.09173449329771       -5.4285425394787104E-007
 x,g,d,u,c,b ->    1.0000000000000000E-002  -27.861363497144080        21.048344274481579        24.295342707651859       -14.688725271945724       -1.8018222930419656E-008
 x,g,d,u,c,b ->    5.0000000000000003E-002   24.579288211168652        6.9818216768252181        8.9133455570583919       -1.4298541811012140        7.3191912734815299E-009
 x,g,d,u,c,b ->   0.10000000000000001        12.856343259479273        4.3362839743032850        6.0750452874571730      -0.35543908551531644       -4.3056810660833862E-009
 muF =    1.0000000000000000     
 x,g,d,u,c,b ->    1.0000000000000000E-003  -1255.8691541705739        249.49819020321402        274.46917269540046       -162.64245850511119       -5.4285425394787126E-007
 x,g,d,u,c,b ->    1.0000000000000000E-002   74.377941953883379        26.515985084413177        30.395651214913975       -9.2620875141811450       -1.8018222930419653E-008
 x,g,d,u,c,b ->    5.0000000000000003E-002   31.299141723909578        7.5698327096780966        9.7875660930151298      -0.82181115033572294        7.3191912734815274E-009
 x,g,d,u,c,b ->   0.10000000000000001        14.549793010643057        4.3637080155388013        6.2726262850148036      -0.19575352330278173       -4.3056810660833854E-009
 muF =    2.0000000000000000     
 x,g,d,u,c,b ->    1.0000000000000000E-003   3561.8219511927769        471.06673082411442        498.52651495202957        68.581414985914066       -1.0191695980505882E-006
 x,g,d,u,c,b ->    1.0000000000000000E-002   340.20884610470893        38.918241566972441        44.154086699249575        2.9955608690646147        3.5887801753575980E-008
 x,g,d,u,c,b ->    5.0000000000000003E-002   45.460334649562434        8.4751819662076606        11.222468078685068       0.21699058018747880       -1.1759175825761406E-008
 x,g,d,u,c,b ->   0.10000000000000001        14.615664770553195        4.2961933512418389        6.4670705690478751        5.3790239977594495E-002  -2.5425627734915497E-009
 muF =    5.0000000000000000     
 x,g,d,u,c,b ->    1.0000000000000000E-003   11216.646496009444        760.24248941403630        790.26156210423721        364.50500899909906        3.2287695753705332     
 x,g,d,u,c,b ->    1.0000000000000000E-002   561.69090480339730        50.012780822695426        56.405053577544635        13.971441608075324       0.28557959030992469     
 x,g,d,u,c,b ->    5.0000000000000003E-002   49.447847592353810        8.9251116440560843        12.044322461758640       0.87275226050427812        2.5359678524182250E-002
 x,g,d,u,c,b ->   0.10000000000000001        13.083010986298653        4.1290336154486971        6.4335933001844676       0.18919517213763479        6.0206772094942573E-003
LHAPDF 6.4.0 loading /cvmfs/cms.cern.ch/slc7_amd64_gcc10/external/lhapdf/6.4.0-f99dd75eb8675a339d8b05f6184e6d59/share/LHAPDF/NNPDF31_nnlo_hessian_pdfas/NNPDF31_nnlo_hessian_pdfas_0008.dat
NNPDF31_nnlo_hessian_pdfas PDF set, member #8, version 1; LHAPDF ID = 306008
 muF =    91.000000000000000     
 x,g,d,u,c,b ->    1.0000000000000000E-003   29275.606783315376        1558.4513051662657        1594.3279547364841        1172.7259135511408        847.58492337120276     
 x,g,d,u,c,b ->    1.0000000000000000E-002   805.44973758092442        69.447991406241243        77.947429109356719        33.362666483244979        22.549340638988781     
 x,g,d,u,c,b ->    5.0000000000000003E-002   42.628899106938860        9.0715649049361904        12.691661290697210        1.5971636457727592        1.0258550671660827     
 x,g,d,u,c,b ->   0.10000000000000001        8.8558052028965957        3.6350624895945951        6.0075982953755362       0.30348986626254765       0.18349352949984638     
 ===============================
 =============================================
 Using profiled scales: (Q0,npow) =    1.3909849999999999        1.0000000000000000     
 =============================================
 Performing backward evolution from scale Q =    1.8149999999999999      , with nf =            4
 Quark thresholds at    0.0000000000000000        4.9199999999999999        10000000000.000000     
 init_pdfs_NNLOPS: set_pdfs_to_zero_when_negative flag set to  F
 initialization of PDFs, hoppet interface, using init_pdfs_NNLOPS: pdf_q2min =    2.7224999999999997     
 RM48 INITIALIZED:         1    16727942         0
 RM48IN SKIPPING OVER        16727942
 =============================================
 using modlog_p =    6.0000000000000000     
 =============================================
 freezing of alphas in setlocalscales at [GeV]    0.0000000000000000     
 freezing of PDF evolution in setlocalscales at [GeV]   1.8149999999999999     
 =========================
 *MINNLO* ACTIVATED
 =========================
 include_delta_terms is  F
 distribute_by_ub is  T
 distribute_by_ub_AP is  T
 =============================================
 flg_dtermsallorders =  T
 =============================================
 =============================================
 using kappaQ =    1.0000000000000000     
 =============================================
 ===============================================
 LHAPDF
 ===============================================
 muF =   0.75000000000000000     
 x,g,d,u,c,b ->    1.0000000000000000E-003  -2205.5577021148210        174.74803535888250        204.45081959891564       -234.41146181771481        4.9152926791981091E-007
 x,g,d,u,c,b ->    1.0000000000000000E-002  -23.913095846274214        20.568078713186154        24.020563175699259       -14.731773336830647        2.3748048946251479E-008
 x,g,d,u,c,b ->    5.0000000000000003E-002   23.934991069621400        6.9751013723569883        8.9114100701668324       -1.4262111846672458       -7.4462347304956553E-010
 x,g,d,u,c,b ->   0.10000000000000001        13.147289316029326        4.3414512763674109        6.0812873720617588      -0.36113196643521611       -9.0687825975737785E-009
 muF =    1.0000000000000000     
 x,g,d,u,c,b ->    1.0000000000000000E-003  -1558.7855358399834        242.10816020424485        272.34948539104960       -161.90563627852299        4.9152926791981091E-007
 x,g,d,u,c,b ->    1.0000000000000000E-002   77.716923077221537        26.107988825799488        30.174183040414619       -9.2663895087781825        2.3748048946251472E-008
 x,g,d,u,c,b ->    5.0000000000000003E-002   31.394484286836228        7.5624156532859832        9.7860158273272244      -0.81986542930377138       -7.4462347304956543E-010
 x,g,d,u,c,b ->   0.10000000000000001        14.626370250019006        4.3673165276669437        6.2788016347176168      -0.20119668628910947       -9.0687825975737802E-009
 muF =    2.0000000000000000     
 x,g,d,u,c,b ->    1.0000000000000000E-003   3365.6987885644494        462.57411888265034        494.48258696202618        67.537392954837870        2.0552856894707805E-007
 x,g,d,u,c,b ->    1.0000000000000000E-002   342.87121316801063        38.628019495824773        44.018110279715820        3.0402455735872258        2.6802376271289507E-008
 x,g,d,u,c,b ->    5.0000000000000003E-002   45.518510699013000        8.4678619769826469        11.222813800906556       0.21708496286771853       -8.1577845080739827E-009
LHAPDF 6.4.0 loading /cvmfs/cms.cern.ch/slc7_amd64_gcc10/external/lhapdf/6.4.0-f99dd75eb8675a339d8b05f6184e6d59/share/LHAPDF/NNPDF31_nnlo_hessian_pdfas/NNPDF31_nnlo_hessian_pdfas_0009.dat
NNPDF31_nnlo_hessian_pdfas PDF set, member #9, version 1; LHAPDF ID = 306009
 x,g,d,u,c,b ->   0.10000000000000001        14.600497233374966        4.2985697629148749        6.4723968456918746        4.8213797796738733E-002  -5.8023231950154138E-009
 muF =    5.0000000000000000     
 x,g,d,u,c,b ->    1.0000000000000000E-003   11119.410391275929        752.46780834370520        786.39264686577951        363.62190936548166        3.1906980137866738     
 x,g,d,u,c,b ->    1.0000000000000000E-002   563.75576488203842        49.796612027087114        56.317979960920916        14.035880613977945       0.28673396643557092     
 x,g,d,u,c,b ->    5.0000000000000003E-002   49.466278930620561        8.9191780619011176        12.046923451163622       0.87049570271444898        2.5356947484128981E-002
 x,g,d,u,c,b ->   0.10000000000000001        13.060934307001469        4.1311507734691606        6.4388331540698616       0.18356940430413346        6.0067463734195005E-003
 muF =    91.000000000000000     
 x,g,d,u,c,b ->    1.0000000000000000E-003   29298.454001196336        1553.5158993633884        1592.5095536134513        1173.9147724359907        848.84325823264794     
 x,g,d,u,c,b ->    1.0000000000000000E-002   806.37871369897573        69.314022049823222        77.919247513362507        33.422629876325153        22.572607507043791     
 x,g,d,u,c,b ->    5.0000000000000003E-002   42.607121075841498        9.0680677466612885        12.696685019401707        1.5918089956155945        1.0248886005965614     
 x,g,d,u,c,b ->   0.10000000000000001        8.8426580857529835        3.6372868181182030        6.0132675103536570       0.29837353079222323       0.18314358050507440     
 ===============================
 =============================================
 Using profiled scales: (Q0,npow) =    1.3909849999999999        1.0000000000000000     
 =============================================
 Performing backward evolution from scale Q =    1.8149999999999999      , with nf =            4
 Quark thresholds at    0.0000000000000000        4.9199999999999999        10000000000.000000     
 init_pdfs_NNLOPS: set_pdfs_to_zero_when_negative flag set to  F
 initialization of PDFs, hoppet interface, using init_pdfs_NNLOPS: pdf_q2min =    2.7224999999999997     
 RM48 INITIALIZED:         1    16727942         0
 RM48IN SKIPPING OVER        16727942
 =============================================
 using modlog_p =    6.0000000000000000     
 =============================================
 freezing of alphas in setlocalscales at [GeV]    0.0000000000000000     
 freezing of PDF evolution in setlocalscales at [GeV]   1.8149999999999999     
 =========================
 *MINNLO* ACTIVATED
 =========================
 include_delta_terms is  F
 distribute_by_ub is  T
 distribute_by_ub_AP is  T
 =============================================
 flg_dtermsallorders =  T
 =============================================
 =============================================
 using kappaQ =    1.0000000000000000     
 =============================================
 ===============================================
 LHAPDF
 ===============================================
 muF =   0.75000000000000000     
 x,g,d,u,c,b ->    1.0000000000000000E-003  -1703.2861623276201        195.83232436552080        227.51283907151509       -230.41225310698306        6.2673394034752804E-007
 x,g,d,u,c,b ->    1.0000000000000000E-002  -38.679456921229047        21.157790277117360        24.568249379281418       -14.886818749587393       -5.1826204290170170E-008
 x,g,d,u,c,b ->    5.0000000000000003E-002   27.589085994398797        7.0019402003166942        8.9402438888631011       -1.4746229571416749       -5.1683060014028870E-009
 x,g,d,u,c,b ->   0.10000000000000001        12.896120351153263        4.3620432427031943        6.0897506857668642      -0.37002689136363459        1.3766549297286792E-009
 muF =    1.0000000000000000     
 x,g,d,u,c,b ->    1.0000000000000000E-003  -1203.8352558658048        261.85146465188467        293.89330346250614       -158.76630459065223        6.2673394034752793E-007
 x,g,d,u,c,b ->    1.0000000000000000E-002   66.042737643666470        26.617488255967654        30.649898310627044       -9.4568296695040939       -5.1826204290170164E-008
LHAPDF 6.4.0 loading /cvmfs/cms.cern.ch/slc7_amd64_gcc10/external/lhapdf/6.4.0-f99dd75eb8675a339d8b05f6184e6d59/share/LHAPDF/NNPDF31_nnlo_hessian_pdfas/NNPDF31_nnlo_hessian_pdfas_0010.dat
NNPDF31_nnlo_hessian_pdfas PDF set, member #10, version 1; LHAPDF ID = 306010
 x,g,d,u,c,b ->    5.0000000000000003E-002   32.294887637392428        7.5944427253097890        9.8177263517030475      -0.85585269095094596       -5.1683060014028862E-009
 x,g,d,u,c,b ->   0.10000000000000001        14.653335690157027        4.3856144357173577        6.2864319192403082      -0.21045450654508593        1.3766549297286792E-009
 muF =    2.0000000000000000     
 x,g,d,u,c,b ->    1.0000000000000000E-003   3435.7512430846259        477.57649045552688        510.95538347154934        67.026262977482133       -1.8740349055606978E-008
 x,g,d,u,c,b ->    1.0000000000000000E-002   337.24487177222630        39.044968638297519        44.410081845118377        2.8399043512667284       -4.0634668730183673E-008
 x,g,d,u,c,b ->    5.0000000000000003E-002   46.073797740254371        8.5007778466585329        11.253071914236250       0.19338438984061956       -7.1165971405223514E-009
 x,g,d,u,c,b ->   0.10000000000000001        14.640629227954975        4.3110755970325219        6.4780254267184150        4.0331822254566128E-002   6.4747140929071797E-010
 muF =    5.0000000000000000     
 x,g,d,u,c,b ->    1.0000000000000000E-003   11024.402184820066        762.76735104725060        797.90566844446732        359.35778580609445        3.0889773841782810     
 x,g,d,u,c,b ->    1.0000000000000000E-002   561.95839930947886        50.186863876088069        56.688469843357488        13.872016123718625       0.28674629293990633     
 x,g,d,u,c,b ->    5.0000000000000003E-002   49.830162476493648        8.9500258665007415        12.073913153605346       0.85319849287988447        2.5514029267742239E-002
 x,g,d,u,c,b ->   0.10000000000000001        13.065294301245563        4.1395159123680036        6.4428781128707024       0.17745300311826323        6.0025435958678515E-003
 muF =    91.000000000000000     
 x,g,d,u,c,b ->    1.0000000000000000E-003   29121.239361913493        1556.9808942925326        1596.8174241727488        1164.4764279407696        843.21418849298834     
 x,g,d,u,c,b ->    1.0000000000000000E-002   807.97829645654781        69.699693402650936        78.284680750978978        33.350435238216491        22.643031854381810     
 x,g,d,u,c,b ->    5.0000000000000003E-002   42.725208001012561        9.0914946497476095        12.715925844279306        1.5809091568779190        1.0270696046620356     
 x,g,d,u,c,b ->   0.10000000000000001        8.8398240380663449        3.6400830278447494        6.0147530140420340       0.29558731256456389       0.18313982580082391     
 ===============================
 =============================================
 Using profiled scales: (Q0,npow) =    1.3909849999999999        1.0000000000000000     
 =============================================
 Performing backward evolution from scale Q =    1.8149999999999999      , with nf =            4
 Quark thresholds at    0.0000000000000000        4.9199999999999999        10000000000.000000     
 init_pdfs_NNLOPS: set_pdfs_to_zero_when_negative flag set to  F
 initialization of PDFs, hoppet interface, using init_pdfs_NNLOPS: pdf_q2min =    2.7224999999999997     
 RM48 INITIALIZED:         1    16727942         0
 RM48IN SKIPPING OVER        16727942
 =============================================
 using modlog_p =    6.0000000000000000     
 =============================================
 freezing of alphas in setlocalscales at [GeV]    0.0000000000000000     
 freezing of PDF evolution in setlocalscales at [GeV]   1.8149999999999999     
 =========================
 *MINNLO* ACTIVATED
 =========================
 include_delta_terms is  F
 distribute_by_ub is  T
 distribute_by_ub_AP is  T
 =============================================
 flg_dtermsallorders =  T
 =============================================
 =============================================
 using kappaQ =    1.0000000000000000     
 =============================================
 ===============================================
 LHAPDF
 ===============================================
 muF =   0.75000000000000000     
 x,g,d,u,c,b ->    1.0000000000000000E-003  -1801.5228127423145        190.58597255151903        215.51140724677160       -234.19169630254964       -1.6987507997955702E-007
LHAPDF 6.4.0 loading /cvmfs/cms.cern.ch/slc7_amd64_gcc10/external/lhapdf/6.4.0-f99dd75eb8675a339d8b05f6184e6d59/share/LHAPDF/NNPDF31_nnlo_hessian_pdfas/NNPDF31_nnlo_hessian_pdfas_0011.dat
NNPDF31_nnlo_hessian_pdfas PDF set, member #11, version 1; LHAPDF ID = 306011
 x,g,d,u,c,b ->    1.0000000000000000E-002  -37.141561447325557        20.630896364143041        24.007040206552741       -14.780266572328152        3.8587427380959428E-008
 x,g,d,u,c,b ->    5.0000000000000003E-002   26.019771348206888        6.9587604009678428        8.8599758447026975       -1.4320558005209882        7.0099122511905583E-009
 x,g,d,u,c,b ->   0.10000000000000001        13.084139076186490        4.3507917764911435        6.0731139197485389      -0.34678737612719474       -1.0740076523328078E-008
 muF =    1.0000000000000000     
 x,g,d,u,c,b ->    1.0000000000000000E-003  -1286.3122632752645        255.93751415276660        281.86629577276449       -162.73041693096781       -1.6987507997955700E-007
 x,g,d,u,c,b ->    1.0000000000000000E-002   66.689886114874184        26.095261005705705        30.098355126029951       -9.3383274857520533        3.8587427380959428E-008
 x,g,d,u,c,b ->    5.0000000000000003E-002   32.092033870928638        7.5556112816880727        9.7464923863626662      -0.81702317007670144        7.0099122511905558E-009
 x,g,d,u,c,b ->   0.10000000000000001        14.691792605712770        4.3767533377344909        6.2745618349984555      -0.19007830808964041       -1.0740076523328075E-008
 muF =    2.0000000000000000     
 x,g,d,u,c,b ->    1.0000000000000000E-003   3395.4593960186394        471.06627204481612        499.47636713197238        63.277126116203171        8.4748833124196879E-007
 x,g,d,u,c,b ->    1.0000000000000000E-002   336.97360600166866        38.542324646592881        43.880133242720127        2.9717691873265477       -1.9978499526785085E-008
 x,g,d,u,c,b ->    5.0000000000000003E-002   46.016726651681068        8.4723444227715508        11.199593072485369       0.22649050591455056       -3.5827216237585797E-009
 x,g,d,u,c,b ->   0.10000000000000001        14.631873575065823        4.3076637379922618        6.4727032905787238        5.4836778692561046E-002  -3.4224145013654140E-009
 muF =    5.0000000000000000     
 x,g,d,u,c,b ->    1.0000000000000000E-003   11014.280104213060        756.26612189579157        787.23229629378034        356.12549327278339        3.0849188904585056     
 x,g,d,u,c,b ->    1.0000000000000000E-002   561.27250037556132        49.709205927174800        56.178278586262728        14.005269578804496       0.28619978485270858     
 x,g,d,u,c,b ->    5.0000000000000003E-002   49.792422359943806        8.9278032619300145        12.031726472128545       0.88147832083841415        2.5495058984425632E-002
 x,g,d,u,c,b ->   0.10000000000000001        13.058648539315820        4.1393793601794737        6.4412892418258334       0.18763913236028384        5.9969245448380113E-003
 muF =    91.000000000000000     
 x,g,d,u,c,b ->    1.0000000000000000E-003   29133.896302733265        1550.8895128240310        1587.6640153437656        1162.2889930425881        843.35423899484454     
 x,g,d,u,c,b ->    1.0000000000000000E-002   807.11759969525485        69.279729499834943        77.827115861037953        33.478065001674402        22.615188052449732     
 x,g,d,u,c,b ->    5.0000000000000003E-002   42.698603817460999        9.0787363231241063        12.690672497596513        1.6006701297924104        1.0261578178359143     
 x,g,d,u,c,b ->   0.10000000000000001        8.8318411150291265        3.6436037974898321        6.0177010205131714       0.29926394935350115       0.18279522961035993     
 ===============================
 =============================================
 Using profiled scales: (Q0,npow) =    1.3909849999999999        1.0000000000000000     
 =============================================
 Performing backward evolution from scale Q =    1.8149999999999999      , with nf =            4
 Quark thresholds at    0.0000000000000000        4.9199999999999999        10000000000.000000     
 init_pdfs_NNLOPS: set_pdfs_to_zero_when_negative flag set to  F
 initialization of PDFs, hoppet interface, using init_pdfs_NNLOPS: pdf_q2min =    2.7224999999999997     
 RM48 INITIALIZED:         1    16727942         0
 RM48IN SKIPPING OVER        16727942
 =============================================
 using modlog_p =    6.0000000000000000     
 =============================================
 freezing of alphas in setlocalscales at [GeV]    0.0000000000000000     
 freezing of PDF evolution in setlocalscales at [GeV]   1.8149999999999999     
 =========================
 *MINNLO* ACTIVATED
 =========================
 include_delta_terms is  F
 distribute_by_ub is  T
 distribute_by_ub_AP is  T
 =============================================
 flg_dtermsallorders =  T
 =============================================
 =============================================
 using kappaQ =    1.0000000000000000     
 =============================================
 ===============================================
 LHAPDF
 ===============================================
 muF =   0.75000000000000000     
 x,g,d,u,c,b ->    1.0000000000000000E-003  -2098.5691967938392        186.90362824680102        216.27038658679871       -228.63484479460092        3.9282370101079864E-007
 x,g,d,u,c,b ->    1.0000000000000000E-002  -28.712199043919338        20.086701331643429        23.614411608388188       -14.881616297178621        5.9778001332709285E-008
 x,g,d,u,c,b ->    5.0000000000000003E-002   24.814007580106018        6.9566109392592308        8.9078994445061568       -1.4239482956510252        8.6566871637937468E-010
 x,g,d,u,c,b ->   0.10000000000000001        13.416116453785699        4.3351625635691677        6.0747711644727058      -0.34361202820591535       -4.9797808028504886E-009
 muF =    1.0000000000000000     
 x,g,d,u,c,b ->    1.0000000000000000E-003  -1552.2215109569568        250.96646758311903        281.09263205716769       -158.68269813075466        3.9282370101079858E-007
 x,g,d,u,c,b ->    1.0000000000000000E-002   76.185532259012419        25.692093945677506        29.844542536361196       -9.3568680533438506        5.9778001332709272E-008
 x,g,d,u,c,b ->    5.0000000000000003E-002   32.259595794081612        7.5476594447180476        9.7847391929971170      -0.81132157365531399        8.6566871637937468E-010
 x,g,d,u,c,b ->   0.10000000000000001        14.749200050086406        4.3608363846985707        6.2741377337170761      -0.18846373153911097       -4.9797808028504877E-009
 muF =    2.0000000000000000     
 x,g,d,u,c,b ->    1.0000000000000000E-003   3245.7785290061338        465.99851180630719        498.13618598104301        66.776784982458821        6.8939729693478657E-007
 x,g,d,u,c,b ->    1.0000000000000000E-002   345.10748919815506        38.347976815502840        43.836200663204991        3.0695678213419963        1.4475373578929358E-008
 x,g,d,u,c,b ->    5.0000000000000003E-002   46.052167467471399        8.4575972027826580        11.224186898741090       0.22839053846223512       -1.7774564988057767E-009
 x,g,d,u,c,b ->   0.10000000000000001        14.602775974984070        4.2916125622301768        6.4694096471339098        5.5048222112006925E-002  -1.5774924122769555E-009
 muF =    5.0000000000000000     
 x,g,d,u,c,b ->    1.0000000000000000E-003   10984.452695780552        752.92883794028683        787.26508731915226        360.96749281607265        3.0905305435093973     
 x,g,d,u,c,b ->    1.0000000000000000E-002   567.31655724785003        49.612397391959099        56.237195704022298        14.145065405568749       0.28947230162944670     
 x,g,d,u,c,b ->    5.0000000000000003E-002   49.726673282316142        8.9087663886314026        12.047086710327696       0.88138866577002939        2.5437194426154896E-002
 x,g,d,u,c,b ->   0.10000000000000001        13.018663490220780        4.1240882541649064        6.4365672571181118       0.18770962713596351        5.9752286365358847E-003
 muF =    91.000000000000000     
 x,g,d,u,c,b ->    1.0000000000000000E-003   29245.094518077025        1552.3418308281171        1592.0044387332223        1171.1509452914220        847.60622138965016     
 x,g,d,u,c,b ->    1.0000000000000000E-002   809.44576574447035        69.248337156558520        77.947685225694087        33.613178552280033        22.667649532249595     
 x,g,d,u,c,b ->    5.0000000000000003E-002   42.610334627023860        9.0552700156816659        12.693495163543544        1.5992720276534635        1.0237317388600893     
LHAPDF 6.4.0 loading /cvmfs/cms.cern.ch/slc7_amd64_gcc10/external/lhapdf/6.4.0-f99dd75eb8675a339d8b05f6184e6d59/share/LHAPDF/NNPDF31_nnlo_hessian_pdfas/NNPDF31_nnlo_hessian_pdfas_0012.dat
NNPDF31_nnlo_hessian_pdfas PDF set, member #12, version 1; LHAPDF ID = 306012
 x,g,d,u,c,b ->   0.10000000000000001        8.8107748034035094        3.6305179887882937        6.0116021919011695       0.30049381949524268       0.18238930934708969     
 ===============================
 =============================================
 Using profiled scales: (Q0,npow) =    1.3909849999999999        1.0000000000000000     
 =============================================
 Performing backward evolution from scale Q =    1.8149999999999999      , with nf =            4
 Quark thresholds at    0.0000000000000000        4.9199999999999999        10000000000.000000     
 init_pdfs_NNLOPS: set_pdfs_to_zero_when_negative flag set to  F
 initialization of PDFs, hoppet interface, using init_pdfs_NNLOPS: pdf_q2min =    2.7224999999999997     
 RM48 INITIALIZED:         1    16727942         0
 RM48IN SKIPPING OVER        16727942
 =============================================
 using modlog_p =    6.0000000000000000     
 =============================================
 freezing of alphas in setlocalscales at [GeV]    0.0000000000000000     
 freezing of PDF evolution in setlocalscales at [GeV]   1.8149999999999999     
 =========================
 *MINNLO* ACTIVATED
 =========================
 include_delta_terms is  F
 distribute_by_ub is  T
 distribute_by_ub_AP is  T
 =============================================
 flg_dtermsallorders =  T
 =============================================
 =============================================
 using kappaQ =    1.0000000000000000     
 =============================================
 ===============================================
 LHAPDF
 ===============================================
 muF =   0.75000000000000000     
 x,g,d,u,c,b ->    1.0000000000000000E-003  -1900.1781197153628        197.98156351269901        221.98728513992120       -234.32892123477964        1.9955206080985375E-007
 x,g,d,u,c,b ->    1.0000000000000000E-002  -35.067691138502823        20.800864074162366        24.095000210562969       -14.960434526439995       -1.4720265658210431E-008
 x,g,d,u,c,b ->    5.0000000000000003E-002   27.315451708002957        6.9804026186432431        8.9128791752765171       -1.4564276775323033       -3.8487407997332023E-009
 x,g,d,u,c,b ->   0.10000000000000001        13.081622099914538        4.3500216186591167        6.0849062875749942      -0.35837410095794053       -8.5602797993096252E-009
 muF =    1.0000000000000000     
 x,g,d,u,c,b ->    1.0000000000000000E-003  -1373.9684094798918        262.98769182363111        288.11706524922062       -162.57460525504348        1.9955206080985375E-007
 x,g,d,u,c,b ->    1.0000000000000000E-002   70.110045940590837        26.331364587995541        30.260165971504414       -9.4617620623194814       -1.4720265658210429E-008
 x,g,d,u,c,b ->    5.0000000000000003E-002   32.673180130503404        7.5745769582505424        9.7942642099144805      -0.83863464551990852       -3.8487407997332015E-009
 x,g,d,u,c,b ->   0.10000000000000001        14.679029879289917        4.3736628805188298        6.2815164133121160      -0.20017397835890341       -8.5602797993096252E-009
 muF =    2.0000000000000000     
 x,g,d,u,c,b ->    1.0000000000000000E-003   3366.7336044736599        478.27255080507183        506.01984338492178        64.685022198659425        3.5818388210581310E-007
 x,g,d,u,c,b ->    1.0000000000000000E-002   341.59293260733176        38.871431476892027        44.157124625575079        2.9407444747035658       -5.2388012407264740E-008
 x,g,d,u,c,b ->    5.0000000000000003E-002   46.264401030292468        8.4832791767603197        11.234569933451889       0.20787399724603042       -4.5234817239853632E-009
 x,g,d,u,c,b ->   0.10000000000000001        14.597775934219365        4.3006851624749158        6.4719058966194716        4.7774175447076649E-002  -5.4659603260851105E-009
 muF =    5.0000000000000000     
 x,g,d,u,c,b ->    1.0000000000000000E-003   11040.919985504353        764.31284427171533        794.65885542668900        359.09641878502708        3.1098746560708204     
 x,g,d,u,c,b ->    1.0000000000000000E-002   565.76666865353434        50.074401731825134        56.512805664369978        14.023607053445033       0.28909956472848564     
LHAPDF 6.4.0 loading /cvmfs/cms.cern.ch/slc7_amd64_gcc10/external/lhapdf/6.4.0-f99dd75eb8675a339d8b05f6184e6d59/share/LHAPDF/NNPDF31_nnlo_hessian_pdfas/NNPDF31_nnlo_hessian_pdfas_0013.dat
NNPDF31_nnlo_hessian_pdfas PDF set, member #13, version 1; LHAPDF ID = 306013
 x,g,d,u,c,b ->    5.0000000000000003E-002   49.870943696320452        8.9324246877144446        12.056582136362488       0.86490654370855358        2.5502045210846699E-002
 x,g,d,u,c,b ->   0.10000000000000001        13.021302974719902        4.1307665291335782        6.4360568698929663       0.18305414132223438        5.9798331548351442E-003
 muF =    91.000000000000000     
 x,g,d,u,c,b ->    1.0000000000000000E-003   29227.410565106216        1561.1685322351839        1597.3904133237868        1168.4774992828493        846.75535810442204     
 x,g,d,u,c,b ->    1.0000000000000000E-002   809.89524404910571        69.636402778179658        78.178845033036950        33.528191459849623        22.693367273591786     
 x,g,d,u,c,b ->    5.0000000000000003E-002   42.664302733120302        9.0742155794261024        12.699263667516618        1.5882192051474087        1.0249545291175792     
 x,g,d,u,c,b ->   0.10000000000000001        8.8160034495506387        3.6342465106963528        6.0079765361951702       0.29863587337260900       0.18260809319931537     
 ===============================
 =============================================
 Using profiled scales: (Q0,npow) =    1.3909849999999999        1.0000000000000000     
 =============================================
 Performing backward evolution from scale Q =    1.8149999999999999      , with nf =            4
 Quark thresholds at    0.0000000000000000        4.9199999999999999        10000000000.000000     
 init_pdfs_NNLOPS: set_pdfs_to_zero_when_negative flag set to  F
 initialization of PDFs, hoppet interface, using init_pdfs_NNLOPS: pdf_q2min =    2.7224999999999997     
 RM48 INITIALIZED:         1    16727942         0
 RM48IN SKIPPING OVER        16727942
 =============================================
 using modlog_p =    6.0000000000000000     
 =============================================
 freezing of alphas in setlocalscales at [GeV]    0.0000000000000000     
 freezing of PDF evolution in setlocalscales at [GeV]   1.8149999999999999     
 =========================
 *MINNLO* ACTIVATED
 =========================
 include_delta_terms is  F
 distribute_by_ub is  T
 distribute_by_ub_AP is  T
 =============================================
 flg_dtermsallorders =  T
 =============================================
 =============================================
 using kappaQ =    1.0000000000000000     
 =============================================
 ===============================================
 LHAPDF
 ===============================================
 muF =   0.75000000000000000     
 x,g,d,u,c,b ->    1.0000000000000000E-003  -1742.6832333621396        193.46850244156093        218.95190746253616       -229.08377833166159        4.8958554920419448E-007
 x,g,d,u,c,b ->    1.0000000000000000E-002  -37.851958100169021        20.058155117521956        23.563796157892639       -14.953113127261840        2.3973049176753487E-008
 x,g,d,u,c,b ->    5.0000000000000003E-002   28.435277454646890        6.9507334464375123        8.8774856960494049       -1.4259412966238008       -6.0593694133072410E-009
 x,g,d,u,c,b ->   0.10000000000000001        13.251476519934668        4.3526727673762711        6.0865926782099393      -0.35062359329028320       -1.0955785602949819E-008
 muF =    1.0000000000000000     
 x,g,d,u,c,b ->    1.0000000000000000E-003  -1275.1802759802658        257.91845668080640        284.49318258748951       -158.35493553688156        4.8958554920419426E-007
 x,g,d,u,c,b ->    1.0000000000000000E-002   69.014189232951011        25.671800611234097        29.782143566130170       -9.4099045530028835        2.3973049176753487E-008
 x,g,d,u,c,b ->    5.0000000000000003E-002   33.196967579767474        7.5523322989325257        9.7660024662283451      -0.81062239211254949       -6.0593694133072401E-009
 x,g,d,u,c,b ->   0.10000000000000001        14.679610386921828        4.3765323374351137        6.2840064444945929      -0.19463315787313393       -1.0955785602949817E-008
 muF =    2.0000000000000000     
 x,g,d,u,c,b ->    1.0000000000000000E-003   3368.3477924670938        472.03726544543917        501.24204097681366        66.926917227551328        1.3528495767076337E-007
LHAPDF 6.4.0 loading /cvmfs/cms.cern.ch/slc7_amd64_gcc10/external/lhapdf/6.4.0-f99dd75eb8675a339d8b05f6184e6d59/share/LHAPDF/NNPDF31_nnlo_hessian_pdfas/NNPDF31_nnlo_hessian_pdfas_0014.dat
NNPDF31_nnlo_hessian_pdfas PDF set, member #14, version 1; LHAPDF ID = 306014
 x,g,d,u,c,b ->    1.0000000000000000E-002   343.10399198407697        38.370838308413838        43.782376278432771        3.0698010747085878        2.0743913152493514E-008
 x,g,d,u,c,b ->    5.0000000000000003E-002   46.473353371968500        8.4712027921426039        11.217236135658354       0.23080959238389634       -2.7645413611732617E-009
 x,g,d,u,c,b ->   0.10000000000000001        14.548234870372209        4.3038147429082914        6.4767063368927236        5.0097062401288660E-002  -4.8824642705771470E-009
 muF =    5.0000000000000000     
 x,g,d,u,c,b ->    1.0000000000000000E-003   11007.765315161821        757.44324576593272        789.27350200002752        360.15246836837031        3.0686663536000136     
 x,g,d,u,c,b ->    1.0000000000000000E-002   568.04843015692370        49.684571992911714        56.209840674536849        14.196178120746042       0.29081429513915213     
 x,g,d,u,c,b ->    5.0000000000000003E-002   49.935871354781781        8.9247942694598184        12.044861348688736       0.88251870381172381        2.5501640512490164E-002
 x,g,d,u,c,b ->   0.10000000000000001        12.981593581979194        4.1338564235990143        6.4423296352951240       0.18364277418404287        5.9580817197723967E-003
 muF =    91.000000000000000     
 x,g,d,u,c,b ->    1.0000000000000000E-003   29210.769662688119        1554.4505949327051        1592.1883885664267        1168.9521794097352        846.20995454194929     
 x,g,d,u,c,b ->    1.0000000000000000E-002   811.55026497817630        69.381969322756063        77.972497849046462        33.728340685570068        22.741329476803731     
 x,g,d,u,c,b ->    5.0000000000000003E-002   42.624540278117287        9.0709650018104426        12.695232610603178        1.5972060172755949        1.0231413111301784     
 x,g,d,u,c,b ->   0.10000000000000001        8.7939799857538770        3.6375244085189333        6.0156817721046272       0.29683001771658118       0.18197777540915733     
 ===============================
 =============================================
 Using profiled scales: (Q0,npow) =    1.3909849999999999        1.0000000000000000     
 =============================================
 Performing backward evolution from scale Q =    1.8149999999999999      , with nf =            4
 Quark thresholds at    0.0000000000000000        4.9199999999999999        10000000000.000000     
 init_pdfs_NNLOPS: set_pdfs_to_zero_when_negative flag set to  F
 initialization of PDFs, hoppet interface, using init_pdfs_NNLOPS: pdf_q2min =    2.7224999999999997     
 RM48 INITIALIZED:         1    16727942         0
 RM48IN SKIPPING OVER        16727942
 =============================================
 using modlog_p =    6.0000000000000000     
 =============================================
 freezing of alphas in setlocalscales at [GeV]    0.0000000000000000     
 freezing of PDF evolution in setlocalscales at [GeV]   1.8149999999999999     
 =========================
 *MINNLO* ACTIVATED
 =========================
 include_delta_terms is  F
 distribute_by_ub is  T
 distribute_by_ub_AP is  T
 =============================================
 flg_dtermsallorders =  T
 =============================================
 =============================================
 using kappaQ =    1.0000000000000000     
 =============================================
 ===============================================
 LHAPDF
 ===============================================
 muF =   0.75000000000000000     
 x,g,d,u,c,b ->    1.0000000000000000E-003  -1773.0483256532475        180.35203361811887        216.67036616043038       -231.42474322223342       -5.3577073037861307E-007
 x,g,d,u,c,b ->    1.0000000000000000E-002  -39.437973756443405        20.860263683729059        24.537676187861841       -14.861151616265666       -1.3526794777092465E-008
 x,g,d,u,c,b ->    5.0000000000000003E-002   27.820450973609383        6.9989364667334995        8.9481814237717430       -1.4904635414384786        1.7862463766205182E-009
 x,g,d,u,c,b ->   0.10000000000000001        13.292076744912217        4.3622844111485444        6.0978568386252192      -0.36296219619635267       -7.4213786259644730E-009
LHAPDF 6.4.0 loading /cvmfs/cms.cern.ch/slc7_amd64_gcc10/external/lhapdf/6.4.0-f99dd75eb8675a339d8b05f6184e6d59/share/LHAPDF/NNPDF31_nnlo_hessian_pdfas/NNPDF31_nnlo_hessian_pdfas_0015.dat
NNPDF31_nnlo_hessian_pdfas PDF set, member #15, version 1; LHAPDF ID = 306015
 muF =    1.0000000000000000     
 x,g,d,u,c,b ->    1.0000000000000000E-003  -1248.6760973263888        247.80401363874799        284.55566938353928       -158.98374693205886       -5.3577073037861329E-007
 x,g,d,u,c,b ->    1.0000000000000000E-002   64.630259530359723        26.348273394053066        30.637886441158962       -9.4318211972266823       -1.3526794777092465E-008
 x,g,d,u,c,b ->    5.0000000000000003E-002   32.835416515545958        7.5965930812555502        9.8316322235188682      -0.86744720918377283        1.7862463766205179E-009
 x,g,d,u,c,b ->   0.10000000000000001        14.820454258337607        4.3859816942689243        6.2944419015792086      -0.20513150629701973       -7.4213786259644738E-009
 muF =    2.0000000000000000     
 x,g,d,u,c,b ->    1.0000000000000000E-003   3456.0647862674405        466.43039781367889        504.55390396931023        68.364896980009817       -2.7393699609031180E-007
 x,g,d,u,c,b ->    1.0000000000000000E-002   337.10629422589477        38.846897897414181        44.446739862089494        2.8803933406939639        1.2587900276167123E-008
 x,g,d,u,c,b ->    5.0000000000000003E-002   46.507211943887441        8.5074785186133486        11.273073581306340       0.18727542216180998       -5.9311124688115965E-009
 x,g,d,u,c,b ->   0.10000000000000001        14.630700478144005        4.3117954336993431        6.4868609719357844        4.2303391987356213E-002   4.0000439131567504E-009
 muF =    5.0000000000000000     
 x,g,d,u,c,b ->    1.0000000000000000E-003   11073.778743007795        753.80326015573712        793.62518700396129        361.78538085996382        3.1224919509927416     
 x,g,d,u,c,b ->    1.0000000000000000E-002   562.74990885340571        50.049166204732295        56.764259850505645        13.930262175145936       0.28769046588906289     
 x,g,d,u,c,b ->    5.0000000000000003E-002   50.067722283650333        8.9555530528625269        12.093921751481453       0.84907892555583675        2.5595222386855705E-002
 x,g,d,u,c,b ->   0.10000000000000001        13.022988181210470        4.1402744488662853        6.4524258164418988       0.17718083559357159        5.9720139257206702E-003
 muF =    91.000000000000000     
 x,g,d,u,c,b ->    1.0000000000000000E-003   29180.592007205196        1551.3023927241520        1595.6147437964405        1168.3119488188331        845.01530759955995     
 x,g,d,u,c,b ->    1.0000000000000000E-002   809.13609875405575        69.644933339204599        78.411657613036681        33.427839432973244        22.686122351418618     
 x,g,d,u,c,b ->    5.0000000000000003E-002   42.735905873180812        9.0937869446100272        12.733855718608096        1.5753621091429826        1.0259902473714630     
 x,g,d,u,c,b ->   0.10000000000000001        8.8086454626108370        3.6412645181290539        6.0252293481886205       0.29249271632402218       0.18230421259258162     
 ===============================
 =============================================
 Using profiled scales: (Q0,npow) =    1.3909849999999999        1.0000000000000000     
 =============================================
 Performing backward evolution from scale Q =    1.8149999999999999      , with nf =            4
 Quark thresholds at    0.0000000000000000        4.9199999999999999        10000000000.000000     
 init_pdfs_NNLOPS: set_pdfs_to_zero_when_negative flag set to  F
 initialization of PDFs, hoppet interface, using init_pdfs_NNLOPS: pdf_q2min =    2.7224999999999997     
 RM48 INITIALIZED:         1    16727942         0
 RM48IN SKIPPING OVER        16727942
 =============================================
 using modlog_p =    6.0000000000000000     
 =============================================
 freezing of alphas in setlocalscales at [GeV]    0.0000000000000000     
 freezing of PDF evolution in setlocalscales at [GeV]   1.8149999999999999     
 =========================
 *MINNLO* ACTIVATED
 =========================
 include_delta_terms is  F
 distribute_by_ub is  T
 distribute_by_ub_AP is  T
 =============================================
 flg_dtermsallorders =  T
 =============================================
 =============================================
 using kappaQ =    1.0000000000000000     
 =============================================
 ===============================================
 LHAPDF
 ===============================================
 muF =   0.75000000000000000     
 x,g,d,u,c,b ->    1.0000000000000000E-003  -1886.0083686646844        201.33331769525125        213.05964999920457       -233.92460936090436        6.3832951597202951E-007
 x,g,d,u,c,b ->    1.0000000000000000E-002  -37.139898961957869        21.343443162651873        24.313252582439109       -14.907118430331320        2.4043250308080950E-008
 x,g,d,u,c,b ->    5.0000000000000003E-002   27.433014691109125        7.0092224008644504        8.9071535495064538       -1.4714939424047091       -2.2900508339062361E-009
 x,g,d,u,c,b ->   0.10000000000000001        13.158316541199326        4.3658572559023794        6.0775826449499482      -0.35770471150452771       -5.4253756154808799E-009
 muF =    1.0000000000000000     
 x,g,d,u,c,b ->    1.0000000000000000E-003  -1339.3319402129634        266.91534005761559        280.42230127148633       -161.76189770561200        6.3832951597202951E-007
 x,g,d,u,c,b ->    1.0000000000000000E-002   66.821042514046766        26.797863726648306        30.419335695508458       -9.4754111432046546        2.4043250308080957E-008
 x,g,d,u,c,b ->    5.0000000000000003E-002   32.535579724292148        7.6057757472535474        9.7898527551675958      -0.85122733173339715       -2.2900508339062361E-009
 x,g,d,u,c,b ->   0.10000000000000001        14.753924017530370        4.3887923260112380        6.2742450554030853      -0.19953263108389854       -5.4253756154808791E-009
 muF =    2.0000000000000000     
 x,g,d,u,c,b ->    1.0000000000000000E-003   3407.5479798525298        482.67881248897100        500.06810935205323        65.714954852404517       -3.0651217212266153E-008
 x,g,d,u,c,b ->    1.0000000000000000E-002   337.78844823139588        39.223376693770902        44.223170206222441        2.8351236442622185       -1.3608014339243433E-008
 x,g,d,u,c,b ->    5.0000000000000003E-002   46.275982401094893        8.5155712097416298        11.231616912386652       0.19959979786881041       -2.3004157722197282E-009
 x,g,d,u,c,b ->   0.10000000000000001        14.638480404106339        4.3156205529189107        6.4660155943353912        4.7823497516705088E-002  -5.3565185025581172E-009
 muF =    5.0000000000000000     
 x,g,d,u,c,b ->    1.0000000000000000E-003   11058.756155647230        768.41446454909374        789.32838456309867        359.64690774253097        3.1209433651905352     
 x,g,d,u,c,b ->    1.0000000000000000E-002   562.51803672227766        50.363976675388543        56.528841512190553        13.879255229869178       0.28722580762942418     
 x,g,d,u,c,b ->    5.0000000000000003E-002   49.934143307731752        8.9637391615065578        12.053410828627721       0.85976157950242182        2.5549409368208018E-002
 x,g,d,u,c,b ->   0.10000000000000001        13.045351102860895        4.1452544404230096        6.4313451661738128       0.18233737702926961        5.9875840211707386E-003
 muF =    91.000000000000000     
 x,g,d,u,c,b ->    1.0000000000000000E-003   29193.643956002488        1563.6426169376543        1591.9291999768664        1167.1715841890291        845.41271245639371     
 x,g,d,u,c,b ->    1.0000000000000000E-002   808.37115341716765        69.863621007503028        78.157788660996701        33.374524247956039        22.657691537143133     
 x,g,d,u,c,b ->    5.0000000000000003E-002   42.717501727356172        9.1028791177137194        12.695431209738883        1.5857107351195390        1.0262647854369582     
 x,g,d,u,c,b ->   0.10000000000000001        8.8220215663438779        3.6466722706527879        6.0047281629925440       0.29708807343123561       0.18265800628673640     
 ===============================
 =============================================
 Using profiled scales: (Q0,npow) =    1.3909849999999999        1.0000000000000000     
 =============================================
LHAPDF 6.4.0 loading /cvmfs/cms.cern.ch/slc7_amd64_gcc10/external/lhapdf/6.4.0-f99dd75eb8675a339d8b05f6184e6d59/share/LHAPDF/NNPDF31_nnlo_hessian_pdfas/NNPDF31_nnlo_hessian_pdfas_0016.dat
NNPDF31_nnlo_hessian_pdfas PDF set, member #16, version 1; LHAPDF ID = 306016
 Performing backward evolution from scale Q =    1.8149999999999999      , with nf =            4
 Quark thresholds at    0.0000000000000000        4.9199999999999999        10000000000.000000     
 init_pdfs_NNLOPS: set_pdfs_to_zero_when_negative flag set to  F
 initialization of PDFs, hoppet interface, using init_pdfs_NNLOPS: pdf_q2min =    2.7224999999999997     
 RM48 INITIALIZED:         1    16727942         0
 RM48IN SKIPPING OVER        16727942
 =============================================
 using modlog_p =    6.0000000000000000     
 =============================================
 freezing of alphas in setlocalscales at [GeV]    0.0000000000000000     
 freezing of PDF evolution in setlocalscales at [GeV]   1.8149999999999999     
 =========================
 *MINNLO* ACTIVATED
 =========================
 include_delta_terms is  F
 distribute_by_ub is  T
 distribute_by_ub_AP is  T
 =============================================
 flg_dtermsallorders =  T
 =============================================
 =============================================
 using kappaQ =    1.0000000000000000     
 =============================================
 ===============================================
 LHAPDF
 ===============================================
 muF =   0.75000000000000000     
 x,g,d,u,c,b ->    1.0000000000000000E-003  -2033.1014250723708        191.61009528397460        215.30763030755909       -233.35630623773673       -1.4450907213912372E-007
 x,g,d,u,c,b ->    1.0000000000000000E-002  -31.623173981208303        21.541217220709800        24.700621536354795       -14.817215500645315       -2.5311690970896653E-009
 x,g,d,u,c,b ->    5.0000000000000003E-002   25.445447589364523        7.0401795782875425        8.9545624486570858       -1.4950337621686431       -1.2097470781874032E-009
 x,g,d,u,c,b ->   0.10000000000000001        13.079049765115288        4.3657152446923337        6.0917460883833181      -0.36760626308495442       -4.4317897403500932E-009
 muF =    1.0000000000000000     
 x,g,d,u,c,b ->    1.0000000000000000E-003  -1447.1045364619565        257.86565154629545        282.51024120231926       -161.50510587127371       -1.4450907213912369E-007
 x,g,d,u,c,b ->    1.0000000000000000E-002   70.379170807839486        26.972858321640828        30.770444195440909       -9.4222417429956238       -2.5311690970896649E-009
 x,g,d,u,c,b ->    5.0000000000000003E-002   31.711667421267620        7.6283536659122309        9.8305242725729691      -0.87569029389122810       -1.2097470781874034E-009
 x,g,d,u,c,b ->   0.10000000000000001        14.802285441295210        4.3890030494424757        6.2880582013810935      -0.20825831434509909       -4.4317897403500932E-009
 muF =    2.0000000000000000     
 x,g,d,u,c,b ->    1.0000000000000000E-003   3361.8874891059463        475.35737076239877        502.38714257451102        65.961828742830761       -1.4551873690157085E-007
 x,g,d,u,c,b ->    1.0000000000000000E-002   337.50249754215560        39.340241678950967        44.498192363120765        2.8085974685409165       -2.9583667053119122E-008
 x,g,d,u,c,b ->    5.0000000000000003E-002   45.890171896056778        8.5298333325880584        11.265166872717201       0.17722134542497914       -7.8761451362388327E-009
 x,g,d,u,c,b ->   0.10000000000000001        14.697192063059884        4.3148536583901684        6.4789483744107006        4.2029835796106189E-002  -2.0644478264874841E-009
 muF =    5.0000000000000000     
 x,g,d,u,c,b ->    1.0000000000000000E-003   11044.086107771504        762.37414984808049        791.90151291831717        360.00038270467121        3.1342953407524692     
 x,g,d,u,c,b ->    1.0000000000000000E-002   560.53595420540239        50.433503676549648        56.745643837583316        13.793263446436981       0.28539363556477909     
 x,g,d,u,c,b ->    5.0000000000000003E-002   49.761543621713479        8.9747419373362227        12.084287558852985       0.84068350136330483        2.5505390187001820E-002
 x,g,d,u,c,b ->   0.10000000000000001        13.086586933007892        4.1436475748407071        6.4432830096901714       0.17860431704459034        6.0082494769504993E-003
LHAPDF 6.4.0 loading /cvmfs/cms.cern.ch/slc7_amd64_gcc10/external/lhapdf/6.4.0-f99dd75eb8675a339d8b05f6184e6d59/share/LHAPDF/NNPDF31_nnlo_hessian_pdfas/NNPDF31_nnlo_hessian_pdfas_0017.dat
NNPDF31_nnlo_hessian_pdfas PDF set, member #17, version 1; LHAPDF ID = 306017
 muF =    91.000000000000000     
 x,g,d,u,c,b ->    1.0000000000000000E-003   29176.549489292865        1558.8580531329187        1594.1264827504281        1166.9403593617071        845.07464806937548     
 x,g,d,u,c,b ->    1.0000000000000000E-002   806.24664601492225        69.878275099415220        78.303909928374665        33.223367452718968        22.590060355607349     
 x,g,d,u,c,b ->    5.0000000000000003E-002   42.737282889740769        9.1107696924010710        12.723358711681586        1.5735253798579123        1.0277545523351208     
 x,g,d,u,c,b ->   0.10000000000000001        8.8458680763397606        3.6447999094683383        6.0147914695136260       0.29564908894778263       0.18330029213978224     
 ===============================
 =============================================
 Using profiled scales: (Q0,npow) =    1.3909849999999999        1.0000000000000000     
 =============================================
 Performing backward evolution from scale Q =    1.8149999999999999      , with nf =            4
 Quark thresholds at    0.0000000000000000        4.9199999999999999        10000000000.000000     
 init_pdfs_NNLOPS: set_pdfs_to_zero_when_negative flag set to  F
 initialization of PDFs, hoppet interface, using init_pdfs_NNLOPS: pdf_q2min =    2.7224999999999997     
 RM48 INITIALIZED:         1    16727942         0
 RM48IN SKIPPING OVER        16727942
 =============================================
 using modlog_p =    6.0000000000000000     
 =============================================
 freezing of alphas in setlocalscales at [GeV]    0.0000000000000000     
 freezing of PDF evolution in setlocalscales at [GeV]   1.8149999999999999     
 =========================
 *MINNLO* ACTIVATED
 =========================
 include_delta_terms is  F
 distribute_by_ub is  T
 distribute_by_ub_AP is  T
 =============================================
 flg_dtermsallorders =  T
 =============================================
 =============================================
 using kappaQ =    1.0000000000000000     
 =============================================
 ===============================================
 LHAPDF
 ===============================================
 muF =   0.75000000000000000     
 x,g,d,u,c,b ->    1.0000000000000000E-003  -1862.3153704115366        186.25574571359186        213.56721433544473       -228.90107519102321       -1.1148480706361203E-007
 x,g,d,u,c,b ->    1.0000000000000000E-002  -33.662306746040173        20.577488201915038        23.970570694875686       -14.715560168754479       -1.6620235626816059E-008
 x,g,d,u,c,b ->    5.0000000000000003E-002   25.092237619507081        6.9380546136613450        8.8772454292315111       -1.4204668503089704        4.0565093097407386E-009
 x,g,d,u,c,b ->   0.10000000000000001        13.364377799465318        4.3488403189478317        6.0807931442149741      -0.34916761377612471       -7.2933813937233381E-009
 muF =    1.0000000000000000     
 x,g,d,u,c,b ->    1.0000000000000000E-003  -1324.5502556682354        252.30175417223950        280.50642830433463       -157.43224795140677       -1.1148480706361201E-007
 x,g,d,u,c,b ->    1.0000000000000000E-002   69.947132539655129        26.071627581473997        30.094942465735119       -9.2708522896776273       -1.6620235626816059E-008
 x,g,d,u,c,b ->    5.0000000000000003E-002   31.972685560587870        7.5366028656621431        9.7614286044922967      -0.80896493837517425        4.0565093097407394E-009
 x,g,d,u,c,b ->   0.10000000000000001        14.767794678607071        4.3755650435926068        6.2797674335819842      -0.19203953454674635       -7.2933813937233381E-009
 muF =    2.0000000000000000     
 x,g,d,u,c,b ->    1.0000000000000000E-003   3401.9821360123233        468.92607465683335        499.39690795646521        68.878960855209854        6.1546598664165302E-007
 x,g,d,u,c,b ->    1.0000000000000000E-002   339.12406102075425        38.554000013063977        43.922546165656883        3.0353901290643757       -1.3084931224512438E-008
 x,g,d,u,c,b ->    5.0000000000000003E-002   45.983699404760245        8.4573948930407248        11.211431811525824       0.23131610143604187       -6.2832103370321325E-010
LHAPDF 6.4.0 loading /cvmfs/cms.cern.ch/slc7_amd64_gcc10/external/lhapdf/6.4.0-f99dd75eb8675a339d8b05f6184e6d59/share/LHAPDF/NNPDF31_nnlo_hessian_pdfas/NNPDF31_nnlo_hessian_pdfas_0018.dat
NNPDF31_nnlo_hessian_pdfas PDF set, member #18, version 1; LHAPDF ID = 306018
 x,g,d,u,c,b ->   0.10000000000000001        14.634382533990330        4.3058684755307493        6.4747771289348872        5.3756346370249217E-002  -2.7603076507559418E-009
 muF =    5.0000000000000000     
 x,g,d,u,c,b ->    1.0000000000000000E-003   11046.146150802406        755.32341234648595        788.15715925754466        362.08100531516999        3.1138963806199764     
 x,g,d,u,c,b ->    1.0000000000000000E-002   562.51442536582806        49.727662306471245        56.239511359976667        14.058414601968138       0.28672126963670291     
 x,g,d,u,c,b ->    5.0000000000000003E-002   49.763196640483272        8.9151310733545550        12.040939752698080       0.88490283790983648        2.5480203686034826E-002
 x,g,d,u,c,b ->   0.10000000000000001        13.051514921761513        4.1367837505875054        6.4416809463980940       0.18723495631488424        5.9923908414721751E-003
 muF =    91.000000000000000     
 x,g,d,u,c,b ->    1.0000000000000000E-003   29176.983695056420        1551.6187188820929        1589.9668549320263        1168.6052137513379        844.89798257844870     
 x,g,d,u,c,b ->    1.0000000000000000E-002   807.36644662328945        69.289870177720275        77.891028654885744        33.506932566717921        22.617185460642432     
 x,g,d,u,c,b ->    5.0000000000000003E-002   42.686332355937324        9.0690509556895602        12.696042513612156        1.6028710491381022        1.0259541342452607     
 x,g,d,u,c,b ->   0.10000000000000001        8.8302373292505152        3.6405429484226839        6.0165485680351667       0.29983081947668294       0.18285137700887985     
 ===============================
 =============================================
 Using profiled scales: (Q0,npow) =    1.3909849999999999        1.0000000000000000     
 =============================================
 Performing backward evolution from scale Q =    1.8149999999999999      , with nf =            4
 Quark thresholds at    0.0000000000000000        4.9199999999999999        10000000000.000000     
 init_pdfs_NNLOPS: set_pdfs_to_zero_when_negative flag set to  F
 initialization of PDFs, hoppet interface, using init_pdfs_NNLOPS: pdf_q2min =    2.7224999999999997     
 RM48 INITIALIZED:         1    16727942         0
 RM48IN SKIPPING OVER        16727942
 =============================================
 using modlog_p =    6.0000000000000000     
 =============================================
 freezing of alphas in setlocalscales at [GeV]    0.0000000000000000     
 freezing of PDF evolution in setlocalscales at [GeV]   1.8149999999999999     
 =========================
 *MINNLO* ACTIVATED
 =========================
 include_delta_terms is  F
 distribute_by_ub is  T
 distribute_by_ub_AP is  T
 =============================================
 flg_dtermsallorders =  T
 =============================================
 =============================================
 using kappaQ =    1.0000000000000000     
 =============================================
 ===============================================
 LHAPDF
 ===============================================
 muF =   0.75000000000000000     
 x,g,d,u,c,b ->    1.0000000000000000E-003  -1811.7049421428480        191.24815887849050        215.21960850847603       -235.06125454174773        2.5213316918637015E-007
 x,g,d,u,c,b ->    1.0000000000000000E-002  -41.716660653433344        20.552696412939362        23.860181668141852       -14.767065795314767        4.0803882055461350E-008
 x,g,d,u,c,b ->    5.0000000000000003E-002   27.621177169441047        6.9366987747340465        8.8554652396678932       -1.4367850585591870        3.0247210399139024E-009
 x,g,d,u,c,b ->   0.10000000000000001        13.384111319541425        4.3475613567354898        6.0764354661120787      -0.34366181660910300       -2.3656938838407653E-009
 muF =    1.0000000000000000     
 x,g,d,u,c,b ->    1.0000000000000000E-003  -1280.3803949334147        257.48177650939124        282.57131940763975       -162.54285252091373        2.5213316918637020E-007
 x,g,d,u,c,b ->    1.0000000000000000E-002   63.717373266547618        26.044283613992807        29.970815755573149       -9.3114705442069816        4.0803882055461343E-008
LHAPDF 6.4.0 loading /cvmfs/cms.cern.ch/slc7_amd64_gcc10/external/lhapdf/6.4.0-f99dd75eb8675a339d8b05f6184e6d59/share/LHAPDF/NNPDF31_nnlo_hessian_pdfas/NNPDF31_nnlo_hessian_pdfas_0019.dat
NNPDF31_nnlo_hessian_pdfas PDF set, member #19, version 1; LHAPDF ID = 306019
 x,g,d,u,c,b ->    5.0000000000000003E-002   32.870841680835795        7.5415774746374602        9.7468518193444034      -0.81693435419327276        3.0247210399139024E-009
 x,g,d,u,c,b ->   0.10000000000000001        14.792122666601445        4.3732068517034701        6.2754128344535660      -0.18827090885570502       -2.3656938838407644E-009
 muF =    2.0000000000000000     
 x,g,d,u,c,b ->    1.0000000000000000E-003   3440.9496168988835        473.97008352588739        501.70656254141119        65.074623750333842        7.5837554201762423E-007
 x,g,d,u,c,b ->    1.0000000000000000E-002   337.24423513278811        38.548186835610984        43.808879281195210        3.0411953711057196       -4.3734751993758017E-008
 x,g,d,u,c,b ->    5.0000000000000003E-002   46.460249253116132        8.4659893544325477        11.203224378818215       0.22979933205993247       -5.1048603311138886E-009
 x,g,d,u,c,b ->   0.10000000000000001        14.604480184153230        4.3034575758996132        6.4696821276296301        5.5011671774071826E-002  -2.1255296027475128E-010
 muF =    5.0000000000000000     
 x,g,d,u,c,b ->    1.0000000000000000E-003   11071.621555054167        759.98119532625253        790.37426360474490        358.91073349292350        3.1155243161973516     
 x,g,d,u,c,b ->    1.0000000000000000E-002   563.09076380706381        49.757112480252893        56.156415196000395        14.111180147143656       0.28790179032700852     
 x,g,d,u,c,b ->    5.0000000000000003E-002   50.015777906888580        8.9228248332150084        12.033862120859089       0.88493996714668099        2.5566740986701218E-002
 x,g,d,u,c,b ->   0.10000000000000001        13.012340763067886        4.1350413324412090        6.4360936750375393       0.18727368178374532        5.9697735088311849E-003
 muF =    91.000000000000000     
 x,g,d,u,c,b ->    1.0000000000000000E-003   29196.232871590510        1555.7442419311485        1592.0222896126693        1166.4975871224747        845.25024623835418     
 x,g,d,u,c,b ->    1.0000000000000000E-002   809.23706820066650        69.365986146555741        77.861131042347552        33.625330937751535        22.684523692635892     
 x,g,d,u,c,b ->    5.0000000000000003E-002   42.703352008723172        9.0721965531939883        12.687024337664134        1.6028756372752344        1.0253045056877719     
 x,g,d,u,c,b ->   0.10000000000000001        8.8061811786034596        3.6396160034072853        6.0105206254813259       0.29952655641478493       0.18227676191268988     
 ===============================
 =============================================
 Using profiled scales: (Q0,npow) =    1.3909849999999999        1.0000000000000000     
 =============================================
 Performing backward evolution from scale Q =    1.8149999999999999      , with nf =            4
 Quark thresholds at    0.0000000000000000        4.9199999999999999        10000000000.000000     
 init_pdfs_NNLOPS: set_pdfs_to_zero_when_negative flag set to  F
 initialization of PDFs, hoppet interface, using init_pdfs_NNLOPS: pdf_q2min =    2.7224999999999997     
 RM48 INITIALIZED:         1    16727942         0
 RM48IN SKIPPING OVER        16727942
 =============================================
 using modlog_p =    6.0000000000000000     
 =============================================
 freezing of alphas in setlocalscales at [GeV]    0.0000000000000000     
 freezing of PDF evolution in setlocalscales at [GeV]   1.8149999999999999     
 =========================
 *MINNLO* ACTIVATED
 =========================
 include_delta_terms is  F
 distribute_by_ub is  T
 distribute_by_ub_AP is  T
 =============================================
 flg_dtermsallorders =  T
 =============================================
 =============================================
 using kappaQ =    1.0000000000000000     
 =============================================
 ===============================================
 LHAPDF
 ===============================================
 muF =   0.75000000000000000     
 x,g,d,u,c,b ->    1.0000000000000000E-003  -1887.7595647719518        186.27648663259293        222.97751293201742       -236.51702775606407       -1.2797226243949384E-007
LHAPDF 6.4.0 loading /cvmfs/cms.cern.ch/slc7_amd64_gcc10/external/lhapdf/6.4.0-f99dd75eb8675a339d8b05f6184e6d59/share/LHAPDF/NNPDF31_nnlo_hessian_pdfas/NNPDF31_nnlo_hessian_pdfas_0020.dat
NNPDF31_nnlo_hessian_pdfas PDF set, member #20, version 1; LHAPDF ID = 306020
 x,g,d,u,c,b ->    1.0000000000000000E-002  -33.219217262453398        20.645275864868974        24.425577373240316       -14.913789385281161        2.5211515105341132E-008
 x,g,d,u,c,b ->    5.0000000000000003E-002   25.228296810343277        6.9477764503422019        8.9143160570943749       -1.4448668053850833       -1.3096473923874636E-009
 x,g,d,u,c,b ->   0.10000000000000001        13.070633923082921        4.3403297548951061        6.0803417949793053      -0.35406703166316983       -5.4426319566821458E-009
 muF =    1.0000000000000000     
 x,g,d,u,c,b ->    1.0000000000000000E-003  -1341.0776099434031        252.37324630722097        289.55581683266882       -164.38398259328733       -1.2797226243949384E-007
 x,g,d,u,c,b ->    1.0000000000000000E-002   69.707226975777431        26.132059334049828        30.516043190586117       -9.4549356477805073        2.5211515105341132E-008
 x,g,d,u,c,b ->    5.0000000000000003E-002   31.778025974906594        7.5437563853451168        9.7947469313346147      -0.82918934212184159       -1.3096473923874632E-009
 x,g,d,u,c,b ->   0.10000000000000001        14.708757832221560        4.3661055745877055        6.2786663145120007      -0.19622730095270260       -5.4426319566821433E-009
 muF =    2.0000000000000000     
 x,g,d,u,c,b ->    1.0000000000000000E-003   3401.4961972509150        469.10500189086105        507.72879601445055        63.061307797060650        5.9124976084313472E-007
 x,g,d,u,c,b ->    1.0000000000000000E-002   338.68648025142522        38.599081090878634        44.276785462820783        2.8708070861701072       -2.2796432530805223E-008
 x,g,d,u,c,b ->    5.0000000000000003E-002   45.886751660880257        8.4589771975832040        11.236317998905170       0.21615725902920421        1.7433158778549230E-009
 x,g,d,u,c,b ->   0.10000000000000001        14.654921588649236        4.2966086647692441        6.4732924935342826        5.0852869479112890E-002  -2.7787713434470863E-009
 muF =    5.0000000000000000     
 x,g,d,u,c,b ->    1.0000000000000000E-003   11050.444317977004        755.54885961669981        795.90595026665642        356.98894480494999        3.1192466962823677     
 x,g,d,u,c,b ->    1.0000000000000000E-002   562.10479037486448        49.763831734519023        56.545092508242369        13.906446141943501       0.28642728991837996     
 x,g,d,u,c,b ->    5.0000000000000003E-002   49.728866430875357        8.9137463885323012        12.060520577606150       0.87298845687028581        2.5481147179162889E-002
 x,g,d,u,c,b ->   0.10000000000000001        13.073664277384403        4.1285303923464767        6.4404748583129212       0.18530110367438180        6.0069220019949056E-003
 muF =    91.000000000000000     
 x,g,d,u,c,b ->    1.0000000000000000E-003   29178.228530509223        1551.7778531204922        1596.5700018452387        1164.4220646037372        844.91672244924496     
 x,g,d,u,c,b ->    1.0000000000000000E-002   807.18960070322828        69.309563235511604        78.129585631291079        33.379931996603730        22.611961251972833     
 x,g,d,u,c,b ->    5.0000000000000003E-002   42.703788833323166        9.0639147480767726        12.708056645620713        1.5961657391970132        1.0268694878680158     
 x,g,d,u,c,b ->   0.10000000000000001        8.8424952189993320        3.6334866722920789        6.0154764208867038       0.29957355236469713       0.18319638919442974     
 ===============================
 =============================================
 Using profiled scales: (Q0,npow) =    1.3909849999999999        1.0000000000000000     
 =============================================
 Performing backward evolution from scale Q =    1.8149999999999999      , with nf =            4
 Quark thresholds at    0.0000000000000000        4.9199999999999999        10000000000.000000     
 init_pdfs_NNLOPS: set_pdfs_to_zero_when_negative flag set to  F
 initialization of PDFs, hoppet interface, using init_pdfs_NNLOPS: pdf_q2min =    2.7224999999999997     
 RM48 INITIALIZED:         1    16727942         0
 RM48IN SKIPPING OVER        16727942
 =============================================
 using modlog_p =    6.0000000000000000     
 =============================================
 freezing of alphas in setlocalscales at [GeV]    0.0000000000000000     
 freezing of PDF evolution in setlocalscales at [GeV]   1.8149999999999999     
 =========================
 *MINNLO* ACTIVATED
 =========================
 include_delta_terms is  F
 distribute_by_ub is  T
 distribute_by_ub_AP is  T
 =============================================
 flg_dtermsallorders =  T
 =============================================
 =============================================
 using kappaQ =    1.0000000000000000     
 =============================================
 ===============================================
 LHAPDF
 ===============================================
 muF =   0.75000000000000000     
 x,g,d,u,c,b ->    1.0000000000000000E-003  -1979.5611938048962        190.35061319451941        217.12989725253448       -236.73805338380657        1.7062859747328618E-007
 x,g,d,u,c,b ->    1.0000000000000000E-002  -40.804965112908661        20.737996507754744        24.258890952732944       -14.781494371512615        3.9606288718628309E-009
 x,g,d,u,c,b ->    5.0000000000000003E-002   26.330899496371256        6.9326657414301982        8.8564955198364075       -1.4457272284640437       -2.0553635399386835E-009
 x,g,d,u,c,b ->   0.10000000000000001        14.018147383274902        4.3559524891608277        6.0801948422004282      -0.34463207827510750       -3.6625014083773831E-009
 muF =    1.0000000000000000     
 x,g,d,u,c,b ->    1.0000000000000000E-003  -1406.5771179366525        256.32383666125270        284.11052948654651       -164.32615663960866        1.7062859747328618E-007
 x,g,d,u,c,b ->    1.0000000000000000E-002   63.098535839072532        26.180313984511955        30.310531723008506       -9.3579473657299204        3.9606288718628309E-009
 x,g,d,u,c,b ->    5.0000000000000003E-002   32.822299817766023        7.5395113408545615        9.7494129058144239      -0.82418574434622260       -2.0553635399386830E-009
 x,g,d,u,c,b ->   0.10000000000000001        15.059498181781654        4.3779499262083261        6.2795948362084308      -0.18938393036517800       -3.6625014083773827E-009
 muF =    2.0000000000000000     
 x,g,d,u,c,b ->    1.0000000000000000E-003   3381.6733989183572        472.90764248957686        503.16182889186490        63.668533282045637        3.9449751320389769E-007
 x,g,d,u,c,b ->    1.0000000000000000E-002   335.19053450721123        38.612517776661889        44.051072373995339        2.9509326763133070       -2.0926258438037700E-008
 x,g,d,u,c,b ->    5.0000000000000003E-002   46.642956173226139        8.4668594369191865        11.208679926979270       0.22735986778468831       -1.6908497694887019E-009
 x,g,d,u,c,b ->   0.10000000000000001        14.654839261621772        4.3033393661992854        6.4737346590675937        5.3917712240514726E-002  -1.8570048622113466E-009
 muF =    5.0000000000000000     
 x,g,d,u,c,b ->    1.0000000000000000E-003   11052.980168086277        759.27117831301382        792.04065257278978        357.99433784038365        3.1206325640463244     
 x,g,d,u,c,b ->    1.0000000000000000E-002   561.19372245225395        49.789648776234387        56.345849174790139        14.008699704630892       0.28680036428431183     
 x,g,d,u,c,b ->    5.0000000000000003E-002   50.177766707531468        8.9245812243655855        12.040549119389855       0.88479342728902810        2.5649958885883704E-002
 x,g,d,u,c,b ->   0.10000000000000001        13.011735633069819        4.1326373612656262        6.4399186717975709       0.18656854135191306        5.9611981132073394E-003
 muF =    91.000000000000000     
 x,g,d,u,c,b ->    1.0000000000000000E-003   29199.672763428622        1555.4704400922478        1593.9866777659727        1166.0681834445631        845.49156472777941     
 x,g,d,u,c,b ->    1.0000000000000000E-002   808.60484566160494        69.383910864808684        78.001594230273923        33.537784101221440        22.675025974783214     
 x,g,d,u,c,b ->    5.0000000000000003E-002   42.765328053851164        9.0726201980880692        12.693619587997349        1.6035264348809082        1.0264658058359606     
LHAPDF 6.4.0 loading /cvmfs/cms.cern.ch/slc7_amd64_gcc10/external/lhapdf/6.4.0-f99dd75eb8675a339d8b05f6184e6d59/share/LHAPDF/NNPDF31_nnlo_hessian_pdfas/NNPDF31_nnlo_hessian_pdfas_0021.dat
NNPDF31_nnlo_hessian_pdfas PDF set, member #21, version 1; LHAPDF ID = 306021
 x,g,d,u,c,b ->   0.10000000000000001        8.7994766344058881        3.6355377604149308        6.0140659457296861       0.29906046579984230       0.18219885614681908     
 ===============================
 =============================================
 Using profiled scales: (Q0,npow) =    1.3909849999999999        1.0000000000000000     
 =============================================
 Performing backward evolution from scale Q =    1.8149999999999999      , with nf =            4
 Quark thresholds at    0.0000000000000000        4.9199999999999999        10000000000.000000     
 init_pdfs_NNLOPS: set_pdfs_to_zero_when_negative flag set to  F
 initialization of PDFs, hoppet interface, using init_pdfs_NNLOPS: pdf_q2min =    2.7224999999999997     
 RM48 INITIALIZED:         1    16727942         0
 RM48IN SKIPPING OVER        16727942
 =============================================
 using modlog_p =    6.0000000000000000     
 =============================================
 freezing of alphas in setlocalscales at [GeV]    0.0000000000000000     
 freezing of PDF evolution in setlocalscales at [GeV]   1.8149999999999999     
 =========================
 *MINNLO* ACTIVATED
 =========================
 include_delta_terms is  F
 distribute_by_ub is  T
 distribute_by_ub_AP is  T
 =============================================
 flg_dtermsallorders =  T
 =============================================
 =============================================
 using kappaQ =    1.0000000000000000     
 =============================================
 ===============================================
 LHAPDF
 ===============================================
 muF =   0.75000000000000000     
 x,g,d,u,c,b ->    1.0000000000000000E-003  -1850.6076143409268        196.14725544752466        223.24829872371907       -238.44679313565453       -1.3048633057327013E-007
 x,g,d,u,c,b ->    1.0000000000000000E-002  -29.577680421438952        21.321077158628658        24.621342751542649       -15.129781635159281       -1.4305583272701384E-008
 x,g,d,u,c,b ->    5.0000000000000003E-002   26.319782686845397        7.0506932216789417        8.9769569019567328       -1.4768166973970025       -5.8921355764906561E-009
 x,g,d,u,c,b ->   0.10000000000000001        12.310520407001912        4.3629818628443555        6.0895572596696121      -0.36561596691375559       -3.2970745754769460E-009
 muF =    1.0000000000000000     
 x,g,d,u,c,b ->    1.0000000000000000E-003  -1316.5934404084030        261.70925317024574        289.65754430736456       -166.50686292623527       -1.3048633057327013E-007
 x,g,d,u,c,b ->    1.0000000000000000E-002   73.627997600786401        26.815389367256113        30.743760377520594       -9.6505632077059591       -1.4305583272701379E-008
 x,g,d,u,c,b ->    5.0000000000000003E-002   31.509703779031064        7.6344024635283523        9.8471952960053812      -0.86006614863055564       -5.8921355764906544E-009
 x,g,d,u,c,b ->   0.10000000000000001        14.477035100033570        4.3874216149932304        6.2874896329022807      -0.20593506141529277       -3.2970745754769464E-009
 muF =    2.0000000000000000     
 x,g,d,u,c,b ->    1.0000000000000000E-003   3401.7411895521518        477.58095882894162        507.68587034057452        60.713961060599807       -4.8612563476239903E-008
 x,g,d,u,c,b ->    1.0000000000000000E-002   341.13221853485373        39.258777024575089        44.531776533184576        2.6901224314431307        3.7598081443068270E-008
 x,g,d,u,c,b ->    5.0000000000000003E-002   45.570132068683584        8.5285379183369141        11.272925623655707       0.18636379249585641       -8.0621914313945759E-009
 x,g,d,u,c,b ->   0.10000000000000001        14.637346631352292        4.3138565987124267        6.4802938901304712        4.4236546993111706E-002  -6.1586775966784320E-009
 muF =    5.0000000000000000     
 x,g,d,u,c,b ->    1.0000000000000000E-003   11043.797504952225        763.53812737838473        795.93832179694539        354.63308386965105        3.1147208606138559     
 x,g,d,u,c,b ->    1.0000000000000000E-002   563.15518999322626        50.377969746134788        56.796181861508408        13.719864508321214       0.28662025486715348     
LHAPDF 6.4.0 loading /cvmfs/cms.cern.ch/slc7_amd64_gcc10/external/lhapdf/6.4.0-f99dd75eb8675a339d8b05f6184e6d59/share/LHAPDF/NNPDF31_nnlo_hessian_pdfas/NNPDF31_nnlo_hessian_pdfas_0022.dat
NNPDF31_nnlo_hessian_pdfas PDF set, member #22, version 1; LHAPDF ID = 306022
 x,g,d,u,c,b ->    5.0000000000000003E-002   49.518082618686897        8.9709616436163078        12.088656552668308       0.84619781277768447        2.5391824987673867E-002
 x,g,d,u,c,b ->   0.10000000000000001        13.091625154062095        4.1425274654552249        6.4453605202089603       0.18047994814472934        6.0229951994662714E-003
 muF =    91.000000000000000     
 x,g,d,u,c,b ->    1.0000000000000000E-003   29172.214502429262        1559.1342555292099        1596.9532856249443        1162.2404919523860        844.82420786742910     
 x,g,d,u,c,b ->    1.0000000000000000E-002   806.77616473406920        69.823058417752947        78.340181546004303        33.174480416568031        22.589664694947487     
 x,g,d,u,c,b ->    5.0000000000000003E-002   42.660387269724268        9.1060034562376160        12.726429174445602        1.5766899971117505        1.0265580842951321     
 x,g,d,u,c,b ->   0.10000000000000001        8.8584568048905012        3.6427842126466885        6.0172490236400789       0.29700716181649617       0.18356832145364552     
 ===============================
 =============================================
 Using profiled scales: (Q0,npow) =    1.3909849999999999        1.0000000000000000     
 =============================================
 Performing backward evolution from scale Q =    1.8149999999999999      , with nf =            4
 Quark thresholds at    0.0000000000000000        4.9199999999999999        10000000000.000000     
 init_pdfs_NNLOPS: set_pdfs_to_zero_when_negative flag set to  F
 initialization of PDFs, hoppet interface, using init_pdfs_NNLOPS: pdf_q2min =    2.7224999999999997     
 RM48 INITIALIZED:         1    16727942         0
 RM48IN SKIPPING OVER        16727942
 =============================================
 using modlog_p =    6.0000000000000000     
 =============================================
 freezing of alphas in setlocalscales at [GeV]    0.0000000000000000     
 freezing of PDF evolution in setlocalscales at [GeV]   1.8149999999999999     
 =========================
 *MINNLO* ACTIVATED
 =========================
 include_delta_terms is  F
 distribute_by_ub is  T
 distribute_by_ub_AP is  T
 =============================================
 flg_dtermsallorders =  T
 =============================================
 =============================================
 using kappaQ =    1.0000000000000000     
 =============================================
 ===============================================
 LHAPDF
 ===============================================
 muF =   0.75000000000000000     
 x,g,d,u,c,b ->    1.0000000000000000E-003  -1938.1250520788706        191.62259745930669        217.07419486140410       -232.14963287929024       -1.5138669850387959E-007
 x,g,d,u,c,b ->    1.0000000000000000E-002  -33.670790638023973        21.101746054143135        24.356290362859294       -14.752927000440790        1.4982015441260675E-008
 x,g,d,u,c,b ->    5.0000000000000003E-002   25.503887951649187        6.9971931045289049        8.8925889944391265       -1.4727250152299689        2.9979235256800246E-009
 x,g,d,u,c,b ->   0.10000000000000001        14.069555628431925        4.3734007713427117        6.0846692086128913      -0.35347900586025993       -8.2531716557346249E-010
 muF =    1.0000000000000000     
 x,g,d,u,c,b ->    1.0000000000000000E-003  -1376.9541363601120        256.88908743217047        283.30793261188381       -160.98786615326000       -1.5138669850387962E-007
 x,g,d,u,c,b ->    1.0000000000000000E-002   68.097316675937378        26.549478996861840        30.420001693645037       -9.3478489477643034        1.4982015441260669E-008
 x,g,d,u,c,b ->    5.0000000000000003E-002   32.495843928884284        7.5980031615267212        9.7803791860618361      -0.84926951167450893        2.9979235256800250E-009
 x,g,d,u,c,b ->   0.10000000000000001        15.087715252216789        4.3941190718628693        6.2841814335056450      -0.19687442880559577       -8.2531716557346249E-010
 muF =    2.0000000000000000     
 x,g,d,u,c,b ->    1.0000000000000000E-003   3355.9559950142038        472.84477310615330        501.64498050912709        65.327407478066860        4.9243026725666277E-007
LHAPDF 6.4.0 loading /cvmfs/cms.cern.ch/slc7_amd64_gcc10/external/lhapdf/6.4.0-f99dd75eb8675a339d8b05f6184e6d59/share/LHAPDF/NNPDF31_nnlo_hessian_pdfas/NNPDF31_nnlo_hessian_pdfas_0023.dat
NNPDF31_nnlo_hessian_pdfas PDF set, member #23, version 1; LHAPDF ID = 306023
 x,g,d,u,c,b ->    1.0000000000000000E-002   336.53666041714172        38.968030175860520        44.166758115163617        2.9152602748184240        1.9728838449022908E-008
 x,g,d,u,c,b ->    5.0000000000000003E-002   46.529492718520267        8.5156501979588182        11.233212740538267       0.20578672024366362       -4.4241791193988822E-009
 x,g,d,u,c,b ->   0.10000000000000001        14.675419689547821        4.3178064815115098        6.4782758555752071        4.7963867944633705E-002  -4.1007937193247839E-009
 muF =    5.0000000000000000     
 x,g,d,u,c,b ->    1.0000000000000000E-003   11020.061525438161        759.19053626669324        790.44207054272431        358.86912904413037        3.1053129608693135     
 x,g,d,u,c,b ->    1.0000000000000000E-002   560.82896642011553        50.117945362196899        56.452796715726038        13.933004719955719       0.28607461025545078     
 x,g,d,u,c,b ->    5.0000000000000003E-002   50.131661531354801        8.9668166515332572        12.061359604634225       0.86541518986450650        2.5636190460063268E-002
 x,g,d,u,c,b ->   0.10000000000000001        13.022049162345368        4.1458657093786178        6.4445343697528674       0.18123160649061618        5.9612792440783017E-003
 muF =    91.000000000000000     
 x,g,d,u,c,b ->    1.0000000000000000E-003   29180.787920414412        1555.8626535311857        1592.7530482269622        1166.3175553774474        845.19096919276262     
 x,g,d,u,c,b ->    1.0000000000000000E-002   807.47283965135125        69.666303885655154        78.093449969334429        33.413089290426910        22.636622159524279     
 x,g,d,u,c,b ->    5.0000000000000003E-002   42.763680146528607        9.1064398146664818        12.710211629528283        1.5877674693764532        1.0264355873386404     
 x,g,d,u,c,b ->   0.10000000000000001        8.7995505615842387        3.6464780267301191        6.0187707595001001       0.29455648568374304       0.18210860791039918     
 ===============================
 =============================================
 Using profiled scales: (Q0,npow) =    1.3909849999999999        1.0000000000000000     
 =============================================
 Performing backward evolution from scale Q =    1.8149999999999999      , with nf =            4
 Quark thresholds at    0.0000000000000000        4.9199999999999999        10000000000.000000     
 init_pdfs_NNLOPS: set_pdfs_to_zero_when_negative flag set to  F
 initialization of PDFs, hoppet interface, using init_pdfs_NNLOPS: pdf_q2min =    2.7224999999999997     
 RM48 INITIALIZED:         1    16727942         0
 RM48IN SKIPPING OVER        16727942
 =============================================
 using modlog_p =    6.0000000000000000     
 =============================================
 freezing of alphas in setlocalscales at [GeV]    0.0000000000000000     
 freezing of PDF evolution in setlocalscales at [GeV]   1.8149999999999999     
 =========================
 *MINNLO* ACTIVATED
 =========================
 include_delta_terms is  F
 distribute_by_ub is  T
 distribute_by_ub_AP is  T
 =============================================
 flg_dtermsallorders =  T
 =============================================
 =============================================
 using kappaQ =    1.0000000000000000     
 =============================================
 ===============================================
 LHAPDF
 ===============================================
 muF =   0.75000000000000000     
 x,g,d,u,c,b ->    1.0000000000000000E-003  -1913.9745595937188        198.69844932421265        221.61083982930199       -234.74275406020436       -1.4142873003809649E-007
 x,g,d,u,c,b ->    1.0000000000000000E-002  -35.966367571340463        20.630714890137945        24.042457473069611       -14.777606272887224        5.3825625014354738E-008
 x,g,d,u,c,b ->    5.0000000000000003E-002   24.871569869676460        6.8768954265109210        8.8238434876378289       -1.4146897576700717        4.4041740853345360E-010
 x,g,d,u,c,b ->   0.10000000000000001        13.802638465223357        4.3262542421195249        6.0486284647734641      -0.34174136300999275       -7.3978672218717507E-009
LHAPDF 6.4.0 loading /cvmfs/cms.cern.ch/slc7_amd64_gcc10/external/lhapdf/6.4.0-f99dd75eb8675a339d8b05f6184e6d59/share/LHAPDF/NNPDF31_nnlo_hessian_pdfas/NNPDF31_nnlo_hessian_pdfas_0024.dat
NNPDF31_nnlo_hessian_pdfas PDF set, member #24, version 1; LHAPDF ID = 306024
 muF =    1.0000000000000000     
 x,g,d,u,c,b ->    1.0000000000000000E-003  -1362.6404861592930        263.82255822121527        287.89705437697853       -162.97577212081910       -1.4142873003809649E-007
 x,g,d,u,c,b ->    1.0000000000000000E-002   67.524904173926274        26.058034872844122        30.098755084603834       -9.3303391333678238        5.3825625014354698E-008
 x,g,d,u,c,b ->    5.0000000000000003E-002   32.223982407193574        7.4806776769914158        9.7106466852674167      -0.79984565487361114        4.4041740853345360E-010
 x,g,d,u,c,b ->   0.10000000000000001        14.880974768440739        4.3534691221160786        6.2490746835555395      -0.18471459602145054       -7.3978672218717507E-009
 muF =    2.0000000000000000     
 x,g,d,u,c,b ->    1.0000000000000000E-003   3380.3506003652042        478.93002453925914        505.78820067662366        64.082545889633550        9.3949513402415756E-008
 x,g,d,u,c,b ->    1.0000000000000000E-002   337.22449507289855        38.445077777487860        43.827153223205997        2.9965345958867453        9.5538558038675647E-010
 x,g,d,u,c,b ->    5.0000000000000003E-002   46.208540246969143        8.4092197956042796        11.163965914441613       0.24562503063882929       -4.8648406347731035E-009
 x,g,d,u,c,b ->   0.10000000000000001        14.666670336891707        4.2869250038864459        6.4458781736241964        6.0873178563857433E-002  -4.4323056282507220E-009
 muF =    5.0000000000000000     
 x,g,d,u,c,b ->    1.0000000000000000E-003   11039.457615924090        764.29772346719551        793.92135308953186        357.94912948381290        3.1117746956346566     
 x,g,d,u,c,b ->    1.0000000000000000E-002   561.54186181004286        49.577840020928754        56.097972216485360        14.048358730873600       0.28636403623789541     
 x,g,d,u,c,b ->    5.0000000000000003E-002   49.924174800769848        8.8720355709071672        11.994879015221041       0.90175336312387810        2.5564201098394024E-002
 x,g,d,u,c,b ->   0.10000000000000001        13.069529892875611        4.1206234150948751        6.4146796738916718       0.19417701025106976        6.0025609227990825E-003
 muF =    91.000000000000000     
 x,g,d,u,c,b ->    1.0000000000000000E-003   29188.760555468783        1559.0369536908927        1594.8521601171115        1165.7051252787664        845.23882253704414     
 x,g,d,u,c,b ->    1.0000000000000000E-002   807.68206614155883        69.115891405947565        77.719577692604048        33.556904139506045        22.635308680887885     
 x,g,d,u,c,b ->    5.0000000000000003E-002   42.746198622357738        9.0332487202307341        12.651309497201050        1.6206292355985354        1.0276047161710988     
 x,g,d,u,c,b ->   0.10000000000000001        8.8364057109910465        3.6280862171977950        5.9930012344647743       0.30679370903450370       0.18313734043408053     
 ===============================
 =============================================
 Using profiled scales: (Q0,npow) =    1.3909849999999999        1.0000000000000000     
 =============================================
 Performing backward evolution from scale Q =    1.8149999999999999      , with nf =            4
 Quark thresholds at    0.0000000000000000        4.9199999999999999        10000000000.000000     
 init_pdfs_NNLOPS: set_pdfs_to_zero_when_negative flag set to  F
 initialization of PDFs, hoppet interface, using init_pdfs_NNLOPS: pdf_q2min =    2.7224999999999997     
 RM48 INITIALIZED:         1    16727942         0
 RM48IN SKIPPING OVER        16727942
 =============================================
 using modlog_p =    6.0000000000000000     
 =============================================
 freezing of alphas in setlocalscales at [GeV]    0.0000000000000000     
 freezing of PDF evolution in setlocalscales at [GeV]   1.8149999999999999     
 =========================
 *MINNLO* ACTIVATED
 =========================
 include_delta_terms is  F
 distribute_by_ub is  T
 distribute_by_ub_AP is  T
 =============================================
 flg_dtermsallorders =  T
 =============================================
 =============================================
 using kappaQ =    1.0000000000000000     
 =============================================
 ===============================================
 LHAPDF
 ===============================================
 muF =   0.75000000000000000     
 x,g,d,u,c,b ->    1.0000000000000000E-003  -1901.8258255807766        204.36724362765491        215.01218980818575       -234.82205004688032       -4.1952800633613996E-007
 x,g,d,u,c,b ->    1.0000000000000000E-002  -35.386288149673888        21.428623213295459        24.146601354182568       -14.966689555387482        2.4477585626647163E-008
 x,g,d,u,c,b ->    5.0000000000000003E-002   25.807345103351480        7.0665543820883343        8.8890199513584758       -1.4534156744857680       -1.3095447585937300E-009
 x,g,d,u,c,b ->   0.10000000000000001        13.285810871703113        4.3899434419193826        6.0958071669151321      -0.36074025871953830       -9.3853051062859049E-009
 muF =    1.0000000000000000     
 x,g,d,u,c,b ->    1.0000000000000000E-003  -1357.1825521167978        269.84487565442657        281.76509784767114       -163.05711244034123       -4.1952800633613991E-007
 x,g,d,u,c,b ->    1.0000000000000000E-002   69.028769847666567        26.899380692691128        30.262329515068163       -9.5100503692330509        2.4477585626647146E-008
 x,g,d,u,c,b ->    5.0000000000000003E-002   32.266297536596333        7.6551472957744089        9.7722082145778817      -0.83777900057299981       -1.3095447585937306E-009
 x,g,d,u,c,b ->   0.10000000000000001        14.724827682130233        4.4134622398375960        6.2900215354294264      -0.20312965237422495       -9.3853051062859033E-009
 muF =    2.0000000000000000     
 x,g,d,u,c,b ->    1.0000000000000000E-003   3388.8020188699215        485.37473175952977        500.45443370801434        63.805874203812365        6.9379667786634614E-008
 x,g,d,u,c,b ->    1.0000000000000000E-002   338.97234422821487        39.337614727228683        44.073078249635564        2.8225662294289529       -1.1426155510474240E-008
 x,g,d,u,c,b ->    5.0000000000000003E-002   46.103025344789934        8.5568113701352058        11.218101241140316       0.20674222755048566       -4.6286765610183666E-009
 x,g,d,u,c,b ->   0.10000000000000001        14.583218453673975        4.3373361819044920        6.4796701096364266        4.3752780645117742E-002  -1.1889135427479879E-009
 muF =    5.0000000000000000     
 x,g,d,u,c,b ->    1.0000000000000000E-003   11045.267435473716        770.97805713284208        789.22654053689632        357.48976398242581        3.1116004213020863     
 x,g,d,u,c,b ->    1.0000000000000000E-002   562.74316539772212        50.478892856755266        56.379154315501800        13.867884853238069       0.28703005891074068     
 x,g,d,u,c,b ->    5.0000000000000003E-002   49.791673099826127        9.0020368361036027        12.045602804065934       0.86182383024516773        2.5470455846682543E-002
 x,g,d,u,c,b ->   0.10000000000000001        13.013810418086413        4.1643657316102161        6.4436168787045016       0.17847804736234782        5.9751574581758879E-003
 muF =    91.000000000000000     
 x,g,d,u,c,b ->    1.0000000000000000E-003   29187.960290138690        1565.9831298330055        1591.2296588232516        1164.8757045552275        845.12651630702214     
 x,g,d,u,c,b ->    1.0000000000000000E-002   807.70814728570690        69.970582643040984        78.008262158279720        33.348755214916089        22.628045918826942     
 x,g,d,u,c,b ->    5.0000000000000003E-002   42.652528747063919        9.1373053496834444        12.696923424134816        1.5827772973537886        1.0245822889884488     
 x,g,d,u,c,b ->   0.10000000000000001        8.8151059674112346        3.6621656994680452        6.0147745646529724       0.29354123149949990       0.18251306346174784     
 ===============================
 =============================================
 Using profiled scales: (Q0,npow) =    1.3909849999999999        1.0000000000000000     
 =============================================
LHAPDF 6.4.0 loading /cvmfs/cms.cern.ch/slc7_amd64_gcc10/external/lhapdf/6.4.0-f99dd75eb8675a339d8b05f6184e6d59/share/LHAPDF/NNPDF31_nnlo_hessian_pdfas/NNPDF31_nnlo_hessian_pdfas_0025.dat
NNPDF31_nnlo_hessian_pdfas PDF set, member #25, version 1; LHAPDF ID = 306025
 Performing backward evolution from scale Q =    1.8149999999999999      , with nf =            4
 Quark thresholds at    0.0000000000000000        4.9199999999999999        10000000000.000000     
 init_pdfs_NNLOPS: set_pdfs_to_zero_when_negative flag set to  F
 initialization of PDFs, hoppet interface, using init_pdfs_NNLOPS: pdf_q2min =    2.7224999999999997     
 RM48 INITIALIZED:         1    16727942         0
 RM48IN SKIPPING OVER        16727942
 =============================================
 using modlog_p =    6.0000000000000000     
 =============================================
 freezing of alphas in setlocalscales at [GeV]    0.0000000000000000     
 freezing of PDF evolution in setlocalscales at [GeV]   1.8149999999999999     
 =========================
 *MINNLO* ACTIVATED
 =========================
 include_delta_terms is  F
 distribute_by_ub is  T
 distribute_by_ub_AP is  T
 =============================================
 flg_dtermsallorders =  T
 =============================================
 =============================================
 using kappaQ =    1.0000000000000000     
 =============================================
 ===============================================
 LHAPDF
 ===============================================
 muF =   0.75000000000000000     
 x,g,d,u,c,b ->    1.0000000000000000E-003  -1816.6967481260499        193.77505435253536        219.48735142645216       -235.01573509870045        3.7572490145721295E-007
 x,g,d,u,c,b ->    1.0000000000000000E-002  -29.078517594617793        21.075766739973560        24.571546673356270       -14.975007980631274       -2.4696309423600149E-008
 x,g,d,u,c,b ->    5.0000000000000003E-002   26.964318830212857        6.9504294731431893        8.8944270255335507       -1.4915018917201934        4.4932478561259364E-009
 x,g,d,u,c,b ->   0.10000000000000001        14.096097504801660        4.3540483515917048        6.0802872485115405      -0.34658465935910893       -3.9290541913052001E-009
 muF =    1.0000000000000000     
 x,g,d,u,c,b ->    1.0000000000000000E-003  -1287.4801924541180        259.38116019744331        286.17491882225545       -163.34677421211367        3.7572490145721279E-007
 x,g,d,u,c,b ->    1.0000000000000000E-002   72.132452991372801        26.519321353958240        30.636397908978505       -9.5437941512523565       -2.4696309423600142E-008
 x,g,d,u,c,b ->    5.0000000000000003E-002   32.320699136032204        7.5573636759464247        9.7847255314192019      -0.85995323114470612        4.4932478561259355E-009
 x,g,d,u,c,b ->   0.10000000000000001        15.138655143955690        4.3777724840748400        6.2796547713405033      -0.19143097706491588       -3.9290541913051992E-009
 muF =    2.0000000000000000     
 x,g,d,u,c,b ->    1.0000000000000000E-003   3413.2485733749027        475.25154007992262        504.61207880998489        63.294148254104080       -2.3974674445848417E-007
 x,g,d,u,c,b ->    1.0000000000000000E-002   338.52196233830699        38.912332634296810        44.358389083096888        2.7471430791918334       -5.1390724825214103E-009
 x,g,d,u,c,b ->    5.0000000000000003E-002   46.545196107487484        8.4806770397249789        11.235914596154158       0.20301396860785170       -2.7799001010664876E-009
 x,g,d,u,c,b ->   0.10000000000000001        14.711116524929496        4.3063169677869517        6.4724298189753213        5.2491512747946389E-002   3.4720348377972512E-009
 muF =    5.0000000000000000     
 x,g,d,u,c,b ->    1.0000000000000000E-003   11046.497020707026        761.20261656434627        793.12804318460132        356.81446530363309        3.1095456789724221     
 x,g,d,u,c,b ->    1.0000000000000000E-002   561.44731060736535        50.036941534174474        56.613600509733310        13.776647091660926       0.28592271134355146     
 x,g,d,u,c,b ->    5.0000000000000003E-002   50.209180099830043        8.9353303598924541        12.061395596606431       0.86750806489163801        2.5697171397211064E-002
 x,g,d,u,c,b ->   0.10000000000000001        13.041142931458662        4.1370189436416576        6.4380338553342638       0.18552922982751680        5.9694166837139743E-003
LHAPDF 6.4.0 loading /cvmfs/cms.cern.ch/slc7_amd64_gcc10/external/lhapdf/6.4.0-f99dd75eb8675a339d8b05f6184e6d59/share/LHAPDF/NNPDF31_nnlo_hessian_pdfas/NNPDF31_nnlo_hessian_pdfas_0026.dat
NNPDF31_nnlo_hessian_pdfas PDF set, member #26, version 1; LHAPDF ID = 306026
 muF =    91.000000000000000     
 x,g,d,u,c,b ->    1.0000000000000000E-003   29181.388497599888        1557.0659557376846        1594.8604816629972        1164.1049562735850        845.04732261915831     
 x,g,d,u,c,b ->    1.0000000000000000E-002   807.16603950806586        69.551069777299631        78.201341008172108        33.275929553995432        22.622292311960077     
 x,g,d,u,c,b ->    5.0000000000000003E-002   42.820345923009370        9.0812156381472242        12.706066509369800        1.5943395455662586        1.0279495665913054     
 x,g,d,u,c,b ->   0.10000000000000001        8.8050197611219705        3.6405420804233106        6.0121591473776341       0.29854444648754758       0.18225463847052328     
 ===============================
 =============================================
 Using profiled scales: (Q0,npow) =    1.3909849999999999        1.0000000000000000     
 =============================================
 Performing backward evolution from scale Q =    1.8149999999999999      , with nf =            4
 Quark thresholds at    0.0000000000000000        4.9199999999999999        10000000000.000000     
 init_pdfs_NNLOPS: set_pdfs_to_zero_when_negative flag set to  F
 initialization of PDFs, hoppet interface, using init_pdfs_NNLOPS: pdf_q2min =    2.7224999999999997     
 RM48 INITIALIZED:         1    16727942         0
 RM48IN SKIPPING OVER        16727942
 =============================================
 using modlog_p =    6.0000000000000000     
 =============================================
 freezing of alphas in setlocalscales at [GeV]    0.0000000000000000     
 freezing of PDF evolution in setlocalscales at [GeV]   1.8149999999999999     
 =========================
 *MINNLO* ACTIVATED
 =========================
 include_delta_terms is  F
 distribute_by_ub is  T
 distribute_by_ub_AP is  T
 =============================================
 flg_dtermsallorders =  T
 =============================================
 =============================================
 using kappaQ =    1.0000000000000000     
 =============================================
 ===============================================
 LHAPDF
 ===============================================
 muF =   0.75000000000000000     
 x,g,d,u,c,b ->    1.0000000000000000E-003  -1856.5600888307963        193.36532763409770        210.43793182036961       -229.30618743058812       -9.6607811651605204E-008
 x,g,d,u,c,b ->    1.0000000000000000E-002  -29.688344204625771        20.806459800975247        23.727141558647414       -14.415495113566372        1.7276948530522903E-008
 x,g,d,u,c,b ->    5.0000000000000003E-002   26.209163870687970        6.9217287973225057        8.7886008858478561       -1.4219413233323948       -4.9364987743813178E-009
 x,g,d,u,c,b ->   0.10000000000000001        13.452175772272037        4.3309504843682260        6.0408085362370443      -0.33957399087296952       -6.8653897112857296E-009
 muF =    1.0000000000000000     
 x,g,d,u,c,b ->    1.0000000000000000E-003  -1316.7502009829529        259.21186353263380        277.47907135136353       -157.30629240787547       -9.6607811651605152E-008
 x,g,d,u,c,b ->    1.0000000000000000E-002   72.855667046841901        26.263152198743448        29.821495976990608       -8.9946332376164513        1.7276948530522903E-008
 x,g,d,u,c,b ->    5.0000000000000003E-002   31.938067183691484        7.5241626238405219        9.6805013986017077      -0.80252901306589086       -4.9364987743813170E-009
 x,g,d,u,c,b ->   0.10000000000000001        14.996344895487114        4.3584985296358854        6.2428664724823850      -0.18199431200408933       -6.8653897112857271E-009
 muF =    2.0000000000000000     
 x,g,d,u,c,b ->    1.0000000000000000E-003   3411.6460702308323        475.35402028220807        496.46892570710668        69.749232935497560        2.2547496619692609E-007
 x,g,d,u,c,b ->    1.0000000000000000E-002   339.42789005105271        38.676400717308582        43.598256026174049        3.2656401659738354       -3.6298695605769898E-008
 x,g,d,u,c,b ->    5.0000000000000003E-002   46.179005415009200        8.4465659526212473        11.140489244083307       0.24652825357850269       -4.0513916809333249E-009
LHAPDF 6.4.0 loading /cvmfs/cms.cern.ch/slc7_amd64_gcc10/external/lhapdf/6.4.0-f99dd75eb8675a339d8b05f6184e6d59/share/LHAPDF/NNPDF31_nnlo_hessian_pdfas/NNPDF31_nnlo_hessian_pdfas_0027.dat
NNPDF31_nnlo_hessian_pdfas PDF set, member #27, version 1; LHAPDF ID = 306027
 x,g,d,u,c,b ->   0.10000000000000001        14.761651540234555        4.2923105581210823        6.4423400110609528        6.3084560876403073E-002  -2.6324723816267656E-009
 muF =    5.0000000000000000     
 x,g,d,u,c,b ->    1.0000000000000000E-003   11051.651716342636        761.29976299046416        785.26364853002963        363.35685609831626        3.1176730536186357     
 x,g,d,u,c,b ->    1.0000000000000000E-002   562.00410647699948        49.807050778969078        55.890977338618306        14.259471068663629       0.28615528187196954     
 x,g,d,u,c,b ->    5.0000000000000003E-002   50.001653183284049        8.9050004941330911        11.976306080238665       0.90377596080809042        2.5633896212975994E-002
 x,g,d,u,c,b ->   0.10000000000000001        13.103323468481941        4.1263533200121838        6.4122092415094265       0.19535251449871285        6.0069551906198147E-003
 muF =    91.000000000000000     
 x,g,d,u,c,b ->    1.0000000000000000E-003   29178.809143768882        1556.8166511791535        1587.1318015506849        1170.3759930069318        845.01835319956047     
 x,g,d,u,c,b ->    1.0000000000000000E-002   807.22121477515202        69.334945258515418        77.544212673370282        33.683284189134270        22.619968575515252     
 x,g,d,u,c,b ->    5.0000000000000003E-002   42.814848546411874        9.0593580166964713        12.639485602720894        1.6230503265042495        1.0292635261342022     
 x,g,d,u,c,b ->   0.10000000000000001        8.8371564914711485        3.6343936511248192        5.9917709146288320       0.30629912028589940       0.18302532033041946     
 ===============================
 =============================================
 Using profiled scales: (Q0,npow) =    1.3909849999999999        1.0000000000000000     
 =============================================
 Performing backward evolution from scale Q =    1.8149999999999999      , with nf =            4
 Quark thresholds at    0.0000000000000000        4.9199999999999999        10000000000.000000     
 init_pdfs_NNLOPS: set_pdfs_to_zero_when_negative flag set to  F
 initialization of PDFs, hoppet interface, using init_pdfs_NNLOPS: pdf_q2min =    2.7224999999999997     
 RM48 INITIALIZED:         1    16727942         0
 RM48IN SKIPPING OVER        16727942
 =============================================
 using modlog_p =    6.0000000000000000     
 =============================================
 freezing of alphas in setlocalscales at [GeV]    0.0000000000000000     
 freezing of PDF evolution in setlocalscales at [GeV]   1.8149999999999999     
 =========================
 *MINNLO* ACTIVATED
 =========================
 include_delta_terms is  F
 distribute_by_ub is  T
 distribute_by_ub_AP is  T
 =============================================
 flg_dtermsallorders =  T
 =============================================
 =============================================
 using kappaQ =    1.0000000000000000     
 =============================================
 ===============================================
 LHAPDF
 ===============================================
 muF =   0.75000000000000000     
 x,g,d,u,c,b ->    1.0000000000000000E-003  -1893.6596739226022        189.43209158734442        211.08715564771813       -229.65556016237139        1.6448790638607387E-007
 x,g,d,u,c,b ->    1.0000000000000000E-002  -34.341939506846849        20.852093072850881        23.988283362560242       -14.642749571804256        1.9421887407465385E-008
 x,g,d,u,c,b ->    5.0000000000000003E-002   25.450507480067170        7.0336377054681032        8.8961272369750866       -1.4440650287273289        3.7007461174406194E-009
 x,g,d,u,c,b ->   0.10000000000000001        13.272715956268142        4.3767622361842191        6.0849078898054421      -0.35270235366144276       -6.6138489159980936E-009
 muF =    1.0000000000000000     
 x,g,d,u,c,b ->    1.0000000000000000E-003  -1340.6085090431475        255.15498159887628        277.86596147339924       -158.02316898810935        1.6448790638607382E-007
 x,g,d,u,c,b ->    1.0000000000000000E-002   68.959603306287548        26.357927125501430        30.105506772543350       -9.2111439136761248        1.9421887407465385E-008
LHAPDF 6.4.0 loading /cvmfs/cms.cern.ch/slc7_amd64_gcc10/external/lhapdf/6.4.0-f99dd75eb8675a339d8b05f6184e6d59/share/LHAPDF/NNPDF31_nnlo_hessian_pdfas/NNPDF31_nnlo_hessian_pdfas_0028.dat
NNPDF31_nnlo_hessian_pdfas PDF set, member #28, version 1; LHAPDF ID = 306028
 x,g,d,u,c,b ->    5.0000000000000003E-002   31.869191761789253        7.6239761116256517        9.7780543239744429      -0.83049459177162299        3.7007461174406186E-009
 x,g,d,u,c,b ->   0.10000000000000001        14.723009878819134        4.4011997562442815        6.2849596988163130      -0.19714912117916686       -6.6138489159980936E-009
 muF =    2.0000000000000000     
 x,g,d,u,c,b ->    1.0000000000000000E-003   3391.8890757173149        471.59715775461154        496.85724381334921        68.721294953911084        6.8888634256434352E-007
 x,g,d,u,c,b ->    1.0000000000000000E-002   338.77982505720422        38.857486658404270        43.921460792615939        3.0691019061180058       -1.6298543042496757E-008
 x,g,d,u,c,b ->    5.0000000000000003E-002   45.852121270073773        8.5310945002937419        11.225113864420489       0.20966847672654157       -1.8225234190253827E-009
 x,g,d,u,c,b ->   0.10000000000000001        14.618233050856141        4.3288765965525995        6.4824553816954893        4.7043931267340501E-002  -3.5582388350644702E-009
 muF =    5.0000000000000000     
 x,g,d,u,c,b ->    1.0000000000000000E-003   11041.968152377498        758.04534126925091        785.88188628302078        362.23389255015582        3.1162230370725137     
 x,g,d,u,c,b ->    1.0000000000000000E-002   562.44920952214113        50.040422664797980        56.232810430783488        14.070563301416321       0.28681727045073346     
 x,g,d,u,c,b ->    5.0000000000000003E-002   49.665494416065151        8.9805031912000466        12.054208575584338       0.86312345055148787        2.5427649858425019E-002
 x,g,d,u,c,b ->   0.10000000000000001        13.042240860073388        4.1584272668700164        6.4509639723773882       0.17988273972946417        5.9855399243562276E-003
 muF =    91.000000000000000     
 x,g,d,u,c,b ->    1.0000000000000000E-003   29174.892863509234        1554.3700888620476        1588.1596682100831        1169.0235652763811        844.91076452545769     
 x,g,d,u,c,b ->    1.0000000000000000E-002   807.30549751277601        69.598448760844548        77.880146923375648        33.483028242541366        22.613994320775575     
 x,g,d,u,c,b ->    5.0000000000000003E-002   42.644470195284526        9.1229642745374040        12.709744384483686        1.5826134327064267        1.0247625032726877     
 x,g,d,u,c,b ->   0.10000000000000001        8.8241245922102820        3.6594172578045745        6.0267199245652066       0.29277115127959430       0.18260210777746771     
 ===============================
 =============================================
 Using profiled scales: (Q0,npow) =    1.3909849999999999        1.0000000000000000     
 =============================================
 Performing backward evolution from scale Q =    1.8149999999999999      , with nf =            4
 Quark thresholds at    0.0000000000000000        4.9199999999999999        10000000000.000000     
 init_pdfs_NNLOPS: set_pdfs_to_zero_when_negative flag set to  F
 initialization of PDFs, hoppet interface, using init_pdfs_NNLOPS: pdf_q2min =    2.7224999999999997     
 RM48 INITIALIZED:         1    16727942         0
 RM48IN SKIPPING OVER        16727942
 =============================================
 using modlog_p =    6.0000000000000000     
 =============================================
 freezing of alphas in setlocalscales at [GeV]    0.0000000000000000     
 freezing of PDF evolution in setlocalscales at [GeV]   1.8149999999999999     
 =========================
 *MINNLO* ACTIVATED
 =========================
 include_delta_terms is  F
 distribute_by_ub is  T
 distribute_by_ub_AP is  T
 =============================================
 flg_dtermsallorders =  T
 =============================================
 =============================================
 using kappaQ =    1.0000000000000000     
 =============================================
 ===============================================
 LHAPDF
 ===============================================
 muF =   0.75000000000000000     
 x,g,d,u,c,b ->    1.0000000000000000E-003  -1922.4535549374928        194.28168606403986        217.91401091320705       -232.25743867715605        5.9993890916846074E-007
LHAPDF 6.4.0 loading /cvmfs/cms.cern.ch/slc7_amd64_gcc10/external/lhapdf/6.4.0-f99dd75eb8675a339d8b05f6184e6d59/share/LHAPDF/NNPDF31_nnlo_hessian_pdfas/NNPDF31_nnlo_hessian_pdfas_0029.dat
NNPDF31_nnlo_hessian_pdfas PDF set, member #29, version 1; LHAPDF ID = 306029
 x,g,d,u,c,b ->    1.0000000000000000E-002  -37.855174516972554        20.782973842610811        24.074527996344528       -14.842288419916613       -3.6466816294421685E-009
 x,g,d,u,c,b ->    5.0000000000000003E-002   25.101945764579135        6.9992620757273922        8.8890420913245993       -1.4292120505064869       -4.3063193380735576E-009
 x,g,d,u,c,b ->   0.10000000000000001        13.007375949281551        4.3713631002997451        6.0858389703394593      -0.35717859838021315       -4.6283758711796883E-009
 muF =    1.0000000000000000     
 x,g,d,u,c,b ->    1.0000000000000000E-003  -1341.8438945098917        259.53093146080118        284.20914442831219       -160.85709642647973        5.9993890916846064E-007
 x,g,d,u,c,b ->    1.0000000000000000E-002   66.322807715029171        26.255163196636577        30.166442417753913       -9.3887705536305717       -3.6466816294421673E-009
 x,g,d,u,c,b ->    5.0000000000000003E-002   32.082327856478919        7.5908370174231798        9.7686594238072608      -0.82111265118710708       -4.3063193380735576E-009
 x,g,d,u,c,b ->   0.10000000000000001        14.543212605449481        4.3955795239265045        6.2869587650083281      -0.20139224019325566       -4.6283758711796875E-009
 muF =    2.0000000000000000     
 x,g,d,u,c,b ->    1.0000000000000000E-003   3382.6511346720290        475.24875807266687        502.46938058593150        65.791402860665585        8.0887923715129698E-007
 x,g,d,u,c,b ->    1.0000000000000000E-002   337.49936369045736        38.715776252136244        43.953607628793321        2.9417702126401215       -3.0989347035501616E-009
 x,g,d,u,c,b ->    5.0000000000000003E-002   45.785677615751688        8.5016776586321114        11.215299690294067       0.21377816044481782       -4.2399200370338442E-009
 x,g,d,u,c,b ->   0.10000000000000001        14.558054629729213        4.3235175429655719        6.4836327778283209        4.4242883738854877E-002  -2.0469556175526712E-009
 muF =    5.0000000000000000     
 x,g,d,u,c,b ->    1.0000000000000000E-003   11034.186490155898        761.19267924997143        790.99526060732364        359.40563152497134        3.1116667824952917     
 x,g,d,u,c,b ->    1.0000000000000000E-002   562.03117100183908        49.883142241490560        56.250688847040294        13.980557761629106       0.28681083224581494     
 x,g,d,u,c,b ->    5.0000000000000003E-002   49.557230218917610        8.9542038934156771        12.045026349171891       0.86490209303166210        2.5362216911295893E-002
 x,g,d,u,c,b ->   0.10000000000000001        13.031321924685727        4.1532324339516808        6.4508267226712084       0.17841974261968960        5.9920464526244943E-003
 muF =    91.000000000000000     
 x,g,d,u,c,b ->    1.0000000000000000E-003   29175.345189296520        1556.8311173852137        1592.4707822449629        1166.5248448046400        844.94907677051049     
 x,g,d,u,c,b ->    1.0000000000000000E-002   807.41749677359826        69.428792104494150        77.880875347728676        33.443289271855349        22.618250651300507     
 x,g,d,u,c,b ->    5.0000000000000003E-002   42.594966007764029        9.1015119306941799        12.702517704659428        1.5837179291866876        1.0239324893972517     
 x,g,d,u,c,b ->   0.10000000000000001        8.8323980579888683        3.6541140706065098        6.0248001002691742       0.29320985536964567       0.18288702822856531     
 ===============================
 =============================================
 Using profiled scales: (Q0,npow) =    1.3909849999999999        1.0000000000000000     
 =============================================
 Performing backward evolution from scale Q =    1.8149999999999999      , with nf =            4
 Quark thresholds at    0.0000000000000000        4.9199999999999999        10000000000.000000     
 init_pdfs_NNLOPS: set_pdfs_to_zero_when_negative flag set to  F
 initialization of PDFs, hoppet interface, using init_pdfs_NNLOPS: pdf_q2min =    2.7224999999999997     
 RM48 INITIALIZED:         1    16727942         0
 RM48IN SKIPPING OVER        16727942
 =============================================
 using modlog_p =    6.0000000000000000     
 =============================================
 freezing of alphas in setlocalscales at [GeV]    0.0000000000000000     
 freezing of PDF evolution in setlocalscales at [GeV]   1.8149999999999999     
 =========================
 *MINNLO* ACTIVATED
 =========================
 include_delta_terms is  F
 distribute_by_ub is  T
 distribute_by_ub_AP is  T
 =============================================
 flg_dtermsallorders =  T
 =============================================
 =============================================
 using kappaQ =    1.0000000000000000     
 =============================================
 ===============================================
 LHAPDF
 ===============================================
 muF =   0.75000000000000000     
 x,g,d,u,c,b ->    1.0000000000000000E-003  -1892.1729883020466        194.70119980460271        216.51524015530939       -234.61501839380352        5.5166848422491189E-007
 x,g,d,u,c,b ->    1.0000000000000000E-002  -34.402276780414461        21.037983511347978        24.402990527851276       -14.809767262372224        4.6870456315034860E-009
 x,g,d,u,c,b ->    5.0000000000000003E-002   25.802349455471727        6.9032333928693523        8.8924854963063176       -1.4540877624697361        9.2776145689119397E-010
 x,g,d,u,c,b ->   0.10000000000000001        12.506872408300948        4.2886300460876017        6.0295873262061903      -0.35416438140531531       -5.6390733098227750E-009
 muF =    1.0000000000000000     
 x,g,d,u,c,b ->    1.0000000000000000E-003  -1347.3985362933031        260.39810530628642        283.37783396022985       -162.70520968279121        5.5166848422491199E-007
 x,g,d,u,c,b ->    1.0000000000000000E-002   69.624284167339908        26.496241416538151        30.496960178523835       -9.3608377965181280        4.6870456315034843E-009
 x,g,d,u,c,b ->    5.0000000000000003E-002   31.691250699449686        7.4899333639127548        9.7584535427437480      -0.83895640333936705        9.2776145689119387E-010
 x,g,d,u,c,b ->   0.10000000000000001        14.473434701153002        4.3158910987706740        6.2264048418205009      -0.19130167273102383       -5.6390733098227775E-009
 muF =    2.0000000000000000     
 x,g,d,u,c,b ->    1.0000000000000000E-003   3392.4743007083357        476.52071358028661        502.31369530972034        64.495154062470661        5.1428349704553063E-008
 x,g,d,u,c,b ->    1.0000000000000000E-002   338.95904546472724        38.897530831298916        44.260092608517006        2.9559236485877198        6.1478819582466146E-008
 x,g,d,u,c,b ->    5.0000000000000003E-002   45.675310413694561        8.3929320101610951        11.179175629579962       0.21130764689457884       -3.3320412689066857E-009
 x,g,d,u,c,b ->   0.10000000000000001        14.693970073947204        4.2492174596137389        6.4186581600503434        6.3528608064832751E-002  -6.0362702847930942E-010
 muF =    5.0000000000000000     
 x,g,d,u,c,b ->    1.0000000000000000E-003   11043.953318936088        762.54686002382391        791.15711385885140        358.34483708190913        3.1164858160257953     
 x,g,d,u,c,b ->    1.0000000000000000E-002   562.51776566555156        50.002454280614117        56.523260898836867        13.989576050214225       0.28668821699531821     
 x,g,d,u,c,b ->    5.0000000000000003E-002   49.635255808391982        8.8437424866543068        11.992366453689538       0.87662128981955312        2.5488186257358134E-002
 x,g,d,u,c,b ->   0.10000000000000001        13.170081840265620        4.0839310340653734        6.3844861234828674       0.20183629582463664        6.0798739142930644E-003
 muF =    91.000000000000000     
 x,g,d,u,c,b ->    1.0000000000000000E-003   29180.983762315929        1558.1698882695964        1593.0662843317693        1165.8601860289280        845.09651051460162     
 x,g,d,u,c,b ->    1.0000000000000000E-002   807.78795140499415        69.449660874904211        78.080600834184992        33.468731467151315        22.635710733539849     
 x,g,d,u,c,b ->    5.0000000000000003E-002   42.773131624912381        8.9941826291811520        12.628680605429411        1.6146360671351572        1.0309760993258503     
LHAPDF 6.4.0 loading /cvmfs/cms.cern.ch/slc7_amd64_gcc10/external/lhapdf/6.4.0-f99dd75eb8675a339d8b05f6184e6d59/share/LHAPDF/NNPDF31_nnlo_hessian_pdfas/NNPDF31_nnlo_hessian_pdfas_0030.dat
NNPDF31_nnlo_hessian_pdfas PDF set, member #30, version 1; LHAPDF ID = 306030
 x,g,d,u,c,b ->   0.10000000000000001        8.9059421485322634        3.5946084113044874        5.9600557368556935       0.31863121744613770       0.18497931414767207     
 ===============================
 =============================================
 Using profiled scales: (Q0,npow) =    1.3909849999999999        1.0000000000000000     
 =============================================
 Performing backward evolution from scale Q =    1.8149999999999999      , with nf =            4
 Quark thresholds at    0.0000000000000000        4.9199999999999999        10000000000.000000     
 init_pdfs_NNLOPS: set_pdfs_to_zero_when_negative flag set to  F
 initialization of PDFs, hoppet interface, using init_pdfs_NNLOPS: pdf_q2min =    2.7224999999999997     
 RM48 INITIALIZED:         1    16727942         0
 RM48IN SKIPPING OVER        16727942
 =============================================
 using modlog_p =    6.0000000000000000     
 =============================================
 freezing of alphas in setlocalscales at [GeV]    0.0000000000000000     
 freezing of PDF evolution in setlocalscales at [GeV]   1.8149999999999999     
 =========================
 *MINNLO* ACTIVATED
 =========================
 include_delta_terms is  F
 distribute_by_ub is  T
 distribute_by_ub_AP is  T
 =============================================
 flg_dtermsallorders =  T
 =============================================
 =============================================
 using kappaQ =    1.0000000000000000     
 =============================================
 ===============================================
 LHAPDF
 ===============================================
 muF =   0.75000000000000000     
 x,g,d,u,c,b ->    1.0000000000000000E-003  -1890.1308876403946        189.59887837521816        213.79547949620891       -231.85996765284327       -1.5632227907288273E-007
 x,g,d,u,c,b ->    1.0000000000000000E-002  -36.351411491961819        21.526673755398168        24.688677421170699       -14.943796781215527        3.7681465988249504E-008
 x,g,d,u,c,b ->    5.0000000000000003E-002   23.952207855271762        7.1105846508043129        9.0061723416552351       -1.4615727513261372       -2.7527808462929880E-009
 x,g,d,u,c,b ->   0.10000000000000001        13.771503835980996        4.3777316400225894        6.1142030631047088      -0.36669278001864802       -9.8243229312314377E-009
 muF =    1.0000000000000000     
 x,g,d,u,c,b ->    1.0000000000000000E-003  -1337.0972269088204        255.76295621841703        280.92372125730441       -160.37077103253102       -1.5632227907288273E-007
 x,g,d,u,c,b ->    1.0000000000000000E-002   68.452599806298025        27.012169036950205        30.803279662935807       -9.5049207376946807        3.7681465988249497E-008
 x,g,d,u,c,b ->    5.0000000000000003E-002   32.036120064444624        7.6871804072204135        9.8752690955092888      -0.84819801970269004       -2.7527808462929884E-009
 x,g,d,u,c,b ->   0.10000000000000001        14.790301893936892        4.3954896487653334        6.3047541062725720      -0.20695553502761213       -9.8243229312314377E-009
 muF =    2.0000000000000000     
 x,g,d,u,c,b ->    1.0000000000000000E-003   3393.4116255266117        472.91773072109510        500.48730048395572        66.123258339604263        9.8181978189483857E-007
 x,g,d,u,c,b ->    1.0000000000000000E-002   338.25629148864169        39.475078981264680        44.612876824370424        2.8062061912824947        1.5751461399689018E-008
 x,g,d,u,c,b ->    5.0000000000000003E-002   45.976416317895541        8.5717983181383559        11.300123838869577       0.19860235324151973       -4.3234603981868205E-009
 x,g,d,u,c,b ->   0.10000000000000001        14.602090607055038        4.3122741358039960        6.4866266697154451        4.4234689061665548E-002  -2.4945645512971469E-009
 muF =    5.0000000000000000     
 x,g,d,u,c,b ->    1.0000000000000000E-003   11042.965893517974        759.83833912613579        789.88123056140262        359.51177639100496        3.1131457427069855     
 x,g,d,u,c,b ->    1.0000000000000000E-002   562.14472968174789        50.624406845807719        56.910930535394421        13.840562362797565       0.28662546985433718     
LHAPDF 6.4.0 loading /cvmfs/cms.cern.ch/slc7_amd64_gcc10/external/lhapdf/6.4.0-f99dd75eb8675a339d8b05f6184e6d59/share/LHAPDF/NNPDF31_nnlo_hessian_pdfas/NNPDF31_nnlo_hessian_pdfas_0031.dat
NNPDF31_nnlo_hessian_pdfas PDF set, member #31, version 1; LHAPDF ID = 306031
 x,g,d,u,c,b ->    5.0000000000000003E-002   49.744177819825502        9.0042574809974862        12.111477974396889       0.85725968024280486        2.5472351930559231E-002
 x,g,d,u,c,b ->   0.10000000000000001        13.049454259445875        4.1360099980748704        6.4457034716879908       0.18146837020821283        6.0029290418293054E-003
 muF =    91.000000000000000     
 x,g,d,u,c,b ->    1.0000000000000000E-003   29182.175234618688        1557.0619462863074        1592.8117684699509        1166.3556909456386        845.06836461757359     
 x,g,d,u,c,b ->    1.0000000000000000E-002   807.55466909908034        70.117881387965767        78.512589156309758        33.320416387524133        22.625680661643599     
 x,g,d,u,c,b ->    5.0000000000000003E-002   42.687187036760264        9.1217517208102024        12.738736888264780        1.5841738611912377        1.0264762437066719     
 x,g,d,u,c,b ->   0.10000000000000001        8.8421111773957204        3.6326590938062155        6.0112170210686608       0.29913995467702692       0.18334341267566945     
 ===============================
 =============================================
 Using profiled scales: (Q0,npow) =    1.3909849999999999        1.0000000000000000     
 =============================================
 Performing backward evolution from scale Q =    1.8149999999999999      , with nf =            4
 Quark thresholds at    0.0000000000000000        4.9199999999999999        10000000000.000000     
 init_pdfs_NNLOPS: set_pdfs_to_zero_when_negative flag set to  F
 initialization of PDFs, hoppet interface, using init_pdfs_NNLOPS: pdf_q2min =    2.7224999999999997     
 RM48 INITIALIZED:         1    16727942         0
 RM48IN SKIPPING OVER        16727942
 =============================================
 using modlog_p =    6.0000000000000000     
 =============================================
 freezing of alphas in setlocalscales at [GeV]    0.0000000000000000     
 freezing of PDF evolution in setlocalscales at [GeV]   1.8149999999999999     
 =========================
 *MINNLO* ACTIVATED
 =========================
 include_delta_terms is  F
 distribute_by_ub is  T
 distribute_by_ub_AP is  T
 =============================================
 flg_dtermsallorders =  T
 =============================================
 =============================================
 using kappaQ =    1.0000000000000000     
 =============================================
 ===============================================
 LHAPDF
 ===============================================
 muF =   0.75000000000000000     
 x,g,d,u,c,b ->    1.0000000000000000E-003  -1897.2393032505063        194.69842182078617        217.62488081834258       -233.76282440116776        8.0262100596260203E-007
 x,g,d,u,c,b ->    1.0000000000000000E-002  -32.787807585680731        20.905941962253859        24.292113637922885       -14.963436563896702       -1.0690451791539969E-008
 x,g,d,u,c,b ->    5.0000000000000003E-002   27.667853257005941        6.9970337956237003        8.9116861669819052       -1.4864674117705801        1.5344464014931608E-010
 x,g,d,u,c,b ->   0.10000000000000001        12.705798659885874        4.3517322691520617        6.0827663481465732      -0.36032703707368469       -2.9294185249800881E-009
 muF =    1.0000000000000000     
 x,g,d,u,c,b ->    1.0000000000000000E-003  -1376.0321179230500        260.38001696063287        284.48424079878680       -161.96668905599466        8.0262100596260182E-007
 x,g,d,u,c,b ->    1.0000000000000000E-002   71.086250522445198        26.415362075760211        30.416490323504252       -9.5016915817391627       -1.0690451791539967E-008
 x,g,d,u,c,b ->    5.0000000000000003E-002   31.973171434463577        7.5901879304479101        9.7937883193679767      -0.86348194524921296        1.5344464014931601E-010
 x,g,d,u,c,b ->   0.10000000000000001        14.705916665808495        4.3768592063772038        6.2803825029806797      -0.20202419279520345       -2.9294185249800876E-009
 muF =    2.0000000000000000     
 x,g,d,u,c,b ->    1.0000000000000000E-003   3383.3445631487270        476.41390746619618        503.27040458684525        64.999252605056085        8.5604634385826228E-009
LHAPDF 6.4.0 loading /cvmfs/cms.cern.ch/slc7_amd64_gcc10/external/lhapdf/6.4.0-f99dd75eb8675a339d8b05f6184e6d59/share/LHAPDF/NNPDF31_nnlo_hessian_pdfas/NNPDF31_nnlo_hessian_pdfas_0032.dat
NNPDF31_nnlo_hessian_pdfas PDF set, member #32, version 1; LHAPDF ID = 306032
 x,g,d,u,c,b ->    1.0000000000000000E-002   340.03266255387575        38.906856716441219        44.226629645542531        2.8238513066808237       -6.6578276856014991E-009
 x,g,d,u,c,b ->    5.0000000000000003E-002   46.029310728447051        8.4963790316252386        11.234078194698766       0.19010146481940446       -9.5418434137972900E-009
 x,g,d,u,c,b ->   0.10000000000000001        14.691775967424721        4.3046560752825762        6.4725384791852179        4.6562901963126166E-002  -5.8164915469326293E-010
 muF =    5.0000000000000000     
 x,g,d,u,c,b ->    1.0000000000000000E-003   11046.284535576493        762.38393821920818        791.96284886728495        358.67798026512401        3.1179671311057380     
 x,g,d,u,c,b ->    1.0000000000000000E-002   563.02936942616691        50.075317369364669        56.520514945785635        13.856514000250566       0.28687498009861867     
 x,g,d,u,c,b ->    5.0000000000000003E-002   49.849599643597536        8.9444405022917408        12.056911719519654       0.85296153118084583        2.5544556493301257E-002
 x,g,d,u,c,b ->   0.10000000000000001        13.083139644236704        4.1344104290129415        6.4375615226308422       0.18199677786837426        6.0061872438044702E-003
 muF =    91.000000000000000     
 x,g,d,u,c,b ->    1.0000000000000000E-003   29184.665096621262        1557.8467319807937        1593.5109854504497        1165.7915117473226        845.09707958641104     
 x,g,d,u,c,b ->    1.0000000000000000E-002   807.54813010073826        69.611214324745092        78.134290262159396        33.320800431643995        22.623046757749137     
 x,g,d,u,c,b ->    5.0000000000000003E-002   42.746887770255121        9.0846823793098235        12.701711920736225        1.5838486086636379        1.0276578399179965     
 x,g,d,u,c,b ->   0.10000000000000001        8.8385731257938822        3.6362670805403989        6.0097758309117397       0.29824477196015620       0.18303116366430242     
 ===============================
 =============================================
 Using profiled scales: (Q0,npow) =    1.3909849999999999        1.0000000000000000     
 =============================================
 Performing backward evolution from scale Q =    1.8149999999999999      , with nf =            4
 Quark thresholds at    0.0000000000000000        4.9199999999999999        10000000000.000000     
 init_pdfs_NNLOPS: set_pdfs_to_zero_when_negative flag set to  F
 initialization of PDFs, hoppet interface, using init_pdfs_NNLOPS: pdf_q2min =    2.7224999999999997     
 RM48 INITIALIZED:         1    16727942         0
 RM48IN SKIPPING OVER        16727942
 =============================================
 using modlog_p =    6.0000000000000000     
 =============================================
 freezing of alphas in setlocalscales at [GeV]    0.0000000000000000     
 freezing of PDF evolution in setlocalscales at [GeV]   1.8149999999999999     
 =========================
 *MINNLO* ACTIVATED
 =========================
 include_delta_terms is  F
 distribute_by_ub is  T
 distribute_by_ub_AP is  T
 =============================================
 flg_dtermsallorders =  T
 =============================================
 =============================================
 using kappaQ =    1.0000000000000000     
 =============================================
 ===============================================
 LHAPDF
 ===============================================
 muF =   0.75000000000000000     
 x,g,d,u,c,b ->    1.0000000000000000E-003  -1889.9552470155968        193.69053016239221        216.05249997925219       -232.13423939274247        5.2975296586417874E-007
 x,g,d,u,c,b ->    1.0000000000000000E-002  -33.872193725183841        20.985908806819662        24.350083985773743       -14.822299274482253        1.4464479343966058E-008
 x,g,d,u,c,b ->    5.0000000000000003E-002   25.562631695157549        7.0039797110033035        8.9035960260610061       -1.4556066142054438       -2.8691560793695965E-009
 x,g,d,u,c,b ->   0.10000000000000001        13.038351872293090        4.3585306747477262        6.0705077045726714      -0.36295590249565035       -7.0850888460123778E-009
LHAPDF 6.4.0 loading /cvmfs/cms.cern.ch/slc7_amd64_gcc10/external/lhapdf/6.4.0-f99dd75eb8675a339d8b05f6184e6d59/share/LHAPDF/NNPDF31_nnlo_hessian_pdfas/NNPDF31_nnlo_hessian_pdfas_0033.dat
NNPDF31_nnlo_hessian_pdfas PDF set, member #33, version 1; LHAPDF ID = 306033
 muF =    1.0000000000000000     
 x,g,d,u,c,b ->    1.0000000000000000E-003  -1310.8687467693999        259.23092338873761        282.80411131550204       -160.50996889271849        5.2975296586417843E-007
 x,g,d,u,c,b ->    1.0000000000000000E-002   68.854091624442987        26.446892105966175        30.425426355471700       -9.3975018339107077        1.4464479343966056E-008
 x,g,d,u,c,b ->    5.0000000000000003E-002   32.275767670726815        7.5909278272628162        9.7767085680965149      -0.84444531561775404       -2.8691560793695969E-009
 x,g,d,u,c,b ->   0.10000000000000001        14.423485638496871        4.3791278841969090        6.2695855960085876      -0.20302324395234600       -7.0850888460123753E-009
 muF =    2.0000000000000000     
 x,g,d,u,c,b ->    1.0000000000000000E-003   3413.1747193620340        475.16683734773716        501.55900571076450        66.171023139229248        9.5320100805523583E-008
 x,g,d,u,c,b ->    1.0000000000000000E-002   337.85763279723022        38.885175125671346        44.182864039609434        2.8959743222445953       -2.3478123412971516E-009
 x,g,d,u,c,b ->    5.0000000000000003E-002   45.942669216712282        8.4922341524469633        11.211439655491349       0.19931826310592224       -4.5379029421273759E-009
 x,g,d,u,c,b ->   0.10000000000000001        14.496453587022984        4.3035750306468517        6.4632079403795517        4.7963777699959000E-002   1.5655956401674072E-009
 muF =    5.0000000000000000     
 x,g,d,u,c,b ->    1.0000000000000000E-003   11050.036080296564        761.12479818084239        790.28979604174447        359.61386745650657        3.1151912313637666     
 x,g,d,u,c,b ->    1.0000000000000000E-002   561.75439951082978        50.033341417021703        56.457710453559450        13.920022320429087       0.28649319182214572     
 x,g,d,u,c,b ->    5.0000000000000003E-002   49.655641032854895        8.9381966628629570        12.032691472573815       0.85784934308606975        2.5406316805863798E-002
 x,g,d,u,c,b ->   0.10000000000000001        13.025123898189200        4.1321379958760041        6.4289908598558698       0.18494367400579326        6.0073514561462919E-003
 muF =    91.000000000000000     
 x,g,d,u,c,b ->    1.0000000000000000E-003   29176.663617796257        1556.8387414255392        1592.1454160292976        1166.5186451878358        844.93252920099621     
 x,g,d,u,c,b ->    1.0000000000000000E-002   807.34018830581476        69.551284668603373        78.048440650446054        33.385306612933881        22.622236431900735     
 x,g,d,u,c,b ->    5.0000000000000003E-002   42.641992159919390        9.0778404127210077        12.679085435717040        1.5858868068077798        1.0255553769576391     
 x,g,d,u,c,b ->   0.10000000000000001        8.8527067616600164        3.6331806114312797        6.0027146054424811       0.30165250381548753       0.18366996886180809     
 ===============================
 =============================================
 Using profiled scales: (Q0,npow) =    1.3909849999999999        1.0000000000000000     
 =============================================
 Performing backward evolution from scale Q =    1.8149999999999999      , with nf =            4
 Quark thresholds at    0.0000000000000000        4.9199999999999999        10000000000.000000     
 init_pdfs_NNLOPS: set_pdfs_to_zero_when_negative flag set to  F
 initialization of PDFs, hoppet interface, using init_pdfs_NNLOPS: pdf_q2min =    2.7224999999999997     
 RM48 INITIALIZED:         1    16727942         0
 RM48IN SKIPPING OVER        16727942
 =============================================
 using modlog_p =    6.0000000000000000     
 =============================================
 freezing of alphas in setlocalscales at [GeV]    0.0000000000000000     
 freezing of PDF evolution in setlocalscales at [GeV]   1.8149999999999999     
 =========================
 *MINNLO* ACTIVATED
 =========================
 include_delta_terms is  F
 distribute_by_ub is  T
 distribute_by_ub_AP is  T
 =============================================
 flg_dtermsallorders =  T
 =============================================
 =============================================
 using kappaQ =    1.0000000000000000     
 =============================================
 ===============================================
 LHAPDF
 ===============================================
 muF =   0.75000000000000000     
 x,g,d,u,c,b ->    1.0000000000000000E-003  -1881.4078361133143        195.09921645065194        218.28797957583504       -233.87557908427846       -3.6981001948378818E-007
 x,g,d,u,c,b ->    1.0000000000000000E-002  -34.212888278782124        20.728844812368425        24.149370248375948       -14.903600671881959        3.1865013738216572E-008
 x,g,d,u,c,b ->    5.0000000000000003E-002   25.741497011576662        6.9323463265340388        8.8878716111851706       -1.4499240876975821        3.9902916925259327E-009
 x,g,d,u,c,b ->   0.10000000000000001        13.085301127541467        4.3238376981667033        6.0666246425514174      -0.35788004622750536       -4.1354477332639615E-010
 muF =    1.0000000000000000     
 x,g,d,u,c,b ->    1.0000000000000000E-003  -1337.0460033370030        260.60307218127593        284.89390341578843       -162.14783648945152       -3.6981001948378813E-007
 x,g,d,u,c,b ->    1.0000000000000000E-002   69.058665445103600        26.190790867188767        30.242500392984610       -9.4600288747162899        3.1865013738216579E-008
 x,g,d,u,c,b ->    5.0000000000000003E-002   32.071240951396064        7.5268429907595653        9.7666239589435300      -0.83540517433098682        3.9902916925259318E-009
 x,g,d,u,c,b ->   0.10000000000000001        14.600102400787460        4.3519251304144264        6.2660667234809218      -0.19944399866287282       -4.1354477332639615E-010
 muF =    2.0000000000000000     
 x,g,d,u,c,b ->    1.0000000000000000E-003   3398.2995777044384        476.31848236002594        503.25711793693881        64.681773330780061        4.5333712775480177E-007
 x,g,d,u,c,b ->    1.0000000000000000E-002   338.44475719276443        38.620529251972350        44.016154858096797        2.8538064740568116        3.1715488153206624E-009
 x,g,d,u,c,b ->    5.0000000000000003E-002   45.942938839799744        8.4416341740763645        11.207707936917421       0.20954324122674109       -4.0960939421389958E-009
 x,g,d,u,c,b ->   0.10000000000000001        14.600463948642540        4.2874408572195177        6.4615527362748137        4.9146754236246482E-002  -2.3593828867084695E-010
 muF =    5.0000000000000000     
 x,g,d,u,c,b ->    1.0000000000000000E-003   11046.739051227230        762.07603888035260        791.68356256951222        358.29116210974547        3.1156378910397899     
 x,g,d,u,c,b ->    1.0000000000000000E-002   562.20366424193833        49.763638478600960        56.299598668630011        13.890108660112860       0.28664252036610738     
 x,g,d,u,c,b ->    5.0000000000000003E-002   49.728552504671214        8.8971433415144787        12.032073855037160       0.86740387064626334        2.5468012975260822E-002
 x,g,d,u,c,b ->   0.10000000000000001        13.059671521487312        4.1229665242269071        6.4288801001047267       0.18473364570501641        6.0099188240782270E-003
 muF =    91.000000000000000     
 x,g,d,u,c,b ->    1.0000000000000000E-003   29180.705921459266        1557.3453032064219        1593.0312041087450        1165.4455507498512        845.02409133403933     
 x,g,d,u,c,b ->    1.0000000000000000E-002   807.45769788390646        69.291390947564068        77.914090539814836        33.366857932766706        22.623613376010827     
 x,g,d,u,c,b ->    5.0000000000000003E-002   42.690003901238164        9.0518712838125204        12.681537388571732        1.5925289677509094        1.0266182608084329     
 x,g,d,u,c,b ->   0.10000000000000001        8.8473991352604511        3.6332305283490411        6.0043069595129781       0.30010300512845800       0.18338270599583864     
 ===============================
 =============================================
 Using profiled scales: (Q0,npow) =    1.3909849999999999        1.0000000000000000     
 =============================================
LHAPDF 6.4.0 loading /cvmfs/cms.cern.ch/slc7_amd64_gcc10/external/lhapdf/6.4.0-f99dd75eb8675a339d8b05f6184e6d59/share/LHAPDF/NNPDF31_nnlo_hessian_pdfas/NNPDF31_nnlo_hessian_pdfas_0034.dat
NNPDF31_nnlo_hessian_pdfas PDF set, member #34, version 1; LHAPDF ID = 306034
 Performing backward evolution from scale Q =    1.8149999999999999      , with nf =            4
 Quark thresholds at    0.0000000000000000        4.9199999999999999        10000000000.000000     
 init_pdfs_NNLOPS: set_pdfs_to_zero_when_negative flag set to  F
 initialization of PDFs, hoppet interface, using init_pdfs_NNLOPS: pdf_q2min =    2.7224999999999997     
 RM48 INITIALIZED:         1    16727942         0
 RM48IN SKIPPING OVER        16727942
 =============================================
 using modlog_p =    6.0000000000000000     
 =============================================
 freezing of alphas in setlocalscales at [GeV]    0.0000000000000000     
 freezing of PDF evolution in setlocalscales at [GeV]   1.8149999999999999     
 =========================
 *MINNLO* ACTIVATED
 =========================
 include_delta_terms is  F
 distribute_by_ub is  T
 distribute_by_ub_AP is  T
 =============================================
 flg_dtermsallorders =  T
 =============================================
 =============================================
 using kappaQ =    1.0000000000000000     
 =============================================
 ===============================================
 LHAPDF
 ===============================================
 muF =   0.75000000000000000     
 x,g,d,u,c,b ->    1.0000000000000000E-003  -1916.8559703636527        193.02767850314416        216.17831215682358       -232.91009951654792        4.5508254127448021E-007
 x,g,d,u,c,b ->    1.0000000000000000E-002  -35.531417484440489        20.744081616169147        24.054603522558391       -14.770734174042840        4.3705999898293931E-009
 x,g,d,u,c,b ->    5.0000000000000003E-002   25.683898020707449        7.0020046687970847        8.9027118557216820       -1.4472664776046578        3.8138699096612207E-009
 x,g,d,u,c,b ->   0.10000000000000001        12.840281446979640        4.3467106438556335        6.0816818103390391      -0.35030015213722820       -9.4837444173676847E-009
 muF =    1.0000000000000000     
 x,g,d,u,c,b ->    1.0000000000000000E-003  -1344.0902345174839        258.41757705880542        282.67930738884559       -161.17965659263166        4.5508254127448026E-007
 x,g,d,u,c,b ->    1.0000000000000000E-002   69.149470631480668        26.268233038619844        30.194868979555807       -9.3231554482113914        4.3705999898293931E-009
 x,g,d,u,c,b ->    5.0000000000000003E-002   31.480197877772078        7.5911787109642770        9.7828592343018848      -0.83087265961221235        3.8138699096612199E-009
 x,g,d,u,c,b ->   0.10000000000000001        14.925997980150882        4.3747064803453872        6.2807753757005864      -0.19069600120986019       -9.4837444173676847E-009
 muF =    2.0000000000000000     
 x,g,d,u,c,b ->    1.0000000000000000E-003   3390.7513807546770        474.16500541048680        501.06881972991454        65.818621556224414        1.2364756829274033E-006
 x,g,d,u,c,b ->    1.0000000000000000E-002   339.33659848696817        38.790318015995624        44.039704759393558        2.9836403284033497       -2.5604945236751998E-008
 x,g,d,u,c,b ->    5.0000000000000003E-002   45.748305170401061        8.4957715688586344        11.225567992324885       0.21757869113548203       -6.2127129366631638E-009
 x,g,d,u,c,b ->   0.10000000000000001        14.869573784424059        4.3055804277380281        6.4762831212484073        5.7118203766493340E-002  -8.1390138203402509E-009
 muF =    5.0000000000000000     
 x,g,d,u,c,b ->    1.0000000000000000E-003   11041.574850447405        760.06600758192167        789.61890955980607        359.57201577596805        3.1143724875566501     
 x,g,d,u,c,b ->    1.0000000000000000E-002   562.90301025158158        49.982295748447378        56.360935609179997        14.006864899719872       0.28692631046446637     
 x,g,d,u,c,b ->    5.0000000000000003E-002   49.736278546953869        8.9454527317129919        12.052653249520141       0.87776642076951195        2.5537074796772846E-002
 x,g,d,u,c,b ->   0.10000000000000001        13.180699731548152        4.1365702867250249        6.4427244004441091       0.19055140586533578        6.0344263933289188E-003
LHAPDF 6.4.0 loading /cvmfs/cms.cern.ch/slc7_amd64_gcc10/external/lhapdf/6.4.0-f99dd75eb8675a339d8b05f6184e6d59/share/LHAPDF/NNPDF31_nnlo_hessian_pdfas/NNPDF31_nnlo_hessian_pdfas_0035.dat
NNPDF31_nnlo_hessian_pdfas PDF set, member #35, version 1; LHAPDF ID = 306035
 muF =    91.000000000000000     
 x,g,d,u,c,b ->    1.0000000000000000E-003   29180.468511862240        1555.6794225264866        1591.2214058337033        1166.9079446648577        845.06367485182216     
 x,g,d,u,c,b ->    1.0000000000000000E-002   807.70412293630261        69.550945507835365        78.014234903361782        33.455684364200124        22.627383282592305     
 x,g,d,u,c,b ->    5.0000000000000003E-002   42.767121976495837        9.0893045302480502        12.704757771076469        1.6032074536219367        1.0288013913488314     
 x,g,d,u,c,b ->   0.10000000000000001        8.8482447742511319        3.6399512282629902        6.0161043976429500       0.30154804444440353       0.18287225749271807     
 ===============================
 =============================================
 Using profiled scales: (Q0,npow) =    1.3909849999999999        1.0000000000000000     
 =============================================
 Performing backward evolution from scale Q =    1.8149999999999999      , with nf =            4
 Quark thresholds at    0.0000000000000000        4.9199999999999999        10000000000.000000     
 init_pdfs_NNLOPS: set_pdfs_to_zero_when_negative flag set to  F
 initialization of PDFs, hoppet interface, using init_pdfs_NNLOPS: pdf_q2min =    2.7224999999999997     
 RM48 INITIALIZED:         1    16727942         0
 RM48IN SKIPPING OVER        16727942
 =============================================
 using modlog_p =    6.0000000000000000     
 =============================================
 freezing of alphas in setlocalscales at [GeV]    0.0000000000000000     
 freezing of PDF evolution in setlocalscales at [GeV]   1.8149999999999999     
 =========================
 *MINNLO* ACTIVATED
 =========================
 include_delta_terms is  F
 distribute_by_ub is  T
 distribute_by_ub_AP is  T
 =============================================
 flg_dtermsallorders =  T
 =============================================
 =============================================
 using kappaQ =    1.0000000000000000     
 =============================================
 ===============================================
 LHAPDF
 ===============================================
 muF =   0.75000000000000000     
 x,g,d,u,c,b ->    1.0000000000000000E-003  -1888.9547749427675        192.80318947997276        216.55968169952189       -231.88828377309881        3.9019215041894514E-007
 x,g,d,u,c,b ->    1.0000000000000000E-002  -33.766665090126345        20.986219102066531        24.142394732719477       -14.662320195073585        4.9975294791642866E-009
 x,g,d,u,c,b ->    5.0000000000000003E-002   26.398799719856161        7.0412506069799692        8.9171628403023053       -1.4776946315646904       -9.2427685700251231E-009
 x,g,d,u,c,b ->   0.10000000000000001        13.146391165816263        4.3694432478453979        6.0843401934758266      -0.37595229857518542       -1.2184226741535986E-008
 muF =    1.0000000000000000     
 x,g,d,u,c,b ->    1.0000000000000000E-003  -1337.9124223067834        258.52920976196157        283.34771393872336       -160.01008254867952        3.9019215041894503E-007
 x,g,d,u,c,b ->    1.0000000000000000E-002   69.891689015538418        26.486055309155915        30.259196936221198       -9.2296544372595939        4.9975294791642874E-009
 x,g,d,u,c,b ->    5.0000000000000003E-002   31.987970894836270        7.6298061592488660        9.7963684542577010      -0.86426540126682472       -9.2427685700251231E-009
 x,g,d,u,c,b ->   0.10000000000000001        14.753649066143799        4.3925976754886218        6.2809210495085841      -0.21548496421740784       -1.2184226741535986E-008
 muF =    2.0000000000000000     
 x,g,d,u,c,b ->    1.0000000000000000E-003   3400.2799146332472        474.64818647662173        502.02827239289638        67.008166007863991        4.3438892250691345E-007
 x,g,d,u,c,b ->    1.0000000000000000E-002   338.96390609333844        38.975603127239246        44.073391662012064        3.0487003525215419        2.2265693694620873E-008
 x,g,d,u,c,b ->    5.0000000000000003E-002   45.937570873781375        8.5310684351110506        11.235838108241733       0.17966716443939504       -4.9746619945516811E-009
LHAPDF 6.4.0 loading /cvmfs/cms.cern.ch/slc7_amd64_gcc10/external/lhapdf/6.4.0-f99dd75eb8675a339d8b05f6184e6d59/share/LHAPDF/NNPDF31_nnlo_hessian_pdfas/NNPDF31_nnlo_hessian_pdfas_0036.dat
NNPDF31_nnlo_hessian_pdfas PDF set, member #36, version 1; LHAPDF ID = 306036
 x,g,d,u,c,b ->   0.10000000000000001        14.664730001670666        4.3178954497704565        6.4711134329857343        3.5968196907203737E-002  -5.5402770733519275E-009
 muF =    5.0000000000000000     
 x,g,d,u,c,b ->    1.0000000000000000E-003   11048.516664154331        760.70090574649100        790.64668281461832        360.66819713795201        3.1174494332619238     
 x,g,d,u,c,b ->    1.0000000000000000E-002   562.38894323526961        50.149184192901586        56.379996450078139        14.047097191794949       0.28671735930134729     
 x,g,d,u,c,b ->    5.0000000000000003E-002   49.746091620452852        8.9757344910827612        12.057508888031819       0.83925008661227052        2.5475869050281499E-002
 x,g,d,u,c,b ->   0.10000000000000001        13.057372706916134        4.1462915952032215        6.4350590044722171       0.17344750864198261        5.9890005783042799E-003
 muF =    91.000000000000000     
 x,g,d,u,c,b ->    1.0000000000000000E-003   29178.563911566882        1556.4002123099804        1592.1834092665188        1167.6976198193559        844.97054610212456     
 x,g,d,u,c,b ->    1.0000000000000000E-002   807.33968046178552        69.694955919883796        78.010239180031618        33.458739665559669        22.618166651041783     
 x,g,d,u,c,b ->    5.0000000000000003E-002   42.684520122536803        9.1113496310342885        12.700628869237956        1.5676168438398936        1.0259195947669908     
 x,g,d,u,c,b ->   0.10000000000000001        8.8264646156756079        3.6468604885021336        6.0068341837485724       0.29218321154170473       0.18276414923887044     
 ===============================
 =============================================
 Using profiled scales: (Q0,npow) =    1.3909849999999999        1.0000000000000000     
 =============================================
 Performing backward evolution from scale Q =    1.8149999999999999      , with nf =            4
 Quark thresholds at    0.0000000000000000        4.9199999999999999        10000000000.000000     
 init_pdfs_NNLOPS: set_pdfs_to_zero_when_negative flag set to  F
 initialization of PDFs, hoppet interface, using init_pdfs_NNLOPS: pdf_q2min =    2.7224999999999997     
 RM48 INITIALIZED:         1    16727942         0
 RM48IN SKIPPING OVER        16727942
 =============================================
 using modlog_p =    6.0000000000000000     
 =============================================
 freezing of alphas in setlocalscales at [GeV]    0.0000000000000000     
 freezing of PDF evolution in setlocalscales at [GeV]   1.8149999999999999     
 =========================
 *MINNLO* ACTIVATED
 =========================
 include_delta_terms is  F
 distribute_by_ub is  T
 distribute_by_ub_AP is  T
 =============================================
 flg_dtermsallorders =  T
 =============================================
 =============================================
 using kappaQ =    1.0000000000000000     
 =============================================
 ===============================================
 LHAPDF
 ===============================================
 muF =   0.75000000000000000     
 x,g,d,u,c,b ->    1.0000000000000000E-003  -1906.6323335260540        194.25282916667157        216.89025905287085       -232.74651529177436        7.9311530505750497E-007
 x,g,d,u,c,b ->    1.0000000000000000E-002  -34.869941031688249        20.956384726472763        24.246853452413923       -14.950580376623151       -4.7166053534387694E-009
 x,g,d,u,c,b ->    5.0000000000000003E-002   26.142456281017299        6.9470881393036796        8.8691948456142811       -1.4512586071110802        9.2689293259432435E-009
 x,g,d,u,c,b ->   0.10000000000000001        13.213995403624390        4.3481491855883991        6.0689634137933295      -0.35511542553836067       -3.4762946340361905E-009
 muF =    1.0000000000000000     
 x,g,d,u,c,b ->    1.0000000000000000E-003  -1362.5740110514118        260.15329999594388        283.78571508955434       -161.19711584974766        7.9311530505750476E-007
 x,g,d,u,c,b ->    1.0000000000000000E-002   69.127413999526837        26.429421036205824        30.354375155846135       -9.4798757576662762       -4.7166053534387694E-009
LHAPDF 6.4.0 loading /cvmfs/cms.cern.ch/slc7_amd64_gcc10/external/lhapdf/6.4.0-f99dd75eb8675a339d8b05f6184e6d59/share/LHAPDF/NNPDF31_nnlo_hessian_pdfas/NNPDF31_nnlo_hessian_pdfas_0037.dat
NNPDF31_nnlo_hessian_pdfas PDF set, member #37, version 1; LHAPDF ID = 306037
 x,g,d,u,c,b ->    5.0000000000000003E-002   31.851823305868695        7.5481305412090380        9.7549919607597104      -0.83267927217192961        9.2689293259432419E-009
 x,g,d,u,c,b ->   0.10000000000000001        14.890471515610733        4.3741641655315089        6.2674883132632120      -0.19663809621770792       -3.4762946340361897E-009
 muF =    2.0000000000000000     
 x,g,d,u,c,b ->    1.0000000000000000E-003   3381.0627232232041        476.74051881059853        502.90056738675855        65.485621487052043        3.3363430314139759E-007
 x,g,d,u,c,b ->    1.0000000000000000E-002   339.40945886125428        38.864976251070928        44.137863497188192        2.8645468283466742       -9.4614704562462440E-009
 x,g,d,u,c,b ->    5.0000000000000003E-002   46.013670605963107        8.4693601999945045        11.202497785174094       0.21551511370687507       -3.9083230512101054E-009
 x,g,d,u,c,b ->   0.10000000000000001        14.709898290828111        4.3043109594350994        6.4618019798066832        5.1016129036393403E-002   8.2079567147416390E-010
 muF =    5.0000000000000000     
 x,g,d,u,c,b ->    1.0000000000000000E-003   11039.974615785397        763.10420818871751        791.88321223489845        359.04062928304421        3.1145292384280805     
 x,g,d,u,c,b ->    1.0000000000000000E-002   562.93583898920099        49.999404828665412        56.414082500464104        13.906695194393720       0.28693331909836556     
 x,g,d,u,c,b ->    5.0000000000000003E-002   49.824129105659317        8.9263675429443801        12.029778963387319       0.87293483470730326        2.5523724993763607E-002
 x,g,d,u,c,b ->   0.10000000000000001        13.066481425440408        4.1357691056256085        6.4286979965923079       0.18573283909375488        5.9879656359820895E-003
 muF =    91.000000000000000     
 x,g,d,u,c,b ->    1.0000000000000000E-003   29181.848952531444        1559.1267886499218        1593.9275895694745        1166.0661367116654        845.06553714028189     
 x,g,d,u,c,b ->    1.0000000000000000E-002   807.53924556415984        69.492085111983826        77.997767343872496        33.381690068301623        22.619266507728224     
 x,g,d,u,c,b ->    5.0000000000000003E-002   42.717650007274472        9.0772363438094601        12.681052778312386        1.5959697071502836        1.0266246836756270     
 x,g,d,u,c,b ->   0.10000000000000001        8.8231516925783602        3.6403324301031401        6.0043856975563799       0.30007004874301668       0.18269510880920606     
 ===============================
 =============================================
 Using profiled scales: (Q0,npow) =    1.3909849999999999        1.0000000000000000     
 =============================================
 Performing backward evolution from scale Q =    1.8149999999999999      , with nf =            4
 Quark thresholds at    0.0000000000000000        4.9199999999999999        10000000000.000000     
 init_pdfs_NNLOPS: set_pdfs_to_zero_when_negative flag set to  F
 initialization of PDFs, hoppet interface, using init_pdfs_NNLOPS: pdf_q2min =    2.7224999999999997     
 RM48 INITIALIZED:         1    16727942         0
 RM48IN SKIPPING OVER        16727942
 =============================================
 using modlog_p =    6.0000000000000000     
 =============================================
 freezing of alphas in setlocalscales at [GeV]    0.0000000000000000     
 freezing of PDF evolution in setlocalscales at [GeV]   1.8149999999999999     
 =========================
 *MINNLO* ACTIVATED
 =========================
 include_delta_terms is  F
 distribute_by_ub is  T
 distribute_by_ub_AP is  T
 =============================================
 flg_dtermsallorders =  T
 =============================================
 =============================================
 using kappaQ =    1.0000000000000000     
 =============================================
 ===============================================
 LHAPDF
 ===============================================
 muF =   0.75000000000000000     
 x,g,d,u,c,b ->    1.0000000000000000E-003  -1892.0563184196019        191.54939200748001        217.95110673708373       -234.57631273868023       -3.1114830141422908E-007
LHAPDF 6.4.0 loading /cvmfs/cms.cern.ch/slc7_amd64_gcc10/external/lhapdf/6.4.0-f99dd75eb8675a339d8b05f6184e6d59/share/LHAPDF/NNPDF31_nnlo_hessian_pdfas/NNPDF31_nnlo_hessian_pdfas_0038.dat
NNPDF31_nnlo_hessian_pdfas PDF set, member #38, version 1; LHAPDF ID = 306038
 x,g,d,u,c,b ->    1.0000000000000000E-002  -34.005044883958568        20.810422703721759        24.155222460589602       -14.829407385692258        2.8303180202231955E-008
 x,g,d,u,c,b ->    5.0000000000000003E-002   25.310854302090515        7.0469506856406365        8.8529311829449728       -1.4208872786705056       -5.6205278770798205E-010
 x,g,d,u,c,b ->   0.10000000000000001        12.959813937891953        4.3597103948951466        6.0566218268626537      -0.34608793013930117       -8.6054533506315554E-009
 muF =    1.0000000000000000     
 x,g,d,u,c,b ->    1.0000000000000000E-003  -1335.2519158571388        257.25350455308984        284.66884979207441       -162.62915146515681       -3.1114830141422914E-007
 x,g,d,u,c,b ->    1.0000000000000000E-002   69.206938642704245        26.328754454326191        30.243116843491901       -9.3713725802620278        2.8303180202231948E-008
 x,g,d,u,c,b ->    5.0000000000000003E-002   31.720403862703083        7.6339316416220342        9.7342637622705919      -0.80767781986054898       -5.6205278770798205E-010
 x,g,d,u,c,b ->   0.10000000000000001        14.706755234533514        4.3873959307236081        6.2598434546471244      -0.18761528599636484       -8.6054533506315554E-009
 muF =    2.0000000000000000     
 x,g,d,u,c,b ->    1.0000000000000000E-003   3402.2027242552231        473.35766804223795        503.21988216140568        64.545373723677741       -1.6850708196010375E-008
 x,g,d,u,c,b ->    1.0000000000000000E-002   338.71630869604252        38.848814930592056        44.004899156804804        2.9588554881350073       -7.3051725548811499E-008
 x,g,d,u,c,b ->    5.0000000000000003E-002   45.813844307150234        8.5357556423462757        11.182367730148137       0.23429418822594963        4.1421588037586295E-010
 x,g,d,u,c,b ->   0.10000000000000001        14.754970439886256        4.3175613516623512        6.4628924567143038        5.8493089790368671E-002  -4.2649861805148328E-009
 muF =    5.0000000000000000     
 x,g,d,u,c,b ->    1.0000000000000000E-003   11048.845936223310        759.45125874755797        791.75112142022908        358.35926129419948        3.1162544789909772     
 x,g,d,u,c,b ->    1.0000000000000000E-002   562.40099140067719        50.045655553237602        56.280502466993639        13.998497333636797       0.28670277845872677     
 x,g,d,u,c,b ->    5.0000000000000003E-002   49.712872061270858        8.9817449207390698        12.013790135739608       0.88987612940831851        2.5501651983731010E-002
 x,g,d,u,c,b ->   0.10000000000000001        13.150924276768817        4.1479656853858193        6.4340310608325622       0.19100660312933151        6.0369439807358965E-003
 muF =    91.000000000000000     
 x,g,d,u,c,b ->    1.0000000000000000E-003   29181.252098697165        1555.3945763181130        1593.2065392419372        1165.7939824468888        845.04750825652707     
 x,g,d,u,c,b ->    1.0000000000000000E-002   807.54485360502690        69.628115512172300        77.881491496217734        33.477088898235799        22.624709538992036     
 x,g,d,u,c,b ->    5.0000000000000003E-002   42.730799070554582        9.1192492590270735        12.674909039260056        1.6097434624993003        1.0279914641635233     
 x,g,d,u,c,b ->   0.10000000000000001        8.8551914796377105        3.6497989654382161        6.0125318219203372       0.30162771913289876       0.18314190970808747     
 ===============================
 =============================================
 Using profiled scales: (Q0,npow) =    1.3909849999999999        1.0000000000000000     
 =============================================
 Performing backward evolution from scale Q =    1.8149999999999999      , with nf =            4
 Quark thresholds at    0.0000000000000000        4.9199999999999999        10000000000.000000     
 init_pdfs_NNLOPS: set_pdfs_to_zero_when_negative flag set to  F
 initialization of PDFs, hoppet interface, using init_pdfs_NNLOPS: pdf_q2min =    2.7224999999999997     
 RM48 INITIALIZED:         1    16727942         0
 RM48IN SKIPPING OVER        16727942
 =============================================
 using modlog_p =    6.0000000000000000     
 =============================================
 freezing of alphas in setlocalscales at [GeV]    0.0000000000000000     
 freezing of PDF evolution in setlocalscales at [GeV]   1.8149999999999999     
 =========================
 *MINNLO* ACTIVATED
 =========================
 include_delta_terms is  F
 distribute_by_ub is  T
 distribute_by_ub_AP is  T
 =============================================
 flg_dtermsallorders =  T
 =============================================
 =============================================
 using kappaQ =    1.0000000000000000     
 =============================================
 ===============================================
 LHAPDF
 ===============================================
 muF =   0.75000000000000000     
 x,g,d,u,c,b ->    1.0000000000000000E-003  -1892.4716519090578        193.43938766866128        216.75981855871817       -232.03781159085543        4.2873433009279260E-007
 x,g,d,u,c,b ->    1.0000000000000000E-002  -35.091332693264121        20.917656739483562        24.241373243153184       -14.907846348795003        1.0133971054746084E-008
 x,g,d,u,c,b ->    5.0000000000000003E-002   25.354228932733378        6.9864472504382924        8.9167553482411943       -1.4658301809088206       -1.4283401573797964E-009
 x,g,d,u,c,b ->   0.10000000000000001        13.252241051451209        4.3407583450986422        6.0732612737613412      -0.35909131034750480       -8.0961264826006454E-009
 muF =    1.0000000000000000     
 x,g,d,u,c,b ->    1.0000000000000000E-003  -1338.5246300734925        259.27057767439976        283.66269934419677       -160.45072044265302        4.2873433009279255E-007
 x,g,d,u,c,b ->    1.0000000000000000E-002   69.497210154238360        26.391165816040495        30.345365127083483       -9.4548814748434982        1.0133971054746079E-008
 x,g,d,u,c,b ->    5.0000000000000003E-002   32.108475758395564        7.5776988989038605        9.7937472547298707      -0.84904012813555207       -1.4283401573797964E-009
 x,g,d,u,c,b ->   0.10000000000000001        14.677468008265931        4.3684445459141736        6.2711126246078415      -0.20040935686078676       -8.0961264826006454E-009
 muF =    2.0000000000000000     
 x,g,d,u,c,b ->    1.0000000000000000E-003   3397.5630297533157        475.64236706727365        502.63428892084238        66.162810481781008        3.1286090567958434E-007
 x,g,d,u,c,b ->    1.0000000000000000E-002   339.07981175857367        38.836254524121031        44.137444690856640        2.8689659227333624       -2.8735204970076799E-008
 x,g,d,u,c,b ->    5.0000000000000003E-002   46.058942081363185        8.4868409115570689        11.230751566194931       0.19915187265756407       -6.0076366351752243E-009
 x,g,d,u,c,b ->   0.10000000000000001        14.596183950115456        4.3005781477947691        6.4650712874588905        4.8361820132768588E-002  -1.4393342582135668E-009
 muF =    5.0000000000000000     
 x,g,d,u,c,b ->    1.0000000000000000E-003   11046.522125372059        761.84327993892009        791.46352655481007        359.59282779935501        3.1159958340042255     
 x,g,d,u,c,b ->    1.0000000000000000E-002   562.54421941029693        49.983477125024962        56.428775989873536        13.902538922563542       0.28677674000831060     
 x,g,d,u,c,b ->    5.0000000000000003E-002   49.796687304527943        8.9365129820997069        12.051241072826700       0.85807785235799927        2.5487770767068808E-002
 x,g,d,u,c,b ->   0.10000000000000001        13.039836778505586        4.1330160674080174        6.4316692598781131       0.18381898064870844        5.9934041719035547E-003
 muF =    91.000000000000000     
 x,g,d,u,c,b ->    1.0000000000000000E-003   29179.712673013870        1557.6739750963627        1593.3065400433882        1166.4153153063987        844.99802941556800     
 x,g,d,u,c,b ->    1.0000000000000000E-002   807.40760443165425        69.498924242747663        78.037783992500167        33.366219190179471        22.618956756228030     
 x,g,d,u,c,b ->    5.0000000000000003E-002   42.687932750677369        9.0795974870482699        12.694275441861086        1.5850811038117154        1.0260201225255650     
LHAPDF 6.4.0 loading /cvmfs/cms.cern.ch/slc7_amd64_gcc10/external/lhapdf/6.4.0-f99dd75eb8675a339d8b05f6184e6d59/share/LHAPDF/NNPDF31_nnlo_hessian_pdfas/NNPDF31_nnlo_hessian_pdfas_0039.dat
NNPDF31_nnlo_hessian_pdfas PDF set, member #39, version 1; LHAPDF ID = 306039
 x,g,d,u,c,b ->   0.10000000000000001        8.8337518341940946        3.6384048959361017        6.0066025137684962       0.29908326011546515       0.18301231683030827     
 ===============================
 =============================================
 Using profiled scales: (Q0,npow) =    1.3909849999999999        1.0000000000000000     
 =============================================
 Performing backward evolution from scale Q =    1.8149999999999999      , with nf =            4
 Quark thresholds at    0.0000000000000000        4.9199999999999999        10000000000.000000     
 init_pdfs_NNLOPS: set_pdfs_to_zero_when_negative flag set to  F
 initialization of PDFs, hoppet interface, using init_pdfs_NNLOPS: pdf_q2min =    2.7224999999999997     
 RM48 INITIALIZED:         1    16727942         0
 RM48IN SKIPPING OVER        16727942
 =============================================
 using modlog_p =    6.0000000000000000     
 =============================================
 freezing of alphas in setlocalscales at [GeV]    0.0000000000000000     
 freezing of PDF evolution in setlocalscales at [GeV]   1.8149999999999999     
 =========================
 *MINNLO* ACTIVATED
 =========================
 include_delta_terms is  F
 distribute_by_ub is  T
 distribute_by_ub_AP is  T
 =============================================
 flg_dtermsallorders =  T
 =============================================
 =============================================
 using kappaQ =    1.0000000000000000     
 =============================================
 ===============================================
 LHAPDF
 ===============================================
 muF =   0.75000000000000000     
 x,g,d,u,c,b ->    1.0000000000000000E-003  -1887.9160558099575        191.57869913432080        215.45534017682243       -233.05257759615384       -6.9970080840078308E-007
 x,g,d,u,c,b ->    1.0000000000000000E-002  -31.047614730066268        20.920838081684810        24.261398162860896       -14.680787903630767        3.2530559275188164E-008
 x,g,d,u,c,b ->    5.0000000000000003E-002   26.095773444063010        6.9934105088376128        8.8886496251953808       -1.4247456239609835       -1.3639856625600418E-008
 x,g,d,u,c,b ->   0.10000000000000001        13.127146323658360        4.3659430575373630        6.0896444979106219      -0.35650040685583334       -3.5438546892360763E-009
 muF =    1.0000000000000000     
 x,g,d,u,c,b ->    1.0000000000000000E-003  -1370.9631757359555        257.40470073177789        282.33112199193198       -160.98031629046221       -6.9970080840078297E-007
 x,g,d,u,c,b ->    1.0000000000000000E-002   71.470477068144049        26.412398209032922        30.361452872571515       -9.2381282704294154        3.2530559275188144E-008
 x,g,d,u,c,b ->    5.0000000000000003E-002   32.380825892674473        7.5910462265910938        9.7749419153039678      -0.80959372010617869       -1.3639856625600418E-008
 x,g,d,u,c,b ->   0.10000000000000001        14.443722151021261        4.3874283492767923        6.2859576130694776      -0.19941309533900775       -3.5438546892360771E-009
 muF =    2.0000000000000000     
 x,g,d,u,c,b ->    1.0000000000000000E-003   3388.1297901591843        473.71366222596572        501.15727348217609        66.402595095232769       -8.5135810685727289E-008
 x,g,d,u,c,b ->    1.0000000000000000E-002   339.60970253500733        38.875630419743004        44.132781933414357        3.0584932663108773       -8.4322885718276710E-009
 x,g,d,u,c,b ->    5.0000000000000003E-002   46.225649606703293        8.5026798870076341        11.224286197081877       0.23114390466772494       -6.7989120853926905E-009
 x,g,d,u,c,b ->   0.10000000000000001        14.409423792057252        4.3130887619895901        6.4776142659635587        4.7820323303325883E-002  -3.4215398424409879E-009
 muF =    5.0000000000000000     
 x,g,d,u,c,b ->    1.0000000000000000E-003   11048.274389464026        759.90572443022415        789.90284854626850        360.31534871825983        3.1207884441769909     
 x,g,d,u,c,b ->    1.0000000000000000E-002   562.53983957960133        50.029910630673236        56.409292409643761        14.072251042743172       0.28662112156985864     
LHAPDF 6.4.0 loading /cvmfs/cms.cern.ch/slc7_amd64_gcc10/external/lhapdf/6.4.0-f99dd75eb8675a339d8b05f6184e6d59/share/LHAPDF/NNPDF31_nnlo_hessian_pdfas/NNPDF31_nnlo_hessian_pdfas_0040.dat
NNPDF31_nnlo_hessian_pdfas PDF set, member #40, version 1; LHAPDF ID = 306040
 x,g,d,u,c,b ->    5.0000000000000003E-002   49.834601180642416        8.9517842917447581        12.051496485287094       0.88223303328137004        2.5461276941474372E-002
 x,g,d,u,c,b ->   0.10000000000000001        12.947188750563448        4.1426777314792735        6.4431858814781755       0.18334214881695829        5.9715953185947171E-003
 muF =    91.000000000000000     
 x,g,d,u,c,b ->    1.0000000000000000E-003   29179.775222443597        1555.7285579347040        1591.5651150432777        1167.5723660025265        844.98816022740357     
 x,g,d,u,c,b ->    1.0000000000000000E-002   807.18898315826073        69.548761342377759        77.999503392118569        33.507246942632662        22.610872433490112     
 x,g,d,u,c,b ->    5.0000000000000003E-002   42.652414314532734        9.0932039394535700        12.701510377637854        1.5990786106135704        1.0247275731044410     
 x,g,d,u,c,b ->   0.10000000000000001        8.8307490841089873        3.6450627100590727        6.0166865791037294       0.29898159235219279       0.18333491637689514     
 ===============================
 =============================================
 Using profiled scales: (Q0,npow) =    1.3909849999999999        1.0000000000000000     
 =============================================
 Performing backward evolution from scale Q =    1.8149999999999999      , with nf =            4
 Quark thresholds at    0.0000000000000000        4.9199999999999999        10000000000.000000     
 init_pdfs_NNLOPS: set_pdfs_to_zero_when_negative flag set to  F
 initialization of PDFs, hoppet interface, using init_pdfs_NNLOPS: pdf_q2min =    2.7224999999999997     
 RM48 INITIALIZED:         1    16727942         0
 RM48IN SKIPPING OVER        16727942
 =============================================
 using modlog_p =    6.0000000000000000     
 =============================================
 freezing of alphas in setlocalscales at [GeV]    0.0000000000000000     
 freezing of PDF evolution in setlocalscales at [GeV]   1.8149999999999999     
 =========================
 *MINNLO* ACTIVATED
 =========================
 include_delta_terms is  F
 distribute_by_ub is  T
 distribute_by_ub_AP is  T
 =============================================
 flg_dtermsallorders =  T
 =============================================
 =============================================
 using kappaQ =    1.0000000000000000     
 =============================================
 ===============================================
 LHAPDF
 ===============================================
 muF =   0.75000000000000000     
 x,g,d,u,c,b ->    1.0000000000000000E-003  -1903.4432896826934        193.11176308295759        215.49113793009855       -232.35903032166109       -1.9917272308322142E-007
 x,g,d,u,c,b ->    1.0000000000000000E-002  -36.017491676929339        20.931656719363637        24.089418473370909       -14.734677819357076       -7.6480568842889182E-010
 x,g,d,u,c,b ->    5.0000000000000003E-002   25.177924850253852        6.9796109452951161        8.8918520374560455       -1.4578930106517691       -1.6553566737164392E-009
 x,g,d,u,c,b ->   0.10000000000000001        13.653603327978358        4.3568006380569768        6.0727032592725898      -0.35588581203280217       -5.0410443810722344E-009
 muF =    1.0000000000000000     
 x,g,d,u,c,b ->    1.0000000000000000E-003  -1318.1734820798704        258.80915010444710        282.06279107849468       -160.63500168215901       -1.9917272308322139E-007
 x,g,d,u,c,b ->    1.0000000000000000E-002   67.575064547685159        26.429140193835909        30.223995553262007       -9.2819143286020687       -7.6480568842889182E-010
 x,g,d,u,c,b ->    5.0000000000000003E-002   31.776201198900733        7.5744449639257514        9.7730391098316929      -0.84052342589422524       -1.6553566737164383E-009
 x,g,d,u,c,b ->   0.10000000000000001        14.889819046511175        4.3788490781628431        6.2718791531339901      -0.19834670310839300       -5.0410443810722344E-009
 muF =    2.0000000000000000     
 x,g,d,u,c,b ->    1.0000000000000000E-003   3402.8893137417367        475.06505768363741        500.61827388048687        66.265529372336701       -2.0021397137264452E-007
LHAPDF 6.4.0 loading /cvmfs/cms.cern.ch/slc7_amd64_gcc10/external/lhapdf/6.4.0-f99dd75eb8675a339d8b05f6184e6d59/share/LHAPDF/NNPDF31_nnlo_hessian_pdfas/NNPDF31_nnlo_hessian_pdfas_0041.dat
NNPDF31_nnlo_hessian_pdfas PDF set, member #41, version 1; LHAPDF ID = 306041
 x,g,d,u,c,b ->    1.0000000000000000E-002   338.88513440728281        38.897074409313021        44.050731766048180        3.0222226931668179       -3.4544192987350794E-008
 x,g,d,u,c,b ->    5.0000000000000003E-002   46.030743064058456        8.4848078824748132        11.214998287873520       0.20765102314299386       -9.3976388698054525E-009
 x,g,d,u,c,b ->   0.10000000000000001        14.609822093842475        4.3060514658968074        6.4652985473144549        4.8800098260843340E-002  -3.8590708222773307E-009
 muF =    5.0000000000000000     
 x,g,d,u,c,b ->    1.0000000000000000E-003   11044.901700241817        761.26480950166342        789.28928879834541        359.90463747666178        3.1142732911519420     
 x,g,d,u,c,b ->    1.0000000000000000E-002   562.81560561481012        50.050435515973234        56.357064164254155        14.037171423849509       0.28694691650353593     
 x,g,d,u,c,b ->    5.0000000000000003E-002   49.823178122343030        8.9356938970236008        12.038717568368313       0.86583835403868215        2.5509316744372443E-002
 x,g,d,u,c,b ->   0.10000000000000001        13.012073537225650        4.1367276426947486        6.4316236446551951       0.18395024407521196        5.9764376647673855E-003
 muF =    91.000000000000000     
 x,g,d,u,c,b ->    1.0000000000000000E-003   29177.819823473499        1557.2019224332685        1591.0840250915428        1167.0998898478510        844.97621252070871     
 x,g,d,u,c,b ->    1.0000000000000000E-002   807.57017192187629        69.561745535296353        77.979921892276195        33.466113859744496        22.620335996200495     
 x,g,d,u,c,b ->    5.0000000000000003E-002   42.710113076925396        9.0805218311863101        12.686138302027238        1.5913574480291772        1.0264660444914095     
 x,g,d,u,c,b ->   0.10000000000000001        8.8263370581383214        3.6408571562729710        6.0067764067351277       0.29946955431285061       0.18312967586881865     
 ===============================
 =============================================
 Using profiled scales: (Q0,npow) =    1.3909849999999999        1.0000000000000000     
 =============================================
 Performing backward evolution from scale Q =    1.8149999999999999      , with nf =            4
 Quark thresholds at    0.0000000000000000        4.9199999999999999        10000000000.000000     
 init_pdfs_NNLOPS: set_pdfs_to_zero_when_negative flag set to  F
 initialization of PDFs, hoppet interface, using init_pdfs_NNLOPS: pdf_q2min =    2.7224999999999997     
 RM48 INITIALIZED:         1    16727942         0
 RM48IN SKIPPING OVER        16727942
 =============================================
 using modlog_p =    6.0000000000000000     
 =============================================
 freezing of alphas in setlocalscales at [GeV]    0.0000000000000000     
 freezing of PDF evolution in setlocalscales at [GeV]   1.8149999999999999     
 =========================
 *MINNLO* ACTIVATED
 =========================
 include_delta_terms is  F
 distribute_by_ub is  T
 distribute_by_ub_AP is  T
 =============================================
 flg_dtermsallorders =  T
 =============================================
 =============================================
 using kappaQ =    1.0000000000000000     
 =============================================
 ===============================================
 LHAPDF
 ===============================================
 muF =   0.75000000000000000     
 x,g,d,u,c,b ->    1.0000000000000000E-003  -1904.1143442713114        191.07341650637022        215.96894060134568       -232.43678509125121       -3.5851741106663221E-007
 x,g,d,u,c,b ->    1.0000000000000000E-002  -33.445306020174378        20.934535112486131        24.366721041767050       -14.956034536435853       -4.7510542929400794E-009
 x,g,d,u,c,b ->    5.0000000000000003E-002   27.377867390889133        6.9581290668738491        8.9003448699661512       -1.4472779380482441        6.4284895202303069E-009
 x,g,d,u,c,b ->   0.10000000000000001        13.437904403327977        4.3481302512238456        6.0845319563015918      -0.35397411364714643       -1.1794472431528113E-008
LHAPDF 6.4.0 loading /cvmfs/cms.cern.ch/slc7_amd64_gcc10/external/lhapdf/6.4.0-f99dd75eb8675a339d8b05f6184e6d59/share/LHAPDF/NNPDF31_nnlo_hessian_pdfas/NNPDF31_nnlo_hessian_pdfas_0042.dat
NNPDF31_nnlo_hessian_pdfas PDF set, member #42, version 1; LHAPDF ID = 306042
 muF =    1.0000000000000000     
 x,g,d,u,c,b ->    1.0000000000000000E-003  -1328.3869362253802        256.84703665676426        282.97896603094347       -160.81909669465921       -3.5851741106663221E-007
 x,g,d,u,c,b ->    1.0000000000000000E-002   69.607166971502338        26.411447963996505        30.465688124486640       -9.4923994478652549       -4.7510542929400786E-009
 x,g,d,u,c,b ->    5.0000000000000003E-002   31.843664769806708        7.5565603263866103        9.7848612843722709      -0.83009614771198137        6.4284895202303052E-009
 x,g,d,u,c,b ->   0.10000000000000001        14.933774190846121        4.3737641914891103        6.2801866010703611      -0.19674193717865607       -1.1794472431528113E-008
 muF =    2.0000000000000000     
 x,g,d,u,c,b ->    1.0000000000000000E-003   3405.1577481306508        473.22847423315261        502.19213101097927        65.848500999309110        3.0673070764115584E-007
 x,g,d,u,c,b ->    1.0000000000000000E-002   339.34137837578186        38.852940886974224        44.240510777758814        2.8462237658343521       -4.0231779747801275E-008
 x,g,d,u,c,b ->    5.0000000000000003E-002   45.905167645284152        8.4730572218795075        11.230003520287790       0.21583891490852658       -4.5746887945038072E-009
 x,g,d,u,c,b ->   0.10000000000000001        14.681613443438232        4.3031561074122067        6.4718025146727030        4.9605900205380762E-002  -2.4904423487759297E-009
 muF =    5.0000000000000000     
 x,g,d,u,c,b ->    1.0000000000000000E-003   11048.613926734704        759.52508985420479        791.21639043620075        359.29685050691597        3.1160449609511063     
 x,g,d,u,c,b ->    1.0000000000000000E-002   562.78780981038574        49.992199905154372        56.514056945261935        13.889307107827445       0.28688218258254294     
 x,g,d,u,c,b ->    5.0000000000000003E-002   49.773383896817442        8.9275501740710226        12.055144358157028       0.87291250315386060        2.5501396584120584E-002
 x,g,d,u,c,b ->   0.10000000000000001        13.040356331259936        4.1342205245471693        6.4374793960558945       0.18398698442328090        5.9766470577739157E-003
 muF =    91.000000000000000     
 x,g,d,u,c,b ->    1.0000000000000000E-003   29178.639645890198        1555.6758723562161        1593.4067898738779        1166.1323424900031        844.97885724058904     
 x,g,d,u,c,b ->    1.0000000000000000E-002   807.48199766561549        69.486760324250668        78.095584443295550        33.366905270949303        22.618051624385988     
 x,g,d,u,c,b ->    5.0000000000000003E-002   42.703833308766590        9.0756224651225157        12.702110161432229        1.5957509729276476        1.0263002142990922     
 x,g,d,u,c,b ->   0.10000000000000001        8.8191589278567726        3.6387172762980806        6.0115435755767042       0.29861516635733848       0.18273678309776992     
 ===============================
 =============================================
 Using profiled scales: (Q0,npow) =    1.3909849999999999        1.0000000000000000     
 =============================================
 Performing backward evolution from scale Q =    1.8149999999999999      , with nf =            4
 Quark thresholds at    0.0000000000000000        4.9199999999999999        10000000000.000000     
 init_pdfs_NNLOPS: set_pdfs_to_zero_when_negative flag set to  F
 initialization of PDFs, hoppet interface, using init_pdfs_NNLOPS: pdf_q2min =    2.7224999999999997     
 RM48 INITIALIZED:         1    16727942         0
 RM48IN SKIPPING OVER        16727942
 =============================================
 using modlog_p =    6.0000000000000000     
 =============================================
 freezing of alphas in setlocalscales at [GeV]    0.0000000000000000     
 freezing of PDF evolution in setlocalscales at [GeV]   1.8149999999999999     
 =========================
 *MINNLO* ACTIVATED
 =========================
 include_delta_terms is  F
 distribute_by_ub is  T
 distribute_by_ub_AP is  T
 =============================================
 flg_dtermsallorders =  T
 =============================================
 =============================================
 using kappaQ =    1.0000000000000000     
 =============================================
 ===============================================
 LHAPDF
 ===============================================
 muF =   0.75000000000000000     
 x,g,d,u,c,b ->    1.0000000000000000E-003  -1879.1626034450480        192.96097246234834        215.56478691350586       -233.02623324345296        7.8653014942526840E-008
 x,g,d,u,c,b ->    1.0000000000000000E-002  -34.628954729446534        21.267857097200068        24.380132393180133       -14.708968619989005        5.5197283337645738E-008
 x,g,d,u,c,b ->    5.0000000000000003E-002   27.066311602130018        6.9256910690673177        8.9073388013116954       -1.4487998863494278       -3.3189979034176212E-009
 x,g,d,u,c,b ->   0.10000000000000001        12.694773696079277        4.3506064900187447        6.0911872228405359      -0.36347112347845240       -4.0618086121246261E-009
 muF =    1.0000000000000000     
 x,g,d,u,c,b ->    1.0000000000000000E-003  -1346.8221017516325        258.75674950021119        282.40672610312083       -161.10075929746156        7.8653014942526840E-008
 x,g,d,u,c,b ->    1.0000000000000000E-002   68.934812254133320        26.699099103477742        30.484036899728185       -9.2772961879537768        5.5197283337645738E-008
 x,g,d,u,c,b ->    5.0000000000000003E-002   31.817933857259273        7.5274498444531464        9.7916795240890657      -0.83587139462713989       -3.3189979034176207E-009
 x,g,d,u,c,b ->   0.10000000000000001        14.818165452806966        4.3770428906926409        6.2893789446015020      -0.20317389809837633       -4.0618086121246261E-009
 muF =    2.0000000000000000     
 x,g,d,u,c,b ->    1.0000000000000000E-003   3395.2163816080570        475.12190181573999        501.31403649547855        66.087040033056155       -2.9078095660196284E-008
 x,g,d,u,c,b ->    1.0000000000000000E-002   338.50084929799556        39.064383801387947        44.275027838714621        3.0139984988563460       -1.3466113189522476E-008
 x,g,d,u,c,b ->    5.0000000000000003E-002   45.766301023799059        8.4511388074655098        11.238092768179332       0.20625239302224124       -7.8534402231607831E-009
 x,g,d,u,c,b ->   0.10000000000000001        14.784799309278723        4.3071596876404215        6.4804555515623194        4.5705609877367638E-002  -3.4619056590171996E-009
 muF =    5.0000000000000000     
 x,g,d,u,c,b ->    1.0000000000000000E-003   11047.555045262512        761.37565972155380        790.16775449438762        359.88353598522656        3.1178275558854134     
 x,g,d,u,c,b ->    1.0000000000000000E-002   562.24611421024076        50.153126990489547        56.562715830038954        14.027757850498555       0.28667341196199780     
 x,g,d,u,c,b ->    5.0000000000000003E-002   49.657356641180861        8.9108223007146048        12.063663496991737       0.86285500111657565        2.5451007538570790E-002
 x,g,d,u,c,b ->   0.10000000000000001        13.109623255010883        4.1375738157277357        6.4436970379030827       0.18043169597935479        5.9928176209216788E-003
 muF =    91.000000000000000     
 x,g,d,u,c,b ->    1.0000000000000000E-003   29178.612504493616        1557.3665233098989        1592.1173879795499        1167.1270223511813        844.96675985202046     
 x,g,d,u,c,b ->    1.0000000000000000E-002   807.29708705014025        69.577189996654013        78.152560295350497        33.462236157920707        22.614254779444391     
 x,g,d,u,c,b ->    5.0000000000000003E-002   42.664753581800326        9.0668251965243822        12.710627518837772        1.5852022659336618        1.0253149759655411     
 x,g,d,u,c,b ->   0.10000000000000001        8.8159123583987000        3.6400015337036074        6.0138052863094371       0.29496850238669198       0.18211074433030500     
 ===============================
 =============================================
 Using profiled scales: (Q0,npow) =    1.3909849999999999        1.0000000000000000     
 =============================================
LHAPDF 6.4.0 loading /cvmfs/cms.cern.ch/slc7_amd64_gcc10/external/lhapdf/6.4.0-f99dd75eb8675a339d8b05f6184e6d59/share/LHAPDF/NNPDF31_nnlo_hessian_pdfas/NNPDF31_nnlo_hessian_pdfas_0043.dat
NNPDF31_nnlo_hessian_pdfas PDF set, member #43, version 1; LHAPDF ID = 306043
 Performing backward evolution from scale Q =    1.8149999999999999      , with nf =            4
 Quark thresholds at    0.0000000000000000        4.9199999999999999        10000000000.000000     
 init_pdfs_NNLOPS: set_pdfs_to_zero_when_negative flag set to  F
 initialization of PDFs, hoppet interface, using init_pdfs_NNLOPS: pdf_q2min =    2.7224999999999997     
 RM48 INITIALIZED:         1    16727942         0
 RM48IN SKIPPING OVER        16727942
 =============================================
 using modlog_p =    6.0000000000000000     
 =============================================
 freezing of alphas in setlocalscales at [GeV]    0.0000000000000000     
 freezing of PDF evolution in setlocalscales at [GeV]   1.8149999999999999     
 =========================
 *MINNLO* ACTIVATED
 =========================
 include_delta_terms is  F
 distribute_by_ub is  T
 distribute_by_ub_AP is  T
 =============================================
 flg_dtermsallorders =  T
 =============================================
 =============================================
 using kappaQ =    1.0000000000000000     
 =============================================
 ===============================================
 LHAPDF
 ===============================================
 muF =   0.75000000000000000     
 x,g,d,u,c,b ->    1.0000000000000000E-003  -1896.6257530487699        192.62373030410620        215.78407853542299       -232.91018513284624        2.1959287260103151E-007
 x,g,d,u,c,b ->    1.0000000000000000E-002  -33.780354574432536        20.896695791365630        24.181896989700597       -14.816073680782694        6.8064332886356144E-009
 x,g,d,u,c,b ->    5.0000000000000003E-002   26.914881362870766        6.9754681461170627        8.9151602779074981       -1.4598251034871159        5.9320859522819397E-009
 x,g,d,u,c,b ->   0.10000000000000001        12.722942979290654        4.3419510318498133        6.0816367988762314      -0.35221927156509780       -5.1931198669356271E-009
 muF =    1.0000000000000000     
 x,g,d,u,c,b ->    1.0000000000000000E-003  -1333.6981592869095        258.32072159165898        282.59438956494665       -161.22510685243734        2.1959287260103143E-007
 x,g,d,u,c,b ->    1.0000000000000000E-002   70.063091330981578        26.383183451626625        30.304444793047470       -9.3547451604505589        6.8064332886356144E-009
 x,g,d,u,c,b ->    5.0000000000000003E-002   32.336958134432017        7.5709134577766202        9.7972368868005422      -0.83880611937306726        5.9320859522819364E-009
 x,g,d,u,c,b ->   0.10000000000000001        14.363744163610630        4.3678188902039610        6.2819731314805436      -0.19568382703794684       -5.1931198669356271E-009
 muF =    2.0000000000000000     
 x,g,d,u,c,b ->    1.0000000000000000E-003   3395.3332348138179        474.55838291608393        501.51727823290770        65.654270645459079       -2.8737734766418768E-007
 x,g,d,u,c,b ->    1.0000000000000000E-002   339.50733502992705        38.838109118792865        44.115856776891135        2.9665385640975956       -1.2656020509147470E-008
 x,g,d,u,c,b ->    5.0000000000000003E-002   46.186228261454374        8.4810239834543673        11.240439762147060       0.20940230228986409       -3.1287792384689962E-009
 x,g,d,u,c,b ->   0.10000000000000001        14.496137960090584        4.3002052027105195        6.4782906637089965        5.0881469959477572E-002   5.2403291451625408E-010
 muF =    5.0000000000000000     
 x,g,d,u,c,b ->    1.0000000000000000E-003   11043.619980460124        760.74496486439500        790.39873289808372        359.31229348312445        3.1150823764621913     
 x,g,d,u,c,b ->    1.0000000000000000E-002   562.77271630281996        49.987362834742328        56.418225528720619        13.992203007960812       0.28681413722076748     
 x,g,d,u,c,b ->    5.0000000000000003E-002   49.854675309708334        8.9318187273887464        12.065314771365340       0.86649038447423354        2.5503538361850587E-002
 x,g,d,u,c,b ->   0.10000000000000001        13.031127892859935        4.1334904304472175        6.4455918515554949       0.18520023839724509        6.0096042871007130E-003
LHAPDF 6.4.0 loading /cvmfs/cms.cern.ch/slc7_amd64_gcc10/external/lhapdf/6.4.0-f99dd75eb8675a339d8b05f6184e6d59/share/LHAPDF/NNPDF31_nnlo_hessian_pdfas/NNPDF31_nnlo_hessian_pdfas_0044.dat
NNPDF31_nnlo_hessian_pdfas PDF set, member #44, version 1; LHAPDF ID = 306044
 muF =    91.000000000000000     
 x,g,d,u,c,b ->    1.0000000000000000E-003   29178.658540682482        1556.6827836373266        1592.3994773015957        1166.4979459540052        845.00487464844855     
 x,g,d,u,c,b ->    1.0000000000000000E-002   807.46058835208794        69.506129342261829        78.047279874655842        33.440244283621247        22.619441458511353     
 x,g,d,u,c,b ->    5.0000000000000003E-002   42.698275597324745        9.0775188060433276        12.713118981860344        1.5899516674834302        1.0262713860219077     
 x,g,d,u,c,b ->   0.10000000000000001        8.8483418911620006        3.6397296319775201        6.0199440631819776       0.29866943445140126       0.18330285245163980     
 ===============================
 =============================================
 Using profiled scales: (Q0,npow) =    1.3909849999999999        1.0000000000000000     
 =============================================
 Performing backward evolution from scale Q =    1.8149999999999999      , with nf =            4
 Quark thresholds at    0.0000000000000000        4.9199999999999999        10000000000.000000     
 init_pdfs_NNLOPS: set_pdfs_to_zero_when_negative flag set to  F
 initialization of PDFs, hoppet interface, using init_pdfs_NNLOPS: pdf_q2min =    2.7224999999999997     
 RM48 INITIALIZED:         1    16727942         0
 RM48IN SKIPPING OVER        16727942
 =============================================
 using modlog_p =    6.0000000000000000     
 =============================================
 freezing of alphas in setlocalscales at [GeV]    0.0000000000000000     
 freezing of PDF evolution in setlocalscales at [GeV]   1.8149999999999999     
 =========================
 *MINNLO* ACTIVATED
 =========================
 include_delta_terms is  F
 distribute_by_ub is  T
 distribute_by_ub_AP is  T
 =============================================
 flg_dtermsallorders =  T
 =============================================
 =============================================
 using kappaQ =    1.0000000000000000     
 =============================================
 ===============================================
 LHAPDF
 ===============================================
 muF =   0.75000000000000000     
 x,g,d,u,c,b ->    1.0000000000000000E-003  -1888.7752327081655        189.40327232129152        212.92530353565493       -231.70611571774907        2.2458206932196248E-008
 x,g,d,u,c,b ->    1.0000000000000000E-002  -34.345541741581933        21.129913313747494        24.342830885681693       -15.021609738083452        4.3657435284438820E-008
 x,g,d,u,c,b ->    5.0000000000000003E-002   24.205628891495063        6.9740196373483769        8.8851131667467484       -1.4572328605093654        2.2581775423761573E-009
 x,g,d,u,c,b ->   0.10000000000000001        13.280131179431903        4.3613641702329886        6.0682420981212175      -0.35572173759171943       -1.1425170982227275E-008
 muF =    1.0000000000000000     
 x,g,d,u,c,b ->    1.0000000000000000E-003  -1338.0226140609764        255.77462173792836        280.20611302193203       -160.06083976760070        2.2458206932196248E-008
 x,g,d,u,c,b ->    1.0000000000000000E-002   69.118756130684957        26.567958190285662        30.421227811606272       -9.5583990094403859        4.3657435284438814E-008
 x,g,d,u,c,b ->    5.0000000000000003E-002   31.849881160605435        7.5710667849378073        9.7658735114005051      -0.84201754068013568        2.2581775423761565E-009
 x,g,d,u,c,b ->   0.10000000000000001        14.697909293827724        4.3864640925750438        6.2710474841206780      -0.19856100505540228       -1.1425170982227280E-008
 muF =    2.0000000000000000     
 x,g,d,u,c,b ->    1.0000000000000000E-003   3403.7152579063959        473.10859801417968        499.85304930069316        66.455396524536383       -2.2106768013616156E-007
 x,g,d,u,c,b ->    1.0000000000000000E-002   338.71816652558482        38.954472110621523        44.170109350624095        2.7866031781566516       -1.9473093583345570E-008
 x,g,d,u,c,b ->    5.0000000000000003E-002   45.945459067053669        8.4899037311823573        11.213208175713563       0.20508621705092256       -3.9440114813762551E-009
LHAPDF 6.4.0 loading /cvmfs/cms.cern.ch/slc7_amd64_gcc10/external/lhapdf/6.4.0-f99dd75eb8675a339d8b05f6184e6d59/share/LHAPDF/NNPDF31_nnlo_hessian_pdfas/NNPDF31_nnlo_hessian_pdfas_0045.dat
NNPDF31_nnlo_hessian_pdfas PDF set, member #45, version 1; LHAPDF ID = 306045
 x,g,d,u,c,b ->   0.10000000000000001        14.661054795604208        4.3171501789393920        6.4693852988252436        4.8374666316571800E-002  -6.7470374457298285E-009
 muF =    5.0000000000000000     
 x,g,d,u,c,b ->    1.0000000000000000E-003   11050.988635182845        760.00742456676494        789.19647966687955        359.73516157567894        3.1161868116055129     
 x,g,d,u,c,b ->    1.0000000000000000E-002   562.40288411280085        50.067391351274594        56.435614402866499        13.837323221855495       0.28670117178781884     
 x,g,d,u,c,b ->    5.0000000000000003E-002   49.761768682338200        8.9461186102680461        12.041249915136994       0.86413121027853379        2.5501035150600159E-002
 x,g,d,u,c,b ->   0.10000000000000001        13.099445407635150        4.1484017454203697        6.4372724048261460       0.18275169159415489        6.0230495197593223E-003
 muF =    91.000000000000000     
 x,g,d,u,c,b ->    1.0000000000000000E-003   29183.149491604632        1557.0251250579049        1591.9771733455509        1166.3556125138209        845.05986015329563     
 x,g,d,u,c,b ->    1.0000000000000000E-002   807.54400485138194        69.552504714462970        78.020028520520029        33.333960550622933        22.625015718456474     
 x,g,d,u,c,b ->    5.0000000000000003E-002   42.720822530316596        9.0967808806611714        12.693621000556227        1.5897476008413327        1.0274794299059411     
 x,g,d,u,c,b ->   0.10000000000000001        8.8519990681326597        3.6504662889841097        6.0121350725132059       0.29715398634296919       0.18330515993785465     
 ===============================
 =============================================
 Using profiled scales: (Q0,npow) =    1.3909849999999999        1.0000000000000000     
 =============================================
 Performing backward evolution from scale Q =    1.8149999999999999      , with nf =            4
 Quark thresholds at    0.0000000000000000        4.9199999999999999        10000000000.000000     
 init_pdfs_NNLOPS: set_pdfs_to_zero_when_negative flag set to  F
 initialization of PDFs, hoppet interface, using init_pdfs_NNLOPS: pdf_q2min =    2.7224999999999997     
 RM48 INITIALIZED:         1    16727942         0
 RM48IN SKIPPING OVER        16727942
 =============================================
 using modlog_p =    6.0000000000000000     
 =============================================
 freezing of alphas in setlocalscales at [GeV]    0.0000000000000000     
 freezing of PDF evolution in setlocalscales at [GeV]   1.8149999999999999     
 =========================
 *MINNLO* ACTIVATED
 =========================
 include_delta_terms is  F
 distribute_by_ub is  T
 distribute_by_ub_AP is  T
 =============================================
 flg_dtermsallorders =  T
 =============================================
 =============================================
 using kappaQ =    1.0000000000000000     
 =============================================
 ===============================================
 LHAPDF
 ===============================================
 muF =   0.75000000000000000     
 x,g,d,u,c,b ->    1.0000000000000000E-003  -1893.2289647133061        193.26762416285800        215.39404386532192       -232.30917724901678        4.6091485563832699E-007
 x,g,d,u,c,b ->    1.0000000000000000E-002  -34.889177462647588        21.094338167427072        24.465274660695879       -15.016794330172345        5.5894897560713751E-008
 x,g,d,u,c,b ->    5.0000000000000003E-002   25.745498004497524        6.9628182497400752        8.9048781041167349       -1.4573937856445496        4.7793609705878201E-010
 x,g,d,u,c,b ->   0.10000000000000001        13.140600495733414        4.3367573656049219        6.0694451534935823      -0.35605571473648207       -9.0065186299158897E-009
 muF =    1.0000000000000000     
 x,g,d,u,c,b ->    1.0000000000000000E-003  -1344.0528256082473        259.12843042703793        282.42167159972490       -160.70385013073337        4.6091485563832705E-007
 x,g,d,u,c,b ->    1.0000000000000000E-002   69.070743181543619        26.561856403442125        30.563170954126132       -9.5647929243781356        5.5894897560713751E-008
LHAPDF 6.4.0 loading /cvmfs/cms.cern.ch/slc7_amd64_gcc10/external/lhapdf/6.4.0-f99dd75eb8675a339d8b05f6184e6d59/share/LHAPDF/NNPDF31_nnlo_hessian_pdfas/NNPDF31_nnlo_hessian_pdfas_0046.dat
NNPDF31_nnlo_hessian_pdfas PDF set, member #46, version 1; LHAPDF ID = 306046
 x,g,d,u,c,b ->    5.0000000000000003E-002   32.066205613373860        7.5538746913377768        9.7826673276870011      -0.84039996956167817        4.7793609705878191E-010
 x,g,d,u,c,b ->   0.10000000000000001        14.662958581327858        4.3622672939262150        6.2685204115786428      -0.19763192424355941       -9.0065186299158864E-009
 muF =    2.0000000000000000     
 x,g,d,u,c,b ->    1.0000000000000000E-003   3399.1547359700148        475.47467091287120        501.57782216115089        65.871277953385245        5.8912111465035734E-007
 x,g,d,u,c,b ->    1.0000000000000000E-002   338.87802653921636        38.985488346205756        44.334255469636723        2.7599029076831529       -1.8699220177016186E-008
 x,g,d,u,c,b ->    5.0000000000000003E-002   46.018038515607493        8.4619538564621841        11.220890231586843       0.20800394414843384       -1.3613682741106640E-008
 x,g,d,u,c,b ->   0.10000000000000001        14.608016073821663        4.2930482996129733        6.4637023132338332        5.0169505866102353E-002  -3.6224085810015978E-009
 muF =    5.0000000000000000     
 x,g,d,u,c,b ->    1.0000000000000000E-003   11049.223659540145        761.64073353665276        790.55972419272939        359.24672408283305        3.1170681641915228     
 x,g,d,u,c,b ->    1.0000000000000000E-002   562.49804679456281        50.108975574110701        56.604202759085972        13.798482307841944       0.28676522197416288     
 x,g,d,u,c,b ->    5.0000000000000003E-002   49.767276236780731        8.9127421739646397        12.043312365854856       0.86680896349742909        2.5474084141403886E-002
 x,g,d,u,c,b ->   0.10000000000000001        13.045008174103877        4.1254412631559214        6.4310927032538840       0.18480643208142747        5.9935347474211901E-003
 muF =    91.000000000000000     
 x,g,d,u,c,b ->    1.0000000000000000E-003   29180.720445685143        1557.4609092682604        1592.6624655838530        1165.9472148927639        845.00147612279147     
 x,g,d,u,c,b ->    1.0000000000000000E-002   807.42957218722233        69.578616247126007        78.169829047899356        33.280201719688186        22.618698682618998     
 x,g,d,u,c,b ->    5.0000000000000003E-002   42.679963340312540        9.0596947084778101        12.689613069373292        1.5917486908884175        1.0257525279544024     
 x,g,d,u,c,b ->   0.10000000000000001        8.8311319214288400        3.6319568573851693        6.0070768218786093       0.29925471377038082       0.18290341866321241     
 ===============================
 =============================================
 Using profiled scales: (Q0,npow) =    1.3909849999999999        1.0000000000000000     
 =============================================
 Performing backward evolution from scale Q =    1.8149999999999999      , with nf =            4
 Quark thresholds at    0.0000000000000000        4.9199999999999999        10000000000.000000     
 init_pdfs_NNLOPS: set_pdfs_to_zero_when_negative flag set to  F
 initialization of PDFs, hoppet interface, using init_pdfs_NNLOPS: pdf_q2min =    2.7224999999999997     
 RM48 INITIALIZED:         1    16727942         0
 RM48IN SKIPPING OVER        16727942
 =============================================
 using modlog_p =    6.0000000000000000     
 =============================================
 freezing of alphas in setlocalscales at [GeV]    0.0000000000000000     
 freezing of PDF evolution in setlocalscales at [GeV]   1.8149999999999999     
 =========================
 *MINNLO* ACTIVATED
 =========================
 include_delta_terms is  F
 distribute_by_ub is  T
 distribute_by_ub_AP is  T
 =============================================
 flg_dtermsallorders =  T
 =============================================
 =============================================
 using kappaQ =    1.0000000000000000     
 =============================================
 ===============================================
 LHAPDF
 ===============================================
 muF =   0.75000000000000000     
 x,g,d,u,c,b ->    1.0000000000000000E-003  -1854.8101852256523        192.50646286504426        214.29693249889479       -231.58510636395869        4.4835297710675359E-007
LHAPDF 6.4.0 loading /cvmfs/cms.cern.ch/slc7_amd64_gcc10/external/lhapdf/6.4.0-f99dd75eb8675a339d8b05f6184e6d59/share/LHAPDF/NNPDF31_nnlo_hessian_pdfas/NNPDF31_nnlo_hessian_pdfas_0047.dat
NNPDF31_nnlo_hessian_pdfas PDF set, member #47, version 1; LHAPDF ID = 306047
 x,g,d,u,c,b ->    1.0000000000000000E-002  -34.184498108848310        20.971329680589385        24.407914707105864       -14.999203512598038        3.0405305070224439E-008
 x,g,d,u,c,b ->    5.0000000000000003E-002   25.007361272881905        6.9703053670012798        8.8919854506333653       -1.4429273258680915        5.3126285188707584E-009
 x,g,d,u,c,b ->   0.10000000000000001        12.660724511124767        4.3688608542312375        6.0936617372478867      -0.36410135415238437       -7.2055180379575667E-009
 muF =    1.0000000000000000     
 x,g,d,u,c,b ->    1.0000000000000000E-003  -1357.9222220046206        258.17400015637702        281.20673040219179       -160.05012681567345        4.4835297710675338E-007
 x,g,d,u,c,b ->    1.0000000000000000E-002   70.199932225020859        26.438428629951353        30.496526922900095       -9.5516018351002536        3.0405305070224439E-008
 x,g,d,u,c,b ->    5.0000000000000003E-002   31.958447218195889        7.5669386161734069        9.7754380325731738      -0.83116263795062573        5.3126285188707584E-009
 x,g,d,u,c,b ->   0.10000000000000001        14.550613812449937        4.3927902289610916        6.2925773464469419      -0.20491139048197177       -7.2055180379575659E-009
 muF =    2.0000000000000000     
 x,g,d,u,c,b ->    1.0000000000000000E-003   3379.1348654643957        474.34192621272149        500.32129943796178        66.538542270106433        1.4159387522723871E-008
 x,g,d,u,c,b ->    1.0000000000000000E-002   338.92005416091087        38.874111629204627        44.260618325008174        2.7732266991403036       -3.3417732538050101E-008
 x,g,d,u,c,b ->    5.0000000000000003E-002   45.899081772752346        8.4848020768994150        11.225036698589056       0.21132073279005797       -3.6106575229022539E-009
 x,g,d,u,c,b ->   0.10000000000000001        14.648514200903614        4.3189054192836167        6.4864090433885240        4.4307576233390870E-002  -1.2029431708473837E-009
 muF =    5.0000000000000000     
 x,g,d,u,c,b ->    1.0000000000000000E-003   11040.158268051264        760.49354351099771        789.36960013321630        359.99480392373425        3.1150923558350745     
 x,g,d,u,c,b ->    1.0000000000000000E-002   562.31070323100448        50.017235914322711        56.533811125669999        13.815606748054751       0.28654805638289216     
 x,g,d,u,c,b ->    5.0000000000000003E-002   49.710980130959690        8.9410535557001101        12.055269134667267       0.86772682359682918        2.5471407569597534E-002
 x,g,d,u,c,b ->   0.10000000000000001        13.101803792006667        4.1469697921087905        6.4516433020248449       0.17982912487945812        6.0280525734749246E-003
 muF =    91.000000000000000     
 x,g,d,u,c,b ->    1.0000000000000000E-003   29183.317389113083        1556.4136133854831        1591.7495282119266        1166.8149534756587        845.10038107522121     
 x,g,d,u,c,b ->    1.0000000000000000E-002   807.49140244236287        69.533011463291317        78.123944778795845        33.312820866942069        22.623589809466498     
 x,g,d,u,c,b ->    5.0000000000000003E-002   42.707758303344939        9.0921928141730888        12.711058999714577        1.5908683223283240        1.0274355607139125     
 x,g,d,u,c,b ->   0.10000000000000001        8.8582939508520440        3.6461583555731334        6.0226410965303199       0.29533304003481736       0.18355669177987347     
 ===============================
 =============================================
 Using profiled scales: (Q0,npow) =    1.3909849999999999        1.0000000000000000     
 =============================================
 Performing backward evolution from scale Q =    1.8149999999999999      , with nf =            4
 Quark thresholds at    0.0000000000000000        4.9199999999999999        10000000000.000000     
 init_pdfs_NNLOPS: set_pdfs_to_zero_when_negative flag set to  F
 initialization of PDFs, hoppet interface, using init_pdfs_NNLOPS: pdf_q2min =    2.7224999999999997     
 RM48 INITIALIZED:         1    16727942         0
 RM48IN SKIPPING OVER        16727942
 =============================================
 using modlog_p =    6.0000000000000000     
 =============================================
 freezing of alphas in setlocalscales at [GeV]    0.0000000000000000     
 freezing of PDF evolution in setlocalscales at [GeV]   1.8149999999999999     
 =========================
 *MINNLO* ACTIVATED
 =========================
 include_delta_terms is  F
 distribute_by_ub is  T
 distribute_by_ub_AP is  T
 =============================================
 flg_dtermsallorders =  T
 =============================================
 =============================================
 using kappaQ =    1.0000000000000000     
 =============================================
 ===============================================
 LHAPDF
 ===============================================
 muF =   0.75000000000000000     
 x,g,d,u,c,b ->    1.0000000000000000E-003  -1907.3364641098531        192.98451227815852        216.54783370594203       -233.40879091858662        2.9865749359785602E-008
 x,g,d,u,c,b ->    1.0000000000000000E-002  -34.459408476121091        20.951121472095874        24.203513474240783       -14.786889688292964        3.6082019484642343E-008
 x,g,d,u,c,b ->    5.0000000000000003E-002   25.903982981647484        6.9559797290206991        8.8783163706960924       -1.4287324122854530        3.0311206967739431E-009
 x,g,d,u,c,b ->   0.10000000000000001        12.607878380505847        4.3747225620280750        6.1034450847590955      -0.35700998430102782       -8.3276042333331467E-009
 muF =    1.0000000000000000     
 x,g,d,u,c,b ->    1.0000000000000000E-003  -1328.4858236953153        258.75169172428855        283.36866392091537       -161.41680287804741        2.9865749359785609E-008
 x,g,d,u,c,b ->    1.0000000000000000E-002   68.985420523096266        26.430968960506984        30.311189508821400       -9.3297719674801272        3.6082019484642343E-008
 x,g,d,u,c,b ->    5.0000000000000003E-002   31.908395547609047        7.5588937045865849        9.7688239289243217      -0.81437886837764595        3.0311206967739439E-009
 x,g,d,u,c,b ->   0.10000000000000001        14.611376081503321        4.3996681305389789        6.3014608306972297      -0.19982164327045085       -8.3276042333331484E-009
 muF =    2.0000000000000000     
 x,g,d,u,c,b ->    1.0000000000000000E-003   3411.8809459315012        474.82191032451613        501.98483987452255        65.710308088711216        2.1917893482977630E-007
 x,g,d,u,c,b ->    1.0000000000000000E-002   338.78924793663771        38.879145631775430        44.103315934464312        2.9951044535123534       -9.6978976285079417E-009
 x,g,d,u,c,b ->    5.0000000000000003E-002   45.934087734366337        8.4839481634064420        11.227128159342682       0.22564138069092168       -5.3435210015139557E-009
 x,g,d,u,c,b ->   0.10000000000000001        14.660928274463709        4.3268364693635144        6.4942748223898858        4.6581229104140316E-002  -2.9800591068384137E-009
 muF =    5.0000000000000000     
 x,g,d,u,c,b ->    1.0000000000000000E-003   11053.048208795832        760.79457830332888        790.53690335319175        359.43082417741653        3.1166209006948926     
 x,g,d,u,c,b ->    1.0000000000000000E-002   562.47433089501703        50.026793895048570        56.395309791934501        14.029053245783990       0.28671505194344132     
 x,g,d,u,c,b ->    5.0000000000000003E-002   49.755627444867905        8.9441779837696149        12.061824649237806       0.87820962689735349        2.5495022245741260E-002
 x,g,d,u,c,b ->   0.10000000000000001        13.090736595169060        4.1549697099381380        6.4588679385430003       0.18079980536063514        6.0194630463523014E-003
 muF =    91.000000000000000     
 x,g,d,u,c,b ->    1.0000000000000000E-003   29181.307023080899        1556.4801245355184        1592.1104088509601        1166.7148767649196        845.03634891614524     
 x,g,d,u,c,b ->    1.0000000000000000E-002   807.59110505386434        69.539437628860640        78.014350189199718        33.494039112313516        22.624897491818654     
 x,g,d,u,c,b ->    5.0000000000000003E-002   42.722635842613279        9.0991368381068405        12.720880616035947        1.5969133122973480        1.0276432884564239     
LHAPDF 6.4.0 loading /cvmfs/cms.cern.ch/slc7_amd64_gcc10/external/lhapdf/6.4.0-f99dd75eb8675a339d8b05f6184e6d59/share/LHAPDF/NNPDF31_nnlo_hessian_pdfas/NNPDF31_nnlo_hessian_pdfas_0048.dat
NNPDF31_nnlo_hessian_pdfas PDF set, member #48, version 1; LHAPDF ID = 306048
 x,g,d,u,c,b ->   0.10000000000000001        8.8534824139463488        3.6531577443613110        6.0287925317503230       0.29507067424605349       0.18351071065631319     
 ===============================
 =============================================
 Using profiled scales: (Q0,npow) =    1.3909849999999999        1.0000000000000000     
 =============================================
 Performing backward evolution from scale Q =    1.8149999999999999      , with nf =            4
 Quark thresholds at    0.0000000000000000        4.9199999999999999        10000000000.000000     
 init_pdfs_NNLOPS: set_pdfs_to_zero_when_negative flag set to  F
 initialization of PDFs, hoppet interface, using init_pdfs_NNLOPS: pdf_q2min =    2.7224999999999997     
 RM48 INITIALIZED:         1    16727942         0
 RM48IN SKIPPING OVER        16727942
 =============================================
 using modlog_p =    6.0000000000000000     
 =============================================
 freezing of alphas in setlocalscales at [GeV]    0.0000000000000000     
 freezing of PDF evolution in setlocalscales at [GeV]   1.8149999999999999     
 =========================
 *MINNLO* ACTIVATED
 =========================
 include_delta_terms is  F
 distribute_by_ub is  T
 distribute_by_ub_AP is  T
 =============================================
 flg_dtermsallorders =  T
 =============================================
 =============================================
 using kappaQ =    1.0000000000000000     
 =============================================
 ===============================================
 LHAPDF
 ===============================================
 muF =   0.75000000000000000     
 x,g,d,u,c,b ->    1.0000000000000000E-003  -1903.7372240411087        193.44442149881883        214.64580094445137       -232.05364054952301       -4.1915947171948560E-007
 x,g,d,u,c,b ->    1.0000000000000000E-002  -34.373869748314092        20.820499698565737        24.237746040590125       -14.856698001112219       -5.1551601168352369E-010
 x,g,d,u,c,b ->    5.0000000000000003E-002   25.620126293554030        6.9789197250010790        8.9135233411419943       -1.4732851463960299       -4.9436869013438150E-009
 x,g,d,u,c,b ->   0.10000000000000001        13.167424638270708        4.3540818508434933        6.0791910305853278      -0.36038630271909072       -7.9167768015164246E-009
 muF =    1.0000000000000000     
 x,g,d,u,c,b ->    1.0000000000000000E-003  -1335.8311762828364        259.17991625579339        281.62946005016323       -160.24951373492948       -4.1915947171948555E-007
 x,g,d,u,c,b ->    1.0000000000000000E-002   69.110387471392102        26.322343292307142        30.364036204500806       -9.4178010352339872       -5.1551601168352369E-010
 x,g,d,u,c,b ->    5.0000000000000003E-002   32.137327232110714        7.5700883510179180        9.7896941851303829      -0.85492853140585423       -4.9436869013438134E-009
 x,g,d,u,c,b ->   0.10000000000000001        14.602007447302540        4.3776379140457093        6.2774558897623773      -0.20083353634862830       -7.9167768015164246E-009
 muF =    2.0000000000000000     
 x,g,d,u,c,b ->    1.0000000000000000E-003   3404.2911835064770        475.29586391914523        500.72155775738935        66.606952929350641        3.1749827986030032E-008
 x,g,d,u,c,b ->    1.0000000000000000E-002   338.85876100543220        38.813502340316788        44.191453906325364        2.8784471394541522       -5.8632376235584552E-008
 x,g,d,u,c,b ->    5.0000000000000003E-002   46.072330491562319        8.4773384821386166        11.226202985241640       0.19589103093710636       -1.1569510758503426E-008
 x,g,d,u,c,b ->   0.10000000000000001        14.587167783006747        4.3043259802162268        6.4715758356503370        4.8457048436981502E-002   2.6832999923004358E-010
 muF =    5.0000000000000000     
 x,g,d,u,c,b ->    1.0000000000000000E-003   11050.439293060277        761.30489812045710        789.65774074544993        360.12171319082142        3.1169227313844501     
 x,g,d,u,c,b ->    1.0000000000000000E-002   562.48220186369895        49.988104282834790        56.503002681030630        13.895663886601747       0.28672916439894242     
LHAPDF 6.4.0 loading /cvmfs/cms.cern.ch/slc7_amd64_gcc10/external/lhapdf/6.4.0-f99dd75eb8675a339d8b05f6184e6d59/share/LHAPDF/NNPDF31_nnlo_hessian_pdfas/NNPDF31_nnlo_hessian_pdfas_0049.dat
NNPDF31_nnlo_hessian_pdfas PDF set, member #49, version 1; LHAPDF ID = 306049
 x,g,d,u,c,b ->    5.0000000000000003E-002   49.790986268161447        8.9274358153324371        12.048394641912507       0.85590012945686744        2.5480886878863823E-002
 x,g,d,u,c,b ->   0.10000000000000001        13.052980926268495        4.1335909022643706        6.4378401584341054       0.18360698252756344        5.9996777551237033E-003
 muF =    91.000000000000000     
 x,g,d,u,c,b ->    1.0000000000000000E-003   29179.923554596935        1556.9096544483214        1591.7490874768919        1167.0245566102922        844.99655094043692     
 x,g,d,u,c,b ->    1.0000000000000000E-002   807.41292094784035        69.531109417984283        78.132136506563981        33.342752127611597        22.617419141929442     
 x,g,d,u,c,b ->    5.0000000000000003E-002   42.677989398099889        9.0722221146277260        12.694935812204042        1.5831226956725692        1.0254754356506406     
 x,g,d,u,c,b ->   0.10000000000000001        8.8315936570173452        3.6356205084030981        6.0118263452332750       0.29781295461476276       0.18271194752661329     
 ===============================
 =============================================
 Using profiled scales: (Q0,npow) =    1.3909849999999999        1.0000000000000000     
 =============================================
 Performing backward evolution from scale Q =    1.8149999999999999      , with nf =            4
 Quark thresholds at    0.0000000000000000        4.9199999999999999        10000000000.000000     
 init_pdfs_NNLOPS: set_pdfs_to_zero_when_negative flag set to  F
 initialization of PDFs, hoppet interface, using init_pdfs_NNLOPS: pdf_q2min =    2.7224999999999997     
 RM48 INITIALIZED:         1    16727942         0
 RM48IN SKIPPING OVER        16727942
 =============================================
 using modlog_p =    6.0000000000000000     
 =============================================
 freezing of alphas in setlocalscales at [GeV]    0.0000000000000000     
 freezing of PDF evolution in setlocalscales at [GeV]   1.8149999999999999     
 =========================
 *MINNLO* ACTIVATED
 =========================
 include_delta_terms is  F
 distribute_by_ub is  T
 distribute_by_ub_AP is  T
 =============================================
 flg_dtermsallorders =  T
 =============================================
 =============================================
 using kappaQ =    1.0000000000000000     
 =============================================
 ===============================================
 LHAPDF
 ===============================================
 muF =   0.75000000000000000     
 x,g,d,u,c,b ->    1.0000000000000000E-003  -1871.1786621262170        193.09874355475688        218.16301365872422       -233.56598675322815        7.2645289186890239E-008
 x,g,d,u,c,b ->    1.0000000000000000E-002  -32.580785999990411        21.062140722082724        24.321949064368951       -14.714841879402654       -7.5500527910745244E-009
 x,g,d,u,c,b ->    5.0000000000000003E-002   25.816175362425433        6.9457542007336741        8.8495810192812119       -1.4314836990294861       -7.7168327053531475E-009
 x,g,d,u,c,b ->   0.10000000000000001        13.104498453399108        4.3673783216162860        6.0709284923219897      -0.35277121910206222       -1.0620246572831593E-008
 muF =    1.0000000000000000     
 x,g,d,u,c,b ->    1.0000000000000000E-003  -1349.0406424225096        258.82975056946464        284.85600773358965       -161.76249214468831        7.2645289186890186E-008
 x,g,d,u,c,b ->    1.0000000000000000E-002   69.947763215832580        26.519492750713070        30.404192123347588       -9.2729256972222540       -7.5500527910745244E-009
 x,g,d,u,c,b ->    5.0000000000000003E-002   32.002967218865358        7.5489533270517590        9.7359294067805457      -0.81593397965795567       -7.7168327053531458E-009
 x,g,d,u,c,b ->   0.10000000000000001        14.592637218608955        4.3938495383954690        6.2714533691386203      -0.19501637908000821       -1.0620246572831588E-008
 muF =    2.0000000000000000     
 x,g,d,u,c,b ->    1.0000000000000000E-003   3390.3069048967354        475.08010745073329        503.44314563484591        65.341302021050836        3.9278879819977748E-007
LHAPDF 6.4.0 loading /cvmfs/cms.cern.ch/slc7_amd64_gcc10/external/lhapdf/6.4.0-f99dd75eb8675a339d8b05f6184e6d59/share/LHAPDF/NNPDF31_nnlo_hessian_pdfas/NNPDF31_nnlo_hessian_pdfas_0050.dat
NNPDF31_nnlo_hessian_pdfas PDF set, member #50, version 1; LHAPDF ID = 306050
 x,g,d,u,c,b ->    1.0000000000000000E-002   338.96432010080173        38.932231507871649        44.152344208874091        3.0315652908259194       -5.3307735990084293E-008
 x,g,d,u,c,b ->    5.0000000000000003E-002   45.999346903214722        8.4756367854891348        11.189227780784549       0.22629766724889602       -1.0614608895541634E-008
 x,g,d,u,c,b ->   0.10000000000000001        14.593624622377654        4.3239533214216381        6.4684170359209414        5.1992248850579119E-002  -4.3555590189542625E-009
 muF =    5.0000000000000000     
 x,g,d,u,c,b ->    1.0000000000000000E-003   11044.672640949342        761.26022588923934        792.03561116300375        359.16279284093548        3.1162847864720820     
 x,g,d,u,c,b ->    1.0000000000000000E-002   562.41133746626929        50.055254023675943        56.411478974384629        14.055065039663106       0.28666038837401364     
 x,g,d,u,c,b ->    5.0000000000000003E-002   49.773324596139226        8.9364410792204509        12.021397266940358       0.87974798646441621        2.5482340985878333E-002
 x,g,d,u,c,b ->   0.10000000000000001        13.053825008785802        4.1540435274307717        6.4361349239840555       0.18621199899416049        6.0015489674142553E-003
 muF =    91.000000000000000     
 x,g,d,u,c,b ->    1.0000000000000000E-003   29180.749943769668        1557.2000824131765        1593.5632295932237        1166.5513807790028        845.02301716733359     
 x,g,d,u,c,b ->    1.0000000000000000E-002   807.39902835039231        69.537636468548186        77.977370240114979        33.504066628296421        22.618188415097464     
 x,g,d,u,c,b ->    5.0000000000000003E-002   42.687858875829633        9.0923290504389591        12.680067235611379        1.5988816188111348        1.0260069235879148     
 x,g,d,u,c,b ->   0.10000000000000001        8.8367362934300715        3.6541337912004335        6.0116163969438885       0.29990979171151222       0.18295298821951508     
 ===============================
 =============================================
 Using profiled scales: (Q0,npow) =    1.3909849999999999        1.0000000000000000     
 =============================================
 Performing backward evolution from scale Q =    1.8149999999999999      , with nf =            4
 Quark thresholds at    0.0000000000000000        4.9199999999999999        10000000000.000000     
 init_pdfs_NNLOPS: set_pdfs_to_zero_when_negative flag set to  F
 initialization of PDFs, hoppet interface, using init_pdfs_NNLOPS: pdf_q2min =    2.7224999999999997     
 RM48 INITIALIZED:         1    16727942         0
 RM48IN SKIPPING OVER        16727942
 =============================================
 using modlog_p =    6.0000000000000000     
 =============================================
 freezing of alphas in setlocalscales at [GeV]    0.0000000000000000     
 freezing of PDF evolution in setlocalscales at [GeV]   1.8149999999999999     
 =========================
 *MINNLO* ACTIVATED
 =========================
 include_delta_terms is  F
 distribute_by_ub is  T
 distribute_by_ub_AP is  T
 =============================================
 flg_dtermsallorders =  T
 =============================================
 =============================================
 using kappaQ =    1.0000000000000000     
 =============================================
 ===============================================
 LHAPDF
 ===============================================
 muF =   0.75000000000000000     
 x,g,d,u,c,b ->    1.0000000000000000E-003  -1912.4732040215265        192.35046238477941        217.57938572388983       -234.32852526061731        5.1682484236956674E-008
 x,g,d,u,c,b ->    1.0000000000000000E-002  -33.572231841310661        21.020635426658700        24.242523065218236       -14.821442123465189       -9.1834119246189159E-009
 x,g,d,u,c,b ->    5.0000000000000003E-002   26.575231122027432        6.9745546164873815        8.8923580723592384       -1.4640316811520138        1.9043172646036397E-010
 x,g,d,u,c,b ->   0.10000000000000001        12.483373306381084        4.3333667289450135        6.0544755879511758      -0.35810183159971659       -4.6738484555950313E-009
LHAPDF 6.4.0 loading /cvmfs/cms.cern.ch/slc7_amd64_gcc10/external/lhapdf/6.4.0-f99dd75eb8675a339d8b05f6184e6d59/share/LHAPDF/NNPDF31_nnlo_hessian_pdfas/NNPDF31_nnlo_hessian_pdfas_0051.dat
NNPDF31_nnlo_hessian_pdfas PDF set, member #51, version 1; LHAPDF ID = 306051
 muF =    1.0000000000000000     
 x,g,d,u,c,b ->    1.0000000000000000E-003  -1332.4543675098785        258.33486134419201        284.45260412085537       -162.41930009888199        5.1682484236956668E-008
 x,g,d,u,c,b ->    1.0000000000000000E-002   70.946736787866129        26.498335338068390        30.348043028407751       -9.3778331808003337       -9.1834119246189142E-009
 x,g,d,u,c,b ->    5.0000000000000003E-002   32.175388346408354        7.5643745905466329        9.7660894468585653      -0.84718531041007639        1.9043172646036389E-010
 x,g,d,u,c,b ->   0.10000000000000001        14.485022936579002        4.3653505703641322        6.2549196470041339      -0.19866322525674238       -4.6738484555950305E-009
 muF =    2.0000000000000000     
 x,g,d,u,c,b ->    1.0000000000000000E-003   3402.8254511907180        474.85797973869381        503.21924223546364        64.698820844158703        5.5223634474780537E-007
 x,g,d,u,c,b ->    1.0000000000000000E-002   339.34514739888124        38.939627393416735        44.133530733235105        2.9217397203683291       -2.5310731208847919E-008
 x,g,d,u,c,b ->    5.0000000000000003E-002   45.948602130015232        8.4716629220488606        11.198760538727424       0.20143038026699647       -1.0045181835684323E-008
 x,g,d,u,c,b ->   0.10000000000000001        14.610546437861721        4.3035404067703880        6.4540992560761730        5.0046985932839953E-002   6.8033915630674665E-010
 muF =    5.0000000000000000     
 x,g,d,u,c,b ->    1.0000000000000000E-003   11047.918345194728        761.17304640997042        791.87703063909055        358.47950773757441        3.1156235731984960     
 x,g,d,u,c,b ->    1.0000000000000000E-002   562.48924372166300        50.080297159882022        56.418810730007209        13.941830811512226       0.28660812466464919     
 x,g,d,u,c,b ->    5.0000000000000003E-002   49.728007513455971        8.9241566547891829        12.020618568140891       0.86166124660097432        2.5468214860358246E-002
 x,g,d,u,c,b ->   0.10000000000000001        13.081760406236494        4.1392054884747447        6.4241461390622350       0.18486947858326386        6.0202982117363753E-003
 muF =    91.000000000000000     
 x,g,d,u,c,b ->    1.0000000000000000E-003   29181.109882861445        1557.2257039161195        1593.4824066398628        1165.8313741712570        845.04478089627844     
 x,g,d,u,c,b ->    1.0000000000000000E-002   807.45922013229699        69.589845300769738        78.022232487649816        33.391292229788753        22.621274538310008     
 x,g,d,u,c,b ->    5.0000000000000003E-002   42.695542172620762        9.0760806215280923        12.670925381573905        1.5892901662890073        1.0267854153561953     
 x,g,d,u,c,b ->   0.10000000000000001        8.8518089634513579        3.6477215092601383        6.0036017954335774       0.29864572921543631       0.18336779485386395     
 ===============================
 =============================================
 Using profiled scales: (Q0,npow) =    1.3909849999999999        1.0000000000000000     
 =============================================
 Performing backward evolution from scale Q =    1.8149999999999999      , with nf =            4
 Quark thresholds at    0.0000000000000000        4.9199999999999999        10000000000.000000     
 init_pdfs_NNLOPS: set_pdfs_to_zero_when_negative flag set to  F
 initialization of PDFs, hoppet interface, using init_pdfs_NNLOPS: pdf_q2min =    2.7224999999999997     
 RM48 INITIALIZED:         1    16727942         0
 RM48IN SKIPPING OVER        16727942
 =============================================
 using modlog_p =    6.0000000000000000     
 =============================================
 freezing of alphas in setlocalscales at [GeV]    0.0000000000000000     
 freezing of PDF evolution in setlocalscales at [GeV]   1.8149999999999999     
 =========================
 *MINNLO* ACTIVATED
 =========================
 include_delta_terms is  F
 distribute_by_ub is  T
 distribute_by_ub_AP is  T
 =============================================
 flg_dtermsallorders =  T
 =============================================
 =============================================
 using kappaQ =    1.0000000000000000     
 =============================================
 ===============================================
 LHAPDF
 ===============================================
 muF =   0.75000000000000000     
 x,g,d,u,c,b ->    1.0000000000000000E-003  -1838.9443859782243        193.87570200309818        214.96674351209828       -232.63083456939913       -4.0444227206843875E-007
 x,g,d,u,c,b ->    1.0000000000000000E-002  -34.297011137068580        20.963472540264380        24.367108410802942       -14.879033746964151        2.6387363845700554E-008
 x,g,d,u,c,b ->    5.0000000000000003E-002   24.896605713389953        6.9402110552330418        8.9155489753455459       -1.4705491504086139       -2.0901509993346442E-009
 x,g,d,u,c,b ->   0.10000000000000001        13.578004530068908        4.3340065030459751        6.0691979247605694      -0.35537676248556138       -1.0875781815239525E-008
 muF =    1.0000000000000000     
 x,g,d,u,c,b ->    1.0000000000000000E-003  -1351.4476690583328        259.73563518048690        282.08475571348464       -160.75794655184649       -4.0444227206843864E-007
 x,g,d,u,c,b ->    1.0000000000000000E-002   68.135748124982470        26.435464918613793        30.471050499675982       -9.4330143603143757        2.6387363845700554E-008
 x,g,d,u,c,b ->    5.0000000000000003E-002   31.613442261948975        7.5360605143892965        9.7910886308552012      -0.85394500905661319       -2.0901509993346442E-009
 x,g,d,u,c,b ->   0.10000000000000001        14.881784807109190        4.3639119785004175        6.2690208767908855      -0.19657405683776852       -1.0875781815239523E-008
 muF =    2.0000000000000000     
 x,g,d,u,c,b ->    1.0000000000000000E-003   3392.3076284728736        475.93294154262799        501.28525766422257        66.177393018772150       -3.9797328579643026E-007
 x,g,d,u,c,b ->    1.0000000000000000E-002   338.18883887784034        38.872108454818587        44.259004002454283        2.8760522279330232       -3.8550902800359011E-008
 x,g,d,u,c,b ->    5.0000000000000003E-002   45.810677371175217        8.4549424863221176        11.228932049657240       0.19648839570811943       -8.6609974414467579E-009
 x,g,d,u,c,b ->   0.10000000000000001        14.695283121277297        4.3018481009332232        6.4651879001199948        5.1328117479773623E-002  -1.5990795325753394E-009
 muF =    5.0000000000000000     
 x,g,d,u,c,b ->    1.0000000000000000E-003   11047.814776662713        761.98720850097072        790.29388675338066        359.79220224065858        3.1176410885274843     
 x,g,d,u,c,b ->    1.0000000000000000E-002   562.20201862671934        50.012105498718036        56.545592259168174        13.904907647516332       0.28667060989340526     
 x,g,d,u,c,b ->    5.0000000000000003E-002   49.732491764036425        8.9140655030384544        12.051988939668945       0.85858184874225285        2.5505663633634001E-002
 x,g,d,u,c,b ->   0.10000000000000001        13.087432531848741        4.1381502877379903        6.4334076688899264       0.18592640133433974        6.0108388502429959E-003
 muF =    91.000000000000000     
 x,g,d,u,c,b ->    1.0000000000000000E-003   29182.723118847163        1557.6145334249641        1592.4340536483530        1166.7759629902757        845.06394281136772     
 x,g,d,u,c,b ->    1.0000000000000000E-002   807.57826928761597        69.516556731228931        78.150842850627299        33.366151625293895        22.625862885034543     
 x,g,d,u,c,b ->    5.0000000000000003E-002   42.730995537131996        9.0726813884795483        12.699888278440175        1.5877053498345712        1.0276864942487596     
 x,g,d,u,c,b ->   0.10000000000000001        8.8447834541108126        3.6478327989887429        6.0109641674048415       0.29932849363840175       0.18323260106378977     
 ===============================
 =============================================
 Using profiled scales: (Q0,npow) =    1.3909849999999999        1.0000000000000000     
 =============================================
LHAPDF 6.4.0 loading /cvmfs/cms.cern.ch/slc7_amd64_gcc10/external/lhapdf/6.4.0-f99dd75eb8675a339d8b05f6184e6d59/share/LHAPDF/NNPDF31_nnlo_hessian_pdfas/NNPDF31_nnlo_hessian_pdfas_0052.dat
NNPDF31_nnlo_hessian_pdfas PDF set, member #52, version 1; LHAPDF ID = 306052
 Performing backward evolution from scale Q =    1.8149999999999999      , with nf =            4
 Quark thresholds at    0.0000000000000000        4.9199999999999999        10000000000.000000     
 init_pdfs_NNLOPS: set_pdfs_to_zero_when_negative flag set to  F
 initialization of PDFs, hoppet interface, using init_pdfs_NNLOPS: pdf_q2min =    2.7224999999999997     
 RM48 INITIALIZED:         1    16727942         0
 RM48IN SKIPPING OVER        16727942
 =============================================
 using modlog_p =    6.0000000000000000     
 =============================================
 freezing of alphas in setlocalscales at [GeV]    0.0000000000000000     
 freezing of PDF evolution in setlocalscales at [GeV]   1.8149999999999999     
 =========================
 *MINNLO* ACTIVATED
 =========================
 include_delta_terms is  F
 distribute_by_ub is  T
 distribute_by_ub_AP is  T
 =============================================
 flg_dtermsallorders =  T
 =============================================
 =============================================
 using kappaQ =    1.0000000000000000     
 =============================================
 ===============================================
 LHAPDF
 ===============================================
 muF =   0.75000000000000000     
 x,g,d,u,c,b ->    1.0000000000000000E-003  -1886.6022679889245        194.35588496664545        218.41398959685677       -234.09175888086210        5.4513309744798839E-007
 x,g,d,u,c,b ->    1.0000000000000000E-002  -32.712985126700865        20.732556528416033        24.142356531974315       -14.713416935668375        3.2420618535264915E-008
 x,g,d,u,c,b ->    5.0000000000000003E-002   27.410120392457575        6.9988075661784688        8.8818748244677135       -1.4323710643388960       -8.6329009951220714E-009
 x,g,d,u,c,b ->   0.10000000000000001        13.181558205363094        4.3551149740847492        6.0751819922305099      -0.34316263069369540       -7.5687735292532792E-009
 muF =    1.0000000000000000     
 x,g,d,u,c,b ->    1.0000000000000000E-003  -1349.5926166053152        260.05245723059596        285.25847394172752       -162.17796550353617        5.4513309744798850E-007
 x,g,d,u,c,b ->    1.0000000000000000E-002   69.489280978343231        26.237324246858677        30.239429614944029       -9.2671804487534430        3.2420618535264909E-008
 x,g,d,u,c,b ->    5.0000000000000003E-002   31.804512130210991        7.5903194921914867        9.7645393437335244      -0.81597132364780467       -8.6329009951220698E-009
 x,g,d,u,c,b ->   0.10000000000000001        14.878255078836776        4.3792945218796104        6.2732848323553663      -0.18649254606566223       -7.5687735292532759E-009
 muF =    2.0000000000000000     
 x,g,d,u,c,b ->    1.0000000000000000E-003   3394.8517207494797        476.04793226803281        503.93445310561145        65.026661803109405       -1.9470728489270030E-007
 x,g,d,u,c,b ->    1.0000000000000000E-002   338.64087250218324        38.742302622923901        44.027307298694218        3.0399853853524128        1.1877525222371149E-008
 x,g,d,u,c,b ->    5.0000000000000003E-002   45.798037990087415        8.4953182332445980        11.208736665794378       0.22827604804693388       -9.2526570476715636E-009
 x,g,d,u,c,b ->   0.10000000000000001        14.705921928455778        4.3055115639065278        6.4683284415165065        5.7936545623568446E-002  -2.4954226552402256E-009
 muF =    5.0000000000000000     
 x,g,d,u,c,b ->    1.0000000000000000E-003   11047.637952993906        761.95376423626942        792.48133752280796        358.90359811524917        3.1175799702958398     
 x,g,d,u,c,b ->    1.0000000000000000E-002   562.27512025172575        49.932544342092164        56.321853418714802        14.063037396919951       0.28666226502326225     
 x,g,d,u,c,b ->    5.0000000000000003E-002   49.700183906633882        8.9435553184932353        12.035769085081968       0.88415979403198397        2.5478367750667318E-002
 x,g,d,u,c,b ->   0.10000000000000001        13.066222648374000        4.1348042501168569        6.4357991103379852       0.19044454019560320        5.9905349153793249E-003
LHAPDF 6.4.0 loading /cvmfs/cms.cern.ch/slc7_amd64_gcc10/external/lhapdf/6.4.0-f99dd75eb8675a339d8b05f6184e6d59/share/LHAPDF/NNPDF31_nnlo_hessian_pdfas/NNPDF31_nnlo_hessian_pdfas_0053.dat
NNPDF31_nnlo_hessian_pdfas PDF set, member #53, version 1; LHAPDF ID = 306053
 muF =    91.000000000000000     
 x,g,d,u,c,b ->    1.0000000000000000E-003   29179.663617223479        1557.2913401474184        1593.7754530814789        1166.2924214449711        844.99517374795323     
 x,g,d,u,c,b ->    1.0000000000000000E-002   807.36541130978685        69.502392228910523        77.948142444660206        33.509598670366209        22.618489881630293     
 x,g,d,u,c,b ->    5.0000000000000003E-002   42.694636230676458        9.0846513709339778        12.688751471059732        1.6048879789231663        1.0264340212992906     
 x,g,d,u,c,b ->   0.10000000000000001        8.8277211966208835        3.6372947403374254        6.0117361078685780       0.30212484698192776       0.18282412851980234     
 ===============================
 =============================================
 Using profiled scales: (Q0,npow) =    1.3909849999999999        1.0000000000000000     
 =============================================
 Performing backward evolution from scale Q =    1.8149999999999999      , with nf =            4
 Quark thresholds at    0.0000000000000000        4.9199999999999999        10000000000.000000     
 init_pdfs_NNLOPS: set_pdfs_to_zero_when_negative flag set to  F
 initialization of PDFs, hoppet interface, using init_pdfs_NNLOPS: pdf_q2min =    2.7224999999999997     
 RM48 INITIALIZED:         1    16727942         0
 RM48IN SKIPPING OVER        16727942
 =============================================
 using modlog_p =    6.0000000000000000     
 =============================================
 freezing of alphas in setlocalscales at [GeV]    0.0000000000000000     
 freezing of PDF evolution in setlocalscales at [GeV]   1.8149999999999999     
 =========================
 *MINNLO* ACTIVATED
 =========================
 include_delta_terms is  F
 distribute_by_ub is  T
 distribute_by_ub_AP is  T
 =============================================
 flg_dtermsallorders =  T
 =============================================
 =============================================
 using kappaQ =    1.0000000000000000     
 =============================================
 ===============================================
 LHAPDF
 ===============================================
 muF =   0.75000000000000000     
 x,g,d,u,c,b ->    1.0000000000000000E-003  -1888.6049649374579        193.02228871230099        216.41317402532226       -233.23826933627950        1.3678187672257222E-007
 x,g,d,u,c,b ->    1.0000000000000000E-002  -32.278086257490820        20.879953557025338        24.092630388641926       -14.782988141580427       -6.7506217000176542E-009
 x,g,d,u,c,b ->    5.0000000000000003E-002   26.023407047897074        6.9970692924261835        8.9185350275909308       -1.4559831029768182       -1.2125794054773495E-009
 x,g,d,u,c,b ->   0.10000000000000001        13.418076145748072        4.3390668089020723        6.0754588299874932      -0.35140936802474348       -9.9519662705457788E-009
 muF =    1.0000000000000000     
 x,g,d,u,c,b ->    1.0000000000000000E-003  -1334.7627677277690        258.76008302185699        283.24130890470201       -161.45593457781419        1.3678187672257224E-007
 x,g,d,u,c,b ->    1.0000000000000000E-002   70.560073214734459        26.354941011587691        30.203034818139713       -9.3457440564731069       -6.7506217000176526E-009
 x,g,d,u,c,b ->    5.0000000000000003E-002   31.776980100082380        7.5858611480307836        9.7953932422485348      -0.84046311466148937       -1.2125794054773495E-009
 x,g,d,u,c,b ->   0.10000000000000001        14.882444326435008        4.3648839274583855        6.2742856521133739      -0.19419327585643389       -9.9519662705457804E-009
 muF =    2.0000000000000000     
 x,g,d,u,c,b ->    1.0000000000000000E-003   3398.2976407149522        474.94742142081139        502.05511956143675        65.546592455463980        5.8849443735320056E-007
 x,g,d,u,c,b ->    1.0000000000000000E-002   338.90300080469569        38.810255314332565        44.018308183554396        2.9519126093403023        1.1372479388477921E-009
 x,g,d,u,c,b ->    5.0000000000000003E-002   45.785367496059365        8.4890830417083816        11.233191010741983       0.20616831077190334       -6.0729302114386085E-009
LHAPDF 6.4.0 loading /cvmfs/cms.cern.ch/slc7_amd64_gcc10/external/lhapdf/6.4.0-f99dd75eb8675a339d8b05f6184e6d59/share/LHAPDF/NNPDF31_nnlo_hessian_pdfas/NNPDF31_nnlo_hessian_pdfas_0054.dat
NNPDF31_nnlo_hessian_pdfas PDF set, member #54, version 1; LHAPDF ID = 306054
 x,g,d,u,c,b ->   0.10000000000000001        14.704726643943737        4.2962591629904168        6.4684135963932681        5.2255507647218404E-002   1.0699585841785310E-009
 muF =    5.0000000000000000     
 x,g,d,u,c,b ->    1.0000000000000000E-003   11046.664039621786        761.03032368973493        790.78421570729051        359.26366837441617        3.1164885066242172     
 x,g,d,u,c,b ->    1.0000000000000000E-002   562.24693363786992        49.968521980776444        56.332756989517385        13.971583287173692       0.28655319540183571     
 x,g,d,u,c,b ->    5.0000000000000003E-002   49.681029673031922        8.9365956934523147        12.055634630278146       0.86536094710758937        2.5468348010469308E-002
 x,g,d,u,c,b ->   0.10000000000000001        13.077419949029132        4.1292087117333125        6.4352318191785089       0.18642624713460462        5.9991362102919136E-003
 muF =    91.000000000000000     
 x,g,d,u,c,b ->    1.0000000000000000E-003   29180.050675198756        1556.8597535093172        1592.5845243303297        1166.4429378597297        845.01576456691146     
 x,g,d,u,c,b ->    1.0000000000000000E-002   807.35765011294120        69.509683916184656        77.988405020106441        33.423362499233747        22.618917544135765     
 x,g,d,u,c,b ->    5.0000000000000003E-002   42.696955603808696        9.0794243627313040        12.702005167328494        1.5902634458461713        1.0267157173710093     
 x,g,d,u,c,b ->   0.10000000000000001        8.8357196352073242        3.6366978431829677        6.0107807644381754       0.29950719097524625       0.18303068925026175     
 ===============================
 =============================================
 Using profiled scales: (Q0,npow) =    1.3909849999999999        1.0000000000000000     
 =============================================
 Performing backward evolution from scale Q =    1.8149999999999999      , with nf =            4
 Quark thresholds at    0.0000000000000000        4.9199999999999999        10000000000.000000     
 init_pdfs_NNLOPS: set_pdfs_to_zero_when_negative flag set to  F
 initialization of PDFs, hoppet interface, using init_pdfs_NNLOPS: pdf_q2min =    2.7224999999999997     
 RM48 INITIALIZED:         1    16727942         0
 RM48IN SKIPPING OVER        16727942
 =============================================
 using modlog_p =    6.0000000000000000     
 =============================================
 freezing of alphas in setlocalscales at [GeV]    0.0000000000000000     
 freezing of PDF evolution in setlocalscales at [GeV]   1.8149999999999999     
 =========================
 *MINNLO* ACTIVATED
 =========================
 include_delta_terms is  F
 distribute_by_ub is  T
 distribute_by_ub_AP is  T
 =============================================
 flg_dtermsallorders =  T
 =============================================
 =============================================
 using kappaQ =    1.0000000000000000     
 =============================================
 ===============================================
 LHAPDF
 ===============================================
 muF =   0.75000000000000000     
 x,g,d,u,c,b ->    1.0000000000000000E-003  -1946.7188362119650        193.65392448020998        215.45343338169462       -232.44880250974037       -3.9275443485779430E-007
 x,g,d,u,c,b ->    1.0000000000000000E-002  -33.572759607837348        20.822542489995783        24.238544662659240       -14.765808725465737        2.8827594666977077E-008
 x,g,d,u,c,b ->    5.0000000000000003E-002   24.943211695175975        6.9723757839147922        8.9139191254913506       -1.4503291516688024        5.9670310942199226E-010
 x,g,d,u,c,b ->   0.10000000000000001        13.006160201155895        4.3425339642863108        6.0745268435492328      -0.35293589390943081       -5.0373330706952203E-009
 muF =    1.0000000000000000     
 x,g,d,u,c,b ->    1.0000000000000000E-003  -1332.0103247242266        259.22596396884558        282.32376384155822       -160.74315669104516       -3.9275443485779425E-007
 x,g,d,u,c,b ->    1.0000000000000000E-002   70.782262791614059        26.300102655708500        30.347201980309919       -9.3349123610171887        2.8827594666977071E-008
LHAPDF 6.4.0 loading /cvmfs/cms.cern.ch/slc7_amd64_gcc10/external/lhapdf/6.4.0-f99dd75eb8675a339d8b05f6184e6d59/share/LHAPDF/NNPDF31_nnlo_hessian_pdfas/NNPDF31_nnlo_hessian_pdfas_0055.dat
NNPDF31_nnlo_hessian_pdfas PDF set, member #55, version 1; LHAPDF ID = 306055
 x,g,d,u,c,b ->    5.0000000000000003E-002   31.904587721025575        7.5640642193127032        9.7893261604769535      -0.83631068269168107        5.9670310942199226E-010
 x,g,d,u,c,b ->   0.10000000000000001        14.739111766412380        4.3699533592210109        6.2727694043707087      -0.19572269620191174       -5.0373330706952203E-009
 muF =    2.0000000000000000     
 x,g,d,u,c,b ->    1.0000000000000000E-003   3403.8406046185651        475.27240371101379        501.37771641377913        66.155680495382484        3.4017877735924465E-007
 x,g,d,u,c,b ->    1.0000000000000000E-002   339.17820874433448        38.757016610025453        44.147367558134995        2.9575508286590129       -5.2217167807410295E-008
 x,g,d,u,c,b ->    5.0000000000000003E-002   45.880432110789911        8.4746896026000389        11.226476878442320       0.20883553504380614       -4.8248115575891932E-009
 x,g,d,u,c,b ->   0.10000000000000001        14.679836413945907        4.3029696930331029        6.4680361030766287        5.0636608266130118E-002  -6.0684019645965425E-009
 muF =    5.0000000000000000     
 x,g,d,u,c,b ->    1.0000000000000000E-003   11047.398210113375        761.28550498428649        790.31078996361555        359.76399128365819        3.1159031660431298     
 x,g,d,u,c,b ->    1.0000000000000000E-002   562.38365742786675        49.914313555192578        56.442169175162547        13.974746888932629       0.28659308555109186     
 x,g,d,u,c,b ->    5.0000000000000003E-002   49.701105358703416        8.9271205014997275        12.049122810674953       0.86697954320325421        2.5465877152023319E-002
 x,g,d,u,c,b ->   0.10000000000000001        13.083736056585593        4.1362575989505270        6.4358020393451687       0.18450330768305964        6.0087420885887545E-003
 muF =    91.000000000000000     
 x,g,d,u,c,b ->    1.0000000000000000E-003   29178.826166228475        1556.9068074199092        1592.3232624188799        1166.8750303143563        844.99938782905485     
 x,g,d,u,c,b ->    1.0000000000000000E-002   807.35594767725581        69.449771435328088        78.064234341009396        33.423432339325288        22.618795715218109     
 x,g,d,u,c,b ->    5.0000000000000003E-002   42.692134660098020        9.0771862014510383        12.697219690758745        1.5912671922681012        1.0266996955861687     
 x,g,d,u,c,b ->   0.10000000000000001        8.8429408645030261        3.6426618373540114        6.0121146800340597       0.29814783204096629       0.18316851764410066     
 ===============================
 =============================================
 Using profiled scales: (Q0,npow) =    1.3909849999999999        1.0000000000000000     
 =============================================
 Performing backward evolution from scale Q =    1.8149999999999999      , with nf =            4
 Quark thresholds at    0.0000000000000000        4.9199999999999999        10000000000.000000     
 init_pdfs_NNLOPS: set_pdfs_to_zero_when_negative flag set to  F
 initialization of PDFs, hoppet interface, using init_pdfs_NNLOPS: pdf_q2min =    2.7224999999999997     
 RM48 INITIALIZED:         1    16727942         0
 RM48IN SKIPPING OVER        16727942
 =============================================
 using modlog_p =    6.0000000000000000     
 =============================================
 freezing of alphas in setlocalscales at [GeV]    0.0000000000000000     
 freezing of PDF evolution in setlocalscales at [GeV]   1.8149999999999999     
 =========================
 *MINNLO* ACTIVATED
 =========================
 include_delta_terms is  F
 distribute_by_ub is  T
 distribute_by_ub_AP is  T
 =============================================
 flg_dtermsallorders =  T
 =============================================
 =============================================
 using kappaQ =    1.0000000000000000     
 =============================================
 ===============================================
 LHAPDF
 ===============================================
 muF =   0.75000000000000000     
 x,g,d,u,c,b ->    1.0000000000000000E-003  -1855.6265031304604        191.56124125252785        216.48242641106168       -233.91388987623816        2.3202694466840529E-007
LHAPDF 6.4.0 loading /cvmfs/cms.cern.ch/slc7_amd64_gcc10/external/lhapdf/6.4.0-f99dd75eb8675a339d8b05f6184e6d59/share/LHAPDF/NNPDF31_nnlo_hessian_pdfas/NNPDF31_nnlo_hessian_pdfas_0056.dat
NNPDF31_nnlo_hessian_pdfas PDF set, member #56, version 1; LHAPDF ID = 306056
 x,g,d,u,c,b ->    1.0000000000000000E-002  -34.269081818365564        20.967840553510523        23.896221644235350       -14.722680200413496        5.5826893402784892E-009
 x,g,d,u,c,b ->    5.0000000000000003E-002   23.686880385491531        6.9888182718372898        8.9343114004996202       -1.4518298634884010       -1.5862577768816258E-010
 x,g,d,u,c,b ->   0.10000000000000001        13.502184803974215        4.3303123460380837        6.0750159745632288      -0.35584826711070700       -6.5100920848281035E-009
 muF =    1.0000000000000000     
 x,g,d,u,c,b ->    1.0000000000000000E-003  -1348.8368480761865        257.53011538384055        283.22806673850351       -161.91882708509388        2.3202694466840521E-007
 x,g,d,u,c,b ->    1.0000000000000000E-002   69.299545251759980        26.441587988610650        30.045064315701875       -9.2801152947146477        5.5826893402784892E-009
 x,g,d,u,c,b ->    5.0000000000000003E-002   32.000090115936516        7.5745429248745788        9.8069970723502440      -0.83678950043381450       -1.5862577768816258E-010
 x,g,d,u,c,b ->   0.10000000000000001        14.700300441138474        4.3565165328625826        6.2727470539501002      -0.19638624426039619       -6.5100920848281035E-009
 muF =    2.0000000000000000     
 x,g,d,u,c,b ->    1.0000000000000000E-003   3393.5562595103729        474.05366063542613        501.77097816474623        65.293017687870261        4.0272478534935100E-007
 x,g,d,u,c,b ->    1.0000000000000000E-002   338.90130629441387        38.883948565782752        43.918160934525467        3.0181892518825251       -1.7280061470929920E-008
 x,g,d,u,c,b ->    5.0000000000000003E-002   46.020766462101797        8.4763566828826740        11.239128053063574       0.21124174445278898       -1.6161995356918590E-009
 x,g,d,u,c,b ->   0.10000000000000001        14.602845057229437        4.2891045034477822        6.4660812811941391        5.2690545682264826E-002  -2.1916232165907691E-009
 muF =    5.0000000000000000     
 x,g,d,u,c,b ->    1.0000000000000000E-003   11047.390738783964        760.40331951394410        790.32864973324206        359.12996178182067        3.1175535332806472     
 x,g,d,u,c,b ->    1.0000000000000000E-002   562.46608540515967        50.030275747291050        56.268113962484108        14.033517316587899       0.28671785834824953     
 x,g,d,u,c,b ->    5.0000000000000003E-002   49.766645558514718        8.9236861170740180        12.057835541483524       0.86928673221125774        2.5475963426357058E-002
 x,g,d,u,c,b ->   0.10000000000000001        13.063748725098755        4.1231653877833745        6.4325459379123346       0.18771532803164537        6.0079995135749326E-003
 muF =    91.000000000000000     
 x,g,d,u,c,b ->    1.0000000000000000E-003   29180.801002980752        1556.5462241275134        1591.7989036245544        1166.5027614747194        845.02118674471842     
 x,g,d,u,c,b ->    1.0000000000000000E-002   807.45605585136991        69.545342653357565        77.962188610922226        33.471225291255465        22.620188872874273     
 x,g,d,u,c,b ->    5.0000000000000003E-002   42.689797173474368        9.0671727831937154        12.699506718028772        1.5948455074234393        1.0263456280236667     
 x,g,d,u,c,b ->   0.10000000000000001        8.8435662582885008        3.6325632871230820        6.0073194575701709       0.30186164717812630       0.18320651089022916     
 ===============================
 =============================================
 Using profiled scales: (Q0,npow) =    1.3909849999999999        1.0000000000000000     
 =============================================
 Performing backward evolution from scale Q =    1.8149999999999999      , with nf =            4
 Quark thresholds at    0.0000000000000000        4.9199999999999999        10000000000.000000     
 init_pdfs_NNLOPS: set_pdfs_to_zero_when_negative flag set to  F
 initialization of PDFs, hoppet interface, using init_pdfs_NNLOPS: pdf_q2min =    2.7224999999999997     
 RM48 INITIALIZED:         1    16727942         0
 RM48IN SKIPPING OVER        16727942
 =============================================
 using modlog_p =    6.0000000000000000     
 =============================================
 freezing of alphas in setlocalscales at [GeV]    0.0000000000000000     
 freezing of PDF evolution in setlocalscales at [GeV]   1.8149999999999999     
 =========================
 *MINNLO* ACTIVATED
 =========================
 include_delta_terms is  F
 distribute_by_ub is  T
 distribute_by_ub_AP is  T
 =============================================
 flg_dtermsallorders =  T
 =============================================
 =============================================
 using kappaQ =    1.0000000000000000     
 =============================================
 ===============================================
 LHAPDF
 ===============================================
 muF =   0.75000000000000000     
 x,g,d,u,c,b ->    1.0000000000000000E-003  -1904.8952017346521        193.85940384833236        217.22052651139148       -232.85610907969198        5.4398021016136592E-007
 x,g,d,u,c,b ->    1.0000000000000000E-002  -33.593966526159733        21.078712495238786        24.353403575156264       -14.847069520990406       -9.2418008490710277E-009
 x,g,d,u,c,b ->    5.0000000000000003E-002   26.318652420555502        6.9605959797909795        8.8763613976454074       -1.4388696931310407        5.5672032893367035E-010
 x,g,d,u,c,b ->   0.10000000000000001        12.989683033940379        4.3744538180476438        6.0845853425335514      -0.35852650857871554       -7.6593569519681966E-009
 muF =    1.0000000000000000     
 x,g,d,u,c,b ->    1.0000000000000000E-003  -1338.9892851674354        259.49521210782495        283.92428944962148       -161.09244074642365        5.4398021016136581E-007
 x,g,d,u,c,b ->    1.0000000000000000E-002   69.736862586057768        26.541731576955137        30.449767301739016       -9.4032837535110172       -9.2418008490710261E-009
 x,g,d,u,c,b ->    5.0000000000000003E-002   32.004421392559173        7.5634068178202494        9.7642568279283957      -0.82512246214395124        5.5672032893367035E-010
 x,g,d,u,c,b ->   0.10000000000000001        14.661718268452415        4.3965225671016617        6.2835255257279554      -0.19995450193392744       -7.6593569519681999E-009
 muF =    2.0000000000000000     
 x,g,d,u,c,b ->    1.0000000000000000E-003   3399.1974438363054        475.48024122697313        502.49274701614598        65.836155684688890        5.4968241626934066E-007
 x,g,d,u,c,b ->    1.0000000000000000E-002   338.87212499057131        38.958496857824812        44.216484972548599        2.9117419302091072       -2.5369680604174134E-008
 x,g,d,u,c,b ->    5.0000000000000003E-002   45.941912540271751        8.4873887474822638        11.217879500728438       0.21673709233472455       -8.4129651978618621E-010
 x,g,d,u,c,b ->   0.10000000000000001        14.638946949712851        4.3205634918996028        6.4763235640631365        4.8086641590370884E-002  -2.8833732014311775E-009
 muF =    5.0000000000000000     
 x,g,d,u,c,b ->    1.0000000000000000E-003   11047.269761959460        761.43601178510687        791.05609904741061        359.48152551418207        3.1161475306270141     
 x,g,d,u,c,b ->    1.0000000000000000E-002   562.37793816063561        50.082582744453063        56.485074136411846        13.947594246125044       0.28666487529819723     
 x,g,d,u,c,b ->    5.0000000000000003E-002   49.746748834656614        8.9454485558801604        12.048245662377674       0.87176754612646967        2.5481521372798854E-002
 x,g,d,u,c,b ->   0.10000000000000001        13.064694112633150        4.1478249963841174        6.4413240765227693       0.18311668338919593        6.0033243743746459E-003
 muF =    91.000000000000000     
 x,g,d,u,c,b ->    1.0000000000000000E-003   29179.881602048990        1557.0184752700168        1592.5832475749664        1166.5820228689336        845.00941856920338     
 x,g,d,u,c,b ->    1.0000000000000000E-002   807.39598269717180        69.561487670211619        78.058989079075772        33.418848612606460        22.619418230642594     
 x,g,d,u,c,b ->    5.0000000000000003E-002   42.693060617292623        9.0960834942278126        12.701255956532327        1.5931096227020280        1.0264255261489612     
LHAPDF 6.4.0 loading /cvmfs/cms.cern.ch/slc7_amd64_gcc10/external/lhapdf/6.4.0-f99dd75eb8675a339d8b05f6184e6d59/share/LHAPDF/NNPDF31_nnlo_hessian_pdfas/NNPDF31_nnlo_hessian_pdfas_0057.dat
NNPDF31_nnlo_hessian_pdfas PDF set, member #57, version 1; LHAPDF ID = 306057
 x,g,d,u,c,b ->   0.10000000000000001        8.8380376964118170        3.6463195955551435        6.0133902107974935       0.29824666364325975       0.18303497981921527     
 ===============================
 =============================================
 Using profiled scales: (Q0,npow) =    1.3909849999999999        1.0000000000000000     
 =============================================
 Performing backward evolution from scale Q =    1.8149999999999999      , with nf =            4
 Quark thresholds at    0.0000000000000000        4.9199999999999999        10000000000.000000     
 init_pdfs_NNLOPS: set_pdfs_to_zero_when_negative flag set to  F
 initialization of PDFs, hoppet interface, using init_pdfs_NNLOPS: pdf_q2min =    2.7224999999999997     
 RM48 INITIALIZED:         1    16727942         0
 RM48IN SKIPPING OVER        16727942
 =============================================
 using modlog_p =    6.0000000000000000     
 =============================================
 freezing of alphas in setlocalscales at [GeV]    0.0000000000000000     
 freezing of PDF evolution in setlocalscales at [GeV]   1.8149999999999999     
 =========================
 *MINNLO* ACTIVATED
 =========================
 include_delta_terms is  F
 distribute_by_ub is  T
 distribute_by_ub_AP is  T
 =============================================
 flg_dtermsallorders =  T
 =============================================
 =============================================
 using kappaQ =    1.0000000000000000     
 =============================================
 ===============================================
 LHAPDF
 ===============================================
 muF =   0.75000000000000000     
 x,g,d,u,c,b ->    1.0000000000000000E-003  -1901.3937475383175        191.40942984162942        215.45547360513234       -232.84723573244710       -5.8542987419417880E-007
 x,g,d,u,c,b ->    1.0000000000000000E-002  -31.080758318646350        21.002581855654078        24.197335110284168       -14.878495055883898       -8.7500730622933216E-009
 x,g,d,u,c,b ->    5.0000000000000003E-002   25.932042646436638        6.9957933610511747        8.9119459399874792       -1.4647014485587444        4.6806629547138806E-009
 x,g,d,u,c,b ->   0.10000000000000001        13.419167970148434        4.3516691579552536        6.0863707042590951      -0.36145595858599755       -5.2588082135735874E-009
 muF =    1.0000000000000000     
 x,g,d,u,c,b ->    1.0000000000000000E-003  -1340.5325444945070        257.28795387777814        282.18672594900244       -161.04445007286114       -5.8542987419417880E-007
 x,g,d,u,c,b ->    1.0000000000000000E-002   70.503849073197060        26.470011077323164        30.299301743448837       -9.4378439621829351       -8.7500730622933199E-009
 x,g,d,u,c,b ->    5.0000000000000003E-002   31.631151744562501        7.5875466981151183        9.7919382937667248      -0.84826166330751962        4.6806629547138781E-009
 x,g,d,u,c,b ->   0.10000000000000001        14.932518139382491        4.3761180838949221        6.2828054681386369      -0.20141583277629049       -5.2588082135735866E-009
 muF =    2.0000000000000000     
 x,g,d,u,c,b ->    1.0000000000000000E-003   3398.0356469739318        473.79651360352551        500.94071467878854        65.930777053802373        1.0093275301155289E-007
 x,g,d,u,c,b ->    1.0000000000000000E-002   338.86693084658936        38.908765057782659        44.094118257035163        2.8640199503805048        3.2070955344541450E-009
 x,g,d,u,c,b ->    5.0000000000000003E-002   45.781151949080318        8.4952938563291660        11.233802876011746       0.19921903063610474       -1.0362257776458649E-009
 x,g,d,u,c,b ->   0.10000000000000001        14.731250723536368        4.3027560331960411        6.4746300077114443        4.7937870025733534E-002  -5.0660595345304599E-009
 muF =    5.0000000000000000     
 x,g,d,u,c,b ->    1.0000000000000000E-003   11047.125643170608        760.15007651289045        789.69580299348854        359.58089964521275        3.1161645528682524     
 x,g,d,u,c,b ->    1.0000000000000000E-002   562.26916929838615        50.055159675460004        56.394462865912942        13.886700975894694       0.28659872495892197     
LHAPDF 6.4.0 loading /cvmfs/cms.cern.ch/slc7_amd64_gcc10/external/lhapdf/6.4.0-f99dd75eb8675a339d8b05f6184e6d59/share/LHAPDF/NNPDF31_nnlo_hessian_pdfas/NNPDF31_nnlo_hessian_pdfas_0058.dat
NNPDF31_nnlo_hessian_pdfas PDF set, member #58, version 1; LHAPDF ID = 306058
 x,g,d,u,c,b ->    5.0000000000000003E-002   49.708062242983750        8.9444470631128272        12.058244028426854       0.85900540930620062        2.5489204418026334E-002
 x,g,d,u,c,b ->   0.10000000000000001        13.082532975438454        4.1324201787364361        6.4398595015208713       0.18345006456131707        5.9966723278278714E-003
 muF =    91.000000000000000     
 x,g,d,u,c,b ->    1.0000000000000000E-003   29180.680992105485        1556.3676137987261        1591.5912999751297        1166.6364961596441        845.02508284853059     
 x,g,d,u,c,b ->    1.0000000000000000E-002   807.38359578771417        69.571808855018290        78.024615494424665        33.349524097870130        22.619889532413119     
 x,g,d,u,c,b ->    5.0000000000000003E-002   42.708889266575625        9.0859076944262949        12.705071922040453        1.5858788792915952        1.0268537423947908     
 x,g,d,u,c,b ->   0.10000000000000001        8.8309080755535572        3.6356219466111077        6.0126694899859574       0.29862789433285181       0.18285837043555497     
 ===============================
 =============================================
 Using profiled scales: (Q0,npow) =    1.3909849999999999        1.0000000000000000     
 =============================================
 Performing backward evolution from scale Q =    1.8149999999999999      , with nf =            4
 Quark thresholds at    0.0000000000000000        4.9199999999999999        10000000000.000000     
 init_pdfs_NNLOPS: set_pdfs_to_zero_when_negative flag set to  F
 initialization of PDFs, hoppet interface, using init_pdfs_NNLOPS: pdf_q2min =    2.7224999999999997     
 RM48 INITIALIZED:         1    16727942         0
 RM48IN SKIPPING OVER        16727942
 =============================================
 using modlog_p =    6.0000000000000000     
 =============================================
 freezing of alphas in setlocalscales at [GeV]    0.0000000000000000     
 freezing of PDF evolution in setlocalscales at [GeV]   1.8149999999999999     
 =========================
 *MINNLO* ACTIVATED
 =========================
 include_delta_terms is  F
 distribute_by_ub is  T
 distribute_by_ub_AP is  T
 =============================================
 flg_dtermsallorders =  T
 =============================================
 =============================================
 using kappaQ =    1.0000000000000000     
 =============================================
 ===============================================
 LHAPDF
 ===============================================
 muF =   0.75000000000000000     
 x,g,d,u,c,b ->    1.0000000000000000E-003  -1870.4239303181332        193.02314055985195        216.37508893476220       -233.79678454209858        8.9009968573555534E-007
 x,g,d,u,c,b ->    1.0000000000000000E-002  -32.668272157756611        20.982002373881667        24.216215307915853       -14.843490793372050        1.0196054758530571E-008
 x,g,d,u,c,b ->    5.0000000000000003E-002   26.894621975153097        6.9794052075395570        8.9178846246661738       -1.4844103924263299        2.8066226570851287E-009
 x,g,d,u,c,b ->   0.10000000000000001        12.987370662391751        4.3500685550039320        6.0959102820363569      -0.37678976474300718       -4.6833980476064453E-009
 muF =    1.0000000000000000     
 x,g,d,u,c,b ->    1.0000000000000000E-003  -1343.4859998679697        258.62492870110952        282.97327685451069       -161.84416593162663        8.9009968573555513E-007
 x,g,d,u,c,b ->    1.0000000000000000E-002   69.029653129817916        26.472600131876945        30.343735473725712       -9.4130228124171271        1.0196054758530571E-008
 x,g,d,u,c,b ->    5.0000000000000003E-002   32.023445218265962        7.5765672246109865        9.8029025680887063      -0.86694356601478539        2.8066226570851291E-009
 x,g,d,u,c,b ->   0.10000000000000001        14.641977227262975        4.3763967937047594        6.2900915734989979      -0.21587713456592400       -4.6833980476064453E-009
 muF =    2.0000000000000000     
 x,g,d,u,c,b ->    1.0000000000000000E-003   3395.4453767668338        474.52602581962327        501.34830380203397        65.340504760435337        4.0150595388916799E-008
LHAPDF 6.4.0 loading /cvmfs/cms.cern.ch/slc7_amd64_gcc10/external/lhapdf/6.4.0-f99dd75eb8675a339d8b05f6184e6d59/share/LHAPDF/NNPDF31_nnlo_hessian_pdfas/NNPDF31_nnlo_hessian_pdfas_0059.dat
NNPDF31_nnlo_hessian_pdfas PDF set, member #59, version 1; LHAPDF ID = 306059
 x,g,d,u,c,b ->    1.0000000000000000E-002   338.52345186812147        38.936244957706734        44.166498364910822        2.8732177686657021        7.8828133665707068E-009
 x,g,d,u,c,b ->    5.0000000000000003E-002   45.979190346105106        8.4901254771677550        11.247782836294812       0.18035688175776368       -9.0917359751142066E-009
 x,g,d,u,c,b ->   0.10000000000000001        14.629105407278290        4.3069078432515600        6.4788049747120153        3.6306751355819310E-002  -3.2062694346451217E-009
 muF =    5.0000000000000000     
 x,g,d,u,c,b ->    1.0000000000000000E-003   11047.062761214951        760.44111298485927        789.82093949729460        359.14306041438903        3.1169212540192732     
 x,g,d,u,c,b ->    1.0000000000000000E-002   562.29045607616001        50.089696527255420        56.475278630171964        13.888760982884401       0.28666982759033316     
 x,g,d,u,c,b ->    5.0000000000000003E-002   49.775308450623342        8.9414529862226928        12.070901953508418       0.84028308213509628        2.5494017871146166E-002
 x,g,d,u,c,b ->   0.10000000000000001        13.066387495699090        4.1381169797918869        6.4419830056499316       0.17406281458208184        6.0047511242169267E-003
 muF =    91.000000000000000     
 x,g,d,u,c,b ->    1.0000000000000000E-003   29180.993754678591        1556.0370234077106        1591.3089717459970        1166.4244991429377        845.03664327038348     
 x,g,d,u,c,b ->    1.0000000000000000E-002   807.47462155794028        69.602993505332549        78.102238160725506        33.334567453562777        22.621337913220245     
 x,g,d,u,c,b ->    5.0000000000000003E-002   42.703819445067822        9.0859377357905000        12.714048630463767        1.5696641986369431        1.0266092661601598     
 x,g,d,u,c,b ->   0.10000000000000001        8.8393940547382410        3.6414722983838543        6.0120031021674158       0.29266059828162316       0.18305049449553876     
 ===============================
 =============================================
 Using profiled scales: (Q0,npow) =    1.3909849999999999        1.0000000000000000     
 =============================================
 Performing backward evolution from scale Q =    1.8149999999999999      , with nf =            4
 Quark thresholds at    0.0000000000000000        4.9199999999999999        10000000000.000000     
 init_pdfs_NNLOPS: set_pdfs_to_zero_when_negative flag set to  F
 initialization of PDFs, hoppet interface, using init_pdfs_NNLOPS: pdf_q2min =    2.7224999999999997     
 RM48 INITIALIZED:         1    16727942         0
 RM48IN SKIPPING OVER        16727942
 =============================================
 using modlog_p =    6.0000000000000000     
 =============================================
 freezing of alphas in setlocalscales at [GeV]    0.0000000000000000     
 freezing of PDF evolution in setlocalscales at [GeV]   1.8149999999999999     
 =========================
 *MINNLO* ACTIVATED
 =========================
 include_delta_terms is  F
 distribute_by_ub is  T
 distribute_by_ub_AP is  T
 =============================================
 flg_dtermsallorders =  T
 =============================================
 =============================================
 using kappaQ =    1.0000000000000000     
 =============================================
 ===============================================
 LHAPDF
 ===============================================
 muF =   0.75000000000000000     
 x,g,d,u,c,b ->    1.0000000000000000E-003  -1871.4319139689815        193.04211181139777        216.28554448056605       -233.55780613664294        3.9318410884108387E-007
 x,g,d,u,c,b ->    1.0000000000000000E-002  -33.767956850645604        20.643904778447965        24.285992411440080       -14.826460742634392        2.2432056964995841E-008
 x,g,d,u,c,b ->    5.0000000000000003E-002   26.821422494493898        7.0222991764209342        8.8835222557153273       -1.4439482025506569       -1.0319581441601883E-009
 x,g,d,u,c,b ->   0.10000000000000001        12.724382653418834        4.3650407697791049        6.0659052853659166      -0.35425369604269130       -8.5954221276058980E-009
