      0.300000  -1.11149671E-03   6.37899917E-06
      0.300512  -1.11707742E-03   6.42141897E-06
      0.301024  -1.12266804E-03   6.46393304E-06
      0.301537  -1.12826796E-03   6.50653859E-06
      0.302052  -1.13387732E-03   6.54923533E-06
      0.302567  -1.13949645E-03   6.59202552E-06
      0.303083  -1.14512502E-03   6.63490631E-06
      0.303599  -1.15076336E-03   6.67787998E-06
      0.304117  -1.15641113E-03   6.72094378E-06
      0.304636  -1.16206857E-03   6.76409992E-06
      0.305155  -1.16773590E-03   6.80734819E-06
      0.305675  -1.17341254E-03   6.85068579E-06
      0.306197  -1.17883692E-03   6.89643409E-06
      0.306719  -1.18383672E-03   6.94609491E-06
      0.307242  -1.18884479E-03   6.99584155E-06
      0.307766  -1.19386183E-03   7.04567968E-06
      0.308291  -1.19888724E-03   7.09560685E-06
      0.308816  -1.20392139E-03   7.14562292E-06
      0.309343  -1.20865577E-03   7.20522327E-06
      0.309870  -1.21323299E-03   7.27025896E-06
      0.310399  -1.21781800E-03   7.33568939E-06
      0.310928  -1.22241070E-03   7.40150926E-06
      0.311458  -1.22701144E-03   7.46771589E-06
      0.311989  -1.23161997E-03   7.53430013E-06
      0.312521  -1.23623642E-03   7.60125965E-06
      0.313054  -1.24086044E-03   7.66858162E-06
      0.313588  -1.24549272E-03   7.73627167E-06
      0.314123  -1.25013280E-03   7.80431774E-06
      0.314659  -1.25478057E-03   7.87271427E-06
      0.315195  -1.25936419E-03   7.92294353E-06
      0.315733  -1.26382895E-03   7.94095363E-06
      0.316271  -1.26830151E-03   7.95909006E-06
      0.316810  -1.27278140E-03   7.97735108E-06
      0.317351  -1.27726921E-03   7.99573903E-06
      0.317892  -1.28176447E-03   8.01425173E-06
      0.318434  -1.28626742E-03   8.03288959E-06
      0.318977  -1.29077805E-03   8.05165285E-06
      0.319521  -1.29529636E-03   8.07054135E-06
      0.320066  -1.29982247E-03   8.08955537E-06
      0.320611  -1.30435615E-03   8.10869373E-06
      0.321158  -1.30889774E-03   8.12795733E-06
      0.321706  -1.31344690E-03   8.14734537E-06
      0.322254  -1.31800387E-03   8.16685779E-06
      0.322804  -1.32256874E-03   8.18649483E-06
      0.323354  -1.32714119E-03   8.20625581E-06
      0.323906  -1.33172167E-03   8.22614190E-06
      0.324458  -1.33630971E-03   8.24615160E-06
      0.325011  -1.34090579E-03   8.26628516E-06
      0.325566  -1.34550966E-03   8.28654245E-06
      0.326121  -1.35015871E-03   8.31074624E-06
      0.326677  -1.35495048E-03   8.34881096E-06
      0.327234  -1.35975063E-03   8.38694820E-06
      0.327792  -1.36455882E-03   8.42516041E-06
      0.328351  -1.36937504E-03   8.46344294E-06
      0.328911  -1.37419975E-03   8.50180148E-06
      0.329472  -1.37903239E-03   8.54023109E-06
      0.330033  -1.38387352E-03   8.57873569E-06
      0.330596  -1.38872291E-03   8.61731322E-06
      0.331160  -1.39351096E-03   8.66441466E-06
      0.331725  -1.39813113E-03   8.73295943E-06
      0.332290  -1.40275946E-03   8.80162663E-06
      0.332857  -1.40739558E-03   8.87041239E-06
      0.333425  -1.41203974E-03   8.93932043E-06
      0.333993  -1.41669146E-03   9.00834307E-06
      0.334563  -1.42135145E-03   9.07749087E-06
      0.335133  -1.42601936E-03   9.14675785E-06
      0.335705  -1.43069518E-03   9.21614697E-06
      0.336277  -1.43620442E-03   9.25575115E-06
      0.336851  -1.44260412E-03   9.26352405E-06
      0.337425  -1.44901488E-03   9.27132919E-06
      0.338000  -1.45543658E-03   9.27916669E-06
      0.338577  -1.46186922E-03   9.28703478E-06
      0.339154  -1.46831258E-03   9.29493514E-06
      0.339732  -1.47476722E-03   9.30286818E-06
      0.340312  -1.48123282E-03   9.31083202E-06
      0.340892  -1.48770935E-03   9.31882926E-06
      0.341473  -1.49394805E-03   9.32818447E-06
      0.342056  -1.50014088E-03   9.33794855E-06
      0.342639  -1.50634372E-03   9.34782493E-06
      0.343223  -1.51255738E-03   9.35781564E-06
      0.343809  -1.51878176E-03   9.36791994E-06
      0.344395  -1.52501673E-03   9.37813849E-06
      0.344982  -1.53126242E-03   9.38847099E-06
      0.345570  -1.53751858E-03   9.39891722E-06
      0.346160  -1.54377986E-03   9.40596960E-06
      0.346750  -1.55003660E-03   9.40361722E-06
      0.347341  -1.55630452E-03   9.40127028E-06
      0.347933  -1.56258279E-03   9.39893110E-06
      0.348527  -1.56887178E-03   9.39659902E-06
      0.349121  -1.57517160E-03   9.39427409E-06
      0.349716  -1.58148212E-03   9.39195553E-06
      0.350313  -1.58780336E-03   9.38964512E-06
      0.350910  -1.59413530E-03   9.38734120E-06
      0.351509  -1.60047831E-03   9.38504485E-06
      0.352108  -1.60684914E-03   9.38603296E-06
      0.352708  -1.61331054E-03   9.40198754E-06
      0.353310  -1.61978311E-03   9.41798676E-06
      0.353912  -1.62626628E-03   9.43402847E-06
      0.354516  -1.63276098E-03   9.45011513E-06
      0.355120  -1.63926627E-03   9.46624427E-06
      0.355726  -1.64578320E-03   9.48241836E-06
      0.356332  -1.65215402E-03   9.48318589E-06
      0.356940  -1.65840599E-03   9.47121287E-06
      0.357549  -1.66466902E-03   9.45923351E-06
      0.358158  -1.67094253E-03   9.44725124E-06
      0.358769  -1.67722662E-03   9.43526440E-06
      0.359381  -1.68352155E-03   9.42327244E-06
      0.359994  -1.68982719E-03   9.41127720E-06
      0.360608  -1.69614365E-03   9.39927791E-06
      0.361223  -1.70247222E-03   9.39383190E-06
      0.361839  -1.70881336E-03   9.39997878E-06
      0.362456  -1.71516545E-03   9.40616475E-06
      0.363074  -1.72152836E-03   9.41239146E-06
      0.363693  -1.72790198E-03   9.41865892E-06
      0.364313  -1.73428666E-03   9.42496583E-06
      0.364934  -1.74068206E-03   9.43131367E-06
      0.365557  -1.74708851E-03   9.43770200E-06
      0.366180  -1.75353989E-03   9.44801364E-06
      0.366804  -1.76008593E-03   9.46795731E-06
      0.367430  -1.76664325E-03   9.48796282E-06
      0.368056  -1.77321152E-03   9.50802719E-06
      0.368684  -1.77979132E-03   9.52815373E-06
      0.369313  -1.78638205E-03   9.54834000E-06
      0.369942  -1.79298397E-03   9.56858620E-06
      0.370573  -1.79959752E-03   9.58889457E-06
      0.371205  -1.80621003E-03   9.61620747E-06
      0.371838  -1.81280903E-03   9.65805461E-06
      0.372472  -1.81941921E-03   9.69998554E-06
      0.373107  -1.82604056E-03   9.74199914E-06
      0.373744  -1.83267321E-03   9.78409549E-06
      0.374381  -1.83931726E-03   9.82627729E-06
      0.375019  -1.84597285E-03   9.86854293E-06
      0.375659  -1.85263949E-03   9.91089180E-06
      0.376299  -1.85954513E-03   9.94433427E-06
      0.376941  -1.86672260E-03   9.96757953E-06
      0.377584  -1.87391229E-03   9.99086565E-06
      0.378228  -1.88111444E-03   1.00141934E-05
      0.378873  -1.88832846E-03   1.00375609E-05
      0.379519  -1.89555495E-03   1.00609692E-05
      0.380166  -1.90282636E-03   1.00897932E-05
      0.380814  -1.91020418E-03   1.01342857E-05
      0.381464  -1.91759469E-03   1.01788723E-05
      0.382114  -1.92499754E-03   1.02235494E-05
      0.382766  -1.93241332E-03   1.02683221E-05
      0.383418  -1.93984155E-03   1.03131860E-05
      0.384072  -1.94728270E-03   1.03581443E-05
      0.384727  -1.95473642E-03   1.04031952E-05
      0.385383  -1.96229643E-03   1.04447270E-05
      0.386040  -1.96993654E-03   1.04837570E-05
      0.386699  -1.97758945E-03   1.05228533E-05
      0.387358  -1.98525540E-03   1.05620165E-05
      0.388019  -1.99293462E-03   1.06012471E-05
      0.388680  -2.00062688E-03   1.06405452E-05
      0.389343  -2.00826721E-03   1.06799661E-05
      0.390007  -2.01586005E-03   1.07195123E-05
      0.390672  -2.02346570E-03   1.07591266E-05
      0.391338  -2.03108462E-03   1.07988110E-05
      0.392005  -2.03871611E-03   1.08385626E-05
      0.392674  -2.04636110E-03   1.08783852E-05
      0.393344  -2.05401890E-03   1.09182780E-05
      0.394014  -2.06168788E-03   1.09581061E-05
      0.394686  -2.06927746E-03   1.09918040E-05
      0.395359  -2.07688054E-03   1.10255658E-05
      0.396033  -2.08449597E-03   1.10593879E-05
      0.396709  -2.09212489E-03   1.10932740E-05
      0.397385  -2.09976663E-03   1.11272208E-05
      0.398063  -2.10740604E-03   1.11614459E-05
      0.398742  -2.11491180E-03   1.11978640E-05
      0.399422  -2.12242990E-03   1.12343430E-05
      0.400103  -2.12996104E-03   1.12708848E-05
      0.400785  -2.13750498E-03   1.13074888E-05
      0.401468  -2.14506174E-03   1.13441557E-05
      0.402153  -2.15263129E-03   1.13808846E-05
      0.402839  -2.16021412E-03   1.14176781E-05
      0.403526  -2.16859672E-03   1.14640471E-05
      0.404214  -2.17723614E-03   1.15134225E-05
      0.404903  -2.18589022E-03   1.15628828E-05
      0.405594  -2.19455920E-03   1.16124274E-05
      0.406285  -2.20324262E-03   1.16620551E-05
      0.406978  -2.21194094E-03   1.17117697E-05
      0.407672  -2.22080597E-03   1.17624658E-05
      0.408367  -2.22969148E-03   1.18132855E-05
      0.409063  -2.23859213E-03   1.18642003E-05
      0.409761  -2.24750792E-03   1.19152103E-05
      0.410460  -2.25643907E-03   1.19663145E-05
      0.411160  -2.26522656E-03   1.20177876E-05
      0.411861  -2.27349089E-03   1.20702829E-05
      0.412563  -2.28176964E-03   1.21228696E-05
      0.413267  -2.29006261E-03   1.21755469E-05
      0.413971  -2.29836977E-03   1.22283166E-05
      0.414677  -2.30669067E-03   1.22811746E-05
      0.415384  -2.31502601E-03   1.23341244E-05
      0.416093  -2.32343096E-03   1.23859218E-05
      0.416802  -2.33221729E-03   1.24295301E-05
      0.417513  -2.34101899E-03   1.24732171E-05
      0.418225  -2.34983512E-03   1.25169824E-05
      0.418938  -2.35835044E-03   1.25589434E-05
      0.419653  -2.36620288E-03   1.25969391E-05
      0.420368  -2.37476313E-03   1.26470131E-05
      0.421085  -2.38399487E-03   1.27085352E-05
      0.421803  -2.39324267E-03   1.27701622E-05
      0.422522  -2.40250560E-03   1.28318922E-05
      0.423243  -2.41178460E-03   1.28937307E-05
      0.423964  -2.42107990E-03   1.29556762E-05
      0.424687  -2.43075914E-03   1.30191939E-05
      0.425412  -2.44047446E-03   1.30829051E-05
      0.426137  -2.45020608E-03   1.31467294E-05
      0.426864  -2.45995447E-03   1.32106706E-05
      0.427592  -2.46971939E-03   1.32747256E-05
      0.428321  -2.47933622E-03   1.33333517E-05
      0.429051  -2.48875911E-03   1.33850150E-05
      0.429783  -2.49819807E-03   1.34367713E-05
      0.430516  -2.50765332E-03   1.34886260E-05
      0.431250  -2.51712441E-03   1.35405745E-05
      0.431985  -2.52661179E-03   1.35926185E-05
      0.432722  -2.53645657E-03   1.36628977E-05
      0.433460  -2.54632579E-03   1.37336755E-05
      0.434199  -2.55621155E-03   1.38045759E-05
      0.434939  -2.56611407E-03   1.38755994E-05
      0.435681  -2.57603335E-03   1.39467462E-05
      0.436424  -2.58594379E-03   1.40100656E-05
      0.437168  -2.59585143E-03   1.40675047E-05
      0.437914  -2.60577607E-03   1.41250521E-05
      0.438660  -2.61571794E-03   1.41827089E-05
      0.439408  -2.62567634E-03   1.42404719E-05
      0.440158  -2.63578305E-03   1.42989285E-05
      0.440908  -2.64640059E-03   1.43596891E-05
      0.441660  -2.65703606E-03   1.44205598E-05
      0.442413  -2.66768993E-03   1.44815423E-05
      0.443168  -2.67836172E-03   1.45426357E-05
      0.443923  -2.68905191E-03   1.46038391E-05
      0.444680  -2.70014419E-03   1.46679265E-05
      0.445439  -2.71129818E-03   1.47324441E-05
      0.446198  -2.72247195E-03   1.47970884E-05
      0.446959  -2.73366412E-03   1.48618510E-05
      0.447721  -2.74487562E-03   1.49267369E-05
      0.448485  -2.75625871E-03   1.49936261E-05
      0.449249  -2.76774890E-03   1.50617296E-05
      0.450015  -2.77925935E-03   1.51299723E-05
      0.450783  -2.79078889E-03   1.51983509E-05
      0.451552  -2.80233822E-03   1.52668661E-05
      0.452322  -2.81404960E-03   1.53389783E-05
      0.453093  -2.82597914E-03   1.54160954E-05
      0.453865  -2.83792987E-03   1.54934147E-05
      0.454639  -2.84990040E-03   1.55709263E-05
      0.455415  -2.86189117E-03   1.56486320E-05
      0.456191  -2.87394156E-03   1.57268454E-05
      0.456969  -2.88613210E-03   1.58061928E-05
      0.457748  -2.89834314E-03   1.58857093E-05
      0.458529  -2.91057467E-03   1.59653943E-05
      0.459311  -2.92282738E-03   1.60452519E-05
      0.460094  -2.93519022E-03   1.61262631E-05
      0.460879  -2.94822897E-03   1.62146552E-05
      0.461665  -2.96129030E-03   1.63032249E-05
      0.462452  -2.97437329E-03   1.63919707E-05
      0.463240  -2.98747886E-03   1.64808969E-05
      0.464030  -3.00061284E-03   1.65705419E-05
      0.464822  -3.01393215E-03   1.66740503E-05
      0.465614  -3.02727427E-03   1.67778361E-05
      0.466408  -3.04063852E-03   1.68818905E-05
      0.467204  -3.05411359E-03   1.69856947E-05
      0.468000  -3.06786806E-03   1.70882174E-05
      0.468798  -3.08164582E-03   1.71909617E-05
      0.469598  -3.09544662E-03   1.72939265E-05
      0.470399  -3.10927141E-03   1.73971188E-05
      0.471201  -3.12297232E-03   1.75033417E-05
      0.472004  -3.13625485E-03   1.76182536E-05
      0.472809  -3.14956019E-03   1.77334574E-05
      0.473615  -3.16288788E-03   1.78489410E-05
      0.474423  -3.17623815E-03   1.79647100E-05
      0.475232  -3.18972324E-03   1.80862860E-05
      0.476042  -3.20350961E-03   1.82219713E-05
      0.476854  -3.21731903E-03   1.83580543E-05
      0.477667  -3.23115196E-03   1.84945332E-05
      0.478482  -3.24506615E-03   1.86414294E-05
      0.479298  -3.25904298E-03   1.87957553E-05
      0.480115  -3.27304401E-03   1.89506279E-05
      0.480934  -3.28706880E-03   1.91060344E-05
      0.481754  -3.30111757E-03   1.92619722E-05
      0.482575  -3.31554841E-03   1.94472540E-05
      0.483398  -3.33015714E-03   1.96459766E-05
      0.484222  -3.34479148E-03   1.98458825E-05
      0.485048  -3.35945003E-03   2.00469367E-05
      0.485875  -3.37413349E-03   2.02491249E-05
      0.486704  -3.38877109E-03   2.04695301E-05
      0.487534  -3.40342056E-03   2.06943323E-05
      0.488365  -3.41809541E-03   2.09205051E-05
      0.489198  -3.43312114E-03   2.11255272E-05
      0.490032  -3.44922161E-03   2.12590120E-05
      0.490868  -3.46534979E-03   2.13927338E-05
      0.491705  -3.48150544E-03   2.15266925E-05
      0.492543  -3.49768833E-03   2.16608828E-05
      0.493383  -3.51435109E-03   2.17787572E-05
      0.494224  -3.53158358E-03   2.18772857E-05
      0.495067  -3.54884472E-03   2.19762639E-05
      0.495911  -3.56613589E-03   2.20756987E-05
      0.496757  -3.58256977E-03   2.21583054E-05
      0.497604  -3.59892799E-03   2.22396327E-05
      0.498453  -3.61531414E-03   2.23217162E-05
      0.499303  -3.63172777E-03   2.24045486E-05
      0.500154  -3.64864897E-03   2.25028104E-05
      0.501007  -3.66776832E-03   2.26679937E-05
      0.501861  -3.68691981E-03   2.28334596E-05
      0.502717  -3.70610459E-03   2.29992199E-05
      0.503574  -3.72532150E-03   2.31652627E-05
      0.504433  -3.74457194E-03   2.33315982E-05
      0.505293  -3.76385427E-03   2.34982159E-05
      0.506155  -3.78317013E-03   2.36651282E-05
      0.507018  -3.80251952E-03   2.38323327E-05
      0.507883  -3.82190081E-03   2.39998194E-05
      0.508749  -3.84131540E-03   2.41675988E-05
      0.509616  -3.86076351E-03   2.43356723E-05
      0.510485  -3.88024375E-03   2.45040268E-05
      0.511356  -3.89975868E-03   2.46726868E-05
      0.512228  -3.91930575E-03   2.48416282E-05
      0.513101  -3.93888727E-03   2.50108740E-05
      0.513976  -3.95850092E-03   2.51804015E-05
      0.514853  -3.97814810E-03   2.53502211E-05
      0.515730  -3.99783021E-03   2.55203455E-05
      0.516610  -4.01754444E-03   2.56907504E-05
      0.517491  -4.03729314E-03   2.58614604E-05
      0.518373  -4.05707490E-03   2.60324624E-05
      0.519257  -4.07689065E-03   2.62037573E-05
      0.520143  -4.09692014E-03   2.63648950E-05
      0.521030  -4.11791541E-03   2.64718681E-05
      0.521918  -4.13894886E-03   2.65791875E-05
      0.522808  -4.16001631E-03   2.66868313E-05
      0.523700  -4.18112008E-03   2.67948155E-05
      0.524593  -4.20226110E-03   2.69031355E-05
      0.525487  -4.22343705E-03   2.70117836E-05
      0.526383  -4.24464978E-03   2.71207686E-05
      0.527281  -4.26589744E-03   2.72300788E-05
      0.528180  -4.28718189E-03   2.73397235E-05
      0.529081  -4.30850359E-03   2.74497010E-05
      0.529983  -4.32985974E-03   2.75600014E-05
      0.530887  -4.35125316E-03   2.76706326E-05
      0.531792  -4.37268335E-03   2.77815917E-05
      0.532699  -4.39415127E-03   2.78928877E-05
      0.533607  -4.41565458E-03   2.80045031E-05
      0.534517  -4.43719467E-03   2.81164452E-05
      0.535429  -4.45877109E-03   2.82287133E-05
      0.536342  -4.48038429E-03   2.83413046E-05
      0.537256  -4.50203475E-03   2.84542218E-05
      0.538172  -4.52372152E-03   2.85674602E-05
      0.539090  -4.54544602E-03   2.86810277E-05
      0.540009  -4.56723757E-03   2.87942165E-05
      0.540930  -4.59198840E-03   2.88391487E-05
      0.541853  -4.61678114E-03   2.88842114E-05
      0.542777  -4.64161672E-03   2.89294085E-05
      0.543702  -4.66649607E-03   2.89747411E-05
      0.544629  -4.69141500E-03   2.90202013E-05
      0.545558  -4.71637910E-03   2.90657999E-05
      0.546488  -4.74138465E-03   2.91115296E-05
      0.547420  -4.76643210E-03   2.91573914E-05
      0.548354  -4.79152240E-03   2.92033888E-05
      0.549289  -4.81665647E-03   2.92495218E-05
      0.550225  -4.84183338E-03   2.92957879E-05
      0.551164  -4.86705219E-03   2.93421862E-05
      0.552103  -4.89231432E-03   2.93887187E-05
      0.553045  -4.91762115E-03   2.94353894E-05
      0.553988  -4.94296942E-03   2.94821933E-05
      0.554933  -4.96836146E-03   2.95291304E-05
      0.555879  -4.99379635E-03   2.95762033E-05
      0.556827  -5.01927454E-03   2.96234120E-05
      0.557776  -5.04479604E-03   2.96707540E-05
      0.558728  -5.07036271E-03   2.97182338E-05
      0.559680  -5.09597082E-03   2.97658459E-05
      0.560635  -5.12162363E-03   2.98135974E-05
      0.561591  -5.14731975E-03   2.98614833E-05
      0.562548  -5.17306058E-03   2.99095071E-05
      0.563508  -5.19884517E-03   2.99576658E-05
      0.564469  -5.22467261E-03   3.00059589E-05
      0.565431  -5.25054522E-03   3.00543900E-05
      0.566395  -5.27929980E-03   3.00957860E-05
      0.567361  -5.31219365E-03   3.01269291E-05
      0.568329  -5.34514245E-03   3.01581313E-05
      0.569298  -5.37814992E-03   3.01893944E-05
      0.570269  -5.41121233E-03   3.02207161E-05
      0.571241  -5.44433156E-03   3.02520988E-05
      0.572215  -5.47750574E-03   3.02835401E-05
      0.573191  -5.51073859E-03   3.03150424E-05
      0.574168  -5.54402638E-03   3.03466038E-05
      0.575147  -5.57737285E-03   3.03782268E-05
      0.576128  -5.61077427E-03   3.04099093E-05
      0.577111  -5.64423483E-03   3.04416525E-05
      0.578095  -5.67774987E-03   3.04734548E-05
      0.579080  -5.71132358E-03   3.05053203E-05
      0.580068  -5.74495457E-03   3.05372453E-05
      0.581057  -5.77864237E-03   3.05692311E-05
      0.582048  -5.81238652E-03   3.06012775E-05
      0.583040  -5.84618980E-03   3.06333856E-05
      0.584035  -5.88005222E-03   3.06655574E-05
      0.585031  -5.91396913E-03   3.06977859E-05
      0.586028  -5.94794517E-03   3.07300777E-05
      0.587027  -5.98197989E-03   3.07624306E-05
      0.588028  -6.01607142E-03   3.07948454E-05
      0.589031  -6.05022162E-03   3.08273224E-05
      0.590036  -6.08443096E-03   3.08598617E-05
      0.591042  -6.11869758E-03   3.08924617E-05
      0.592050  -6.15322683E-03   3.09348111E-05
      0.593059  -6.19177148E-03   3.11649996E-05
      0.594071  -6.23038271E-03   3.13960660E-05
      0.595084  -6.26905914E-03   3.16280051E-05
      0.596098  -6.30780216E-03   3.18608079E-05
      0.597115  -6.34661084E-03   3.20944676E-05
      0.598133  -6.38548378E-03   3.23289642E-05
      0.599153  -6.42442424E-03   3.25643127E-05
      0.600175  -6.46376610E-03   3.28116904E-05
      0.601198  -6.50478760E-03   3.31142935E-05
      0.602223  -6.54580118E-03   3.33455745E-05
      0.603250  -6.58659777E-03   3.33192573E-05
      0.604279  -6.62746374E-03   3.32965816E-05
      0.605309  -6.66840002E-03   3.32775716E-05
      0.606342  -6.70940569E-03   3.32622538E-05
      0.607375  -6.75048213E-03   3.32506500E-05
      0.608411  -6.79191528E-03   3.32853278E-05
      0.609449  -6.83385367E-03   3.33876794E-05
      0.610488  -6.87586144E-03   3.34927149E-05
      0.611529  -6.91794371E-03   3.36004363E-05
      0.612572  -6.96009630E-03   3.37108195E-05
      0.613616  -7.00232107E-03   3.38238589E-05
      0.614663  -7.04461802E-03   3.39395423E-05
      0.615711  -7.08698714E-03   3.40578583E-05
      0.616761  -7.13085942E-03   3.42617249E-05
      0.617812  -7.17535103E-03   3.44987610E-05
      0.618866  -7.21991807E-03   3.47372331E-05
      0.619921  -7.26456102E-03   3.49771285E-05
      0.620978  -7.30928220E-03   3.52184435E-05
      0.622037  -7.35407602E-03   3.54611396E-05
      0.623098  -7.39894854E-03   3.57052208E-05
      0.624161  -7.44413864E-03   3.59556172E-05
      0.625225  -7.49077089E-03   3.62349001E-05
      0.626291  -7.53748091E-03   3.65149595E-05
      0.627359  -7.58427242E-03   3.67958011E-05
      0.628429  -7.63114216E-03   3.70774092E-05
      0.629500  -7.67809013E-03   3.73597719E-05
      0.630574  -7.72512145E-03   3.76429212E-05
      0.631649  -7.77223147E-03   3.79268193E-05
      0.632726  -7.81895313E-03   3.82338195E-05
      0.633805  -7.86552578E-03   3.85522394E-05
      0.634886  -7.91218039E-03   3.88712838E-05
      0.635969  -7.95891415E-03   3.91909366E-05
      0.637053  -8.00572615E-03   3.95111748E-05
      0.638139  -8.05261731E-03   3.98320198E-05
      0.639228  -8.09959136E-03   4.01534847E-05
      0.640318  -8.14627856E-03   4.04613473E-05
      0.641409  -8.19215085E-03   4.07354869E-05
      0.642503  -8.23810231E-03   4.10105979E-05
      0.643599  -8.28542653E-03   4.13151798E-05
      0.644696  -8.33391212E-03   4.16441227E-05
      0.645796  -8.38247873E-03   4.19736695E-05
      0.646897  -8.43112916E-03   4.23038349E-05
      0.648000  -8.47986154E-03   4.26346010E-05
      0.649105  -8.52933247E-03   4.29501258E-05
      0.650212  -8.57889187E-03   4.32666786E-05
      0.651321  -8.62853322E-03   4.35842124E-05
      0.652431  -8.67825840E-03   4.39027229E-05
      0.653544  -8.72807112E-03   4.42222387E-05
      0.654658  -8.77796579E-03   4.45427132E-05
      0.655775  -8.82794708E-03   4.48641627E-05
      0.656893  -8.87605269E-03   4.52374811E-05
      0.658013  -8.92374571E-03   4.56243838E-05
      0.659135  -8.97151977E-03   4.60119816E-05
      0.660259  -9.01937671E-03   4.64002995E-05
      0.661385  -9.06731281E-03   4.67892922E-05
      0.662513  -9.11533274E-03   4.71790000E-05
      0.663643  -9.16169118E-03   4.75658053E-05
      0.664774  -9.20681003E-03   4.79507089E-05
      0.665908  -9.25200246E-03   4.83363804E-05
      0.667043  -9.29727312E-03   4.87228642E-05
      0.668181  -9.34262201E-03   4.91101544E-05
      0.669320  -9.38804820E-03   4.94982303E-05
      0.670462  -9.43354890E-03   4.98870858E-05
      0.671605  -9.47683025E-03   5.02923934E-05
      0.672750  -9.51813627E-03   5.07123902E-05
      0.673897  -9.55951214E-03   5.11331083E-05
      0.675046  -9.60095972E-03   5.15545478E-05
      0.676198  -9.64247528E-03   5.19766892E-05
      0.677351  -9.68406256E-03   5.23995512E-05
      0.678506  -9.72259417E-03   5.28492153E-05
      0.679663  -9.75716393E-03   5.33332050E-05
      0.680822  -9.79179423E-03   5.38181443E-05
      0.681983  -9.82648227E-03   5.43039741E-05
      0.683146  -9.86122992E-03   5.47907466E-05
      0.684310  -9.89603717E-03   5.52784307E-05
      0.685477  -9.93090402E-03   5.57670528E-05
      0.686646  -9.95494053E-03   5.63311378E-05
      0.687817  -9.97019745E-03   5.69570309E-05
      0.688990  -9.98762064E-03   5.74777761E-05
      0.690165  -1.00054704E-02   5.79799719E-05
      0.691342  -1.00233508E-02   5.84833452E-05
      0.692521  -1.00412611E-02   5.89878897E-05
      0.693702  -1.00579932E-02   5.96222639E-05
      0.694885  -1.00739254E-02   6.03472079E-05
      0.696069  -1.00891758E-02   6.10542650E-05
      0.697256  -1.00930389E-02   6.14303926E-05
      0.698445  -1.00969095E-02   6.18094694E-05
      0.699636  -1.01007856E-02   6.21914614E-05
      0.700829  -1.00901751E-02   6.27831067E-05
      0.702025  -1.00731840E-02   6.34671106E-05
      0.703222  -1.00561632E-02   6.41525526E-05
      0.704421  -1.00391144E-02   6.48394251E-05
      0.705622  -1.00220349E-02   6.55277609E-05
      0.706825  -1.00049274E-02   6.62175131E-05
      0.708031  -9.96633433E-03   6.70617761E-05
      0.709238  -9.92403179E-03   6.79335921E-05
      0.710447  -9.88165569E-03   6.88070313E-05
      0.711659  -9.83920880E-03   6.96820513E-05
      0.712872  -9.79668926E-03   7.05586876E-05
      0.714088  -9.75238625E-03   7.14490359E-05
      0.715306  -9.68602672E-03   7.24970352E-05
      0.716525  -9.61955637E-03   7.35469068E-05
      0.717747  -9.55297239E-03   7.45986928E-05
      0.718971  -9.48627479E-03   7.56523814E-05
      0.720197  -9.41946357E-03   7.67079819E-05
      0.721425  -9.33889765E-03   7.78725260E-05
      0.722656  -9.23239253E-03   7.92422458E-05
      0.723888  -9.12571326E-03   8.06152165E-05
      0.725122  -9.01884772E-03   8.19915368E-05
      0.726359  -8.91180057E-03   8.33710858E-05
      0.727597  -8.80457368E-03   8.47538298E-05
      0.728838  -8.67467653E-03   8.64363730E-05
      0.730081  -8.53373203E-03   8.82666566E-05
      0.731326  -8.39255843E-03   9.01021177E-05
      0.732573  -8.25113337E-03   9.19428922E-05
      0.733822  -8.10947269E-03   9.37886905E-05
      0.735073  -7.96615239E-03   9.56934931E-05
      0.736327  -7.79982982E-03   9.84708466E-05
      0.737583  -7.63322320E-03   1.01254819E-04
      0.738840  -7.46633951E-03   1.04045161E-04
      0.740100  -7.29916291E-03   1.06841991E-04
      0.741362  -7.13170972E-03   1.09644934E-04
      0.742626  -6.95875101E-03   1.13190891E-04
      0.743893  -6.78018201E-03   1.17496573E-04
      0.745161  -6.60131034E-03   1.21812028E-04
      0.746432  -6.42213598E-03   1.26137014E-04
      0.747705  -6.24265103E-03   1.30471531E-04
      0.748980  -6.06990466E-03   1.40128642E-04
      0.750257  -5.90913882E-03   1.51730187E-04
      0.751536  -5.78844268E-03   1.59636109E-04
      0.752818  -5.66755002E-03   1.67679533E-04
      0.754102  -5.54644316E-03   1.75845075E-04
      0.755388  -5.48380753E-03   1.86703753E-04
      0.756676  -5.55730471E-03   2.03650642E-04
      0.757966  -5.48427040E-03   2.14156187E-04
      0.759258  -5.19761629E-03   2.15208607E-04
      0.760553  -4.97978227E-03   2.19455985E-04
      0.761850  -4.87935264E-03   2.29149268E-04
      0.763149  -4.82932664E-03   2.42396406E-04
      0.764451  -4.78970399E-03   2.56419805E-04
      0.765754  -4.84358007E-03   2.73939122E-04
      0.767060  -4.98320814E-03   2.94655628E-04
      0.768368  -5.12307230E-03   3.15409353E-04
      0.769678  -5.40744374E-03   3.43958767E-04
      0.770991  -5.73403714E-03   3.75149261E-04
      0.772305  -6.14143163E-03   4.11502051E-04
      0.773622  -6.63478766E-03   4.49547607E-04
      0.774942  -6.92594703E-03   4.94667317E-04
      0.776263  -6.98779384E-03   5.38148115E-04
      0.777587  -6.69082301E-03   5.42949215E-04
      0.778913  -4.91796294E-03   5.08759959E-04
      0.780241  -1.06620404E-03   3.84060686E-04
      0.781571   5.68128750E-03   1.87359240E-04
      0.782904   1.31096374E-02   1.24188868E-04
      0.784239   1.95931196E-02   3.07603552E-04
      0.785576   2.22399104E-02   4.43329235E-04
      0.786916   2.31317692E-02   5.10329994E-04
      0.788258   2.27667876E-02   5.16978721E-04
      0.789602   2.17049774E-02   4.92871825E-04
      0.790949   2.05548368E-02   4.55325681E-04
      0.792297   1.95815135E-02   4.20563333E-04
      0.793648   1.86168272E-02   3.86458973E-04
      0.795002   1.76675487E-02   3.55502099E-04
      0.796357   1.71238389E-02   3.31505793E-04
      0.797715   1.66448187E-02   3.10071380E-04
      0.799076   1.62367914E-02   2.92701816E-04
      0.800438   1.58321913E-02   2.75026997E-04
      0.801803   1.54269105E-02   2.57330770E-04
      0.803170   1.51773328E-02   2.45105388E-04
      0.804540   1.49917509E-02   2.35162315E-04
      0.805912   1.48644438E-02   2.27312832E-04
      0.807286   1.47192646E-02   2.22079492E-04
      0.808663   1.45444842E-02   2.15568813E-04
      0.810042   1.43390335E-02   2.07481486E-04
      0.811423   1.41332280E-02   1.99380188E-04
      0.812807   1.39784245E-02   1.87867530E-04
      0.814193   1.38553698E-02   1.74700940E-04
      0.815581   1.37025947E-02   1.66440331E-04
      0.816972   1.36087853E-02   1.59871874E-04
      0.818365   1.35403760E-02   1.54028683E-04
      0.819761   1.34718530E-02   1.48176451E-04
      0.821158   1.33893648E-02   1.43477613E-04
      0.822559   1.33060422E-02   1.39153549E-04
      0.823961   1.32258497E-02   1.35035063E-04
      0.825366   1.31322211E-02   1.31385535E-04
      0.826774   1.30502637E-02   1.27879793E-04
      0.828184   1.29743814E-02   1.24506433E-04
      0.829596   1.28729865E-02   1.21304077E-04
      0.831011   1.27769001E-02   1.18170660E-04
      0.832428   1.26917334E-02   1.15572100E-04
      0.833847   1.26064233E-02   1.12969203E-04
      0.835269   1.25209698E-02   1.10361986E-04
      0.836693   1.24353664E-02   1.07750216E-04
      0.838120   1.23491026E-02   1.05732439E-04
      0.839549   1.22625520E-02   1.03875420E-04
      0.840981   1.21758515E-02   1.02015228E-04
      0.842415   1.20890019E-02   1.00151942E-04
      0.843852   1.20033519E-02   9.85967712E-05
      0.845290   1.19184768E-02   9.72532019E-05
      0.846732   1.18334573E-02   9.59076071E-05
      0.848176   1.17482934E-02   9.45600066E-05
      0.849622   1.16613973E-02   9.34014989E-05
      0.851071   1.15722502E-02   9.24947727E-05
      0.852522   1.14829522E-02   9.15865266E-05
      0.853976   1.13935005E-02   9.06767168E-05
      0.855432   1.13066193E-02   9.01347378E-05
      0.856891   1.12196337E-02   8.95980838E-05
      0.858352   1.11325001E-02   8.90605678E-05
      0.859816   1.10452166E-02   8.85221917E-05
      0.861282   1.09547181E-02   8.81002066E-05
      0.862751   1.08636208E-02   8.76944556E-05
      0.864222   1.07723717E-02   8.72881158E-05
      0.865696   1.06809633E-02   8.68811495E-05
      0.867172   1.05873244E-02   8.64615659E-05
      0.868650   1.04929907E-02   8.60381723E-05
      0.870132   1.03984894E-02   8.56140431E-05
      0.871615   1.03038326E-02   8.51892105E-05
      0.873102   1.02075161E-02   8.47516568E-05
      0.874591   1.01105105E-02   8.43091454E-05
      0.876082   1.00133410E-02   8.38658944E-05
      0.877576   9.91506130E-03   8.33998264E-05
      0.879072   9.81510524E-03   8.28977586E-05
      0.880571   9.71498247E-03   8.23948695E-05
      0.882073   9.61468834E-03   8.18911373E-05
      0.883577   9.51391738E-03   8.13935799E-05
      0.885084   9.41249263E-03   8.09065542E-05
      0.886593   9.31089558E-03   8.04187240E-05
      0.888105   9.20912158E-03   7.99300823E-05
      0.889619   9.10736527E-03   7.95018476E-05
      0.891136   9.00571235E-03   7.91616055E-05
      0.892656   8.90388433E-03   7.88209159E-05
      0.894178   8.80273059E-03   7.84974027E-05
      0.895703   8.70780461E-03   7.83064003E-05
      0.897230   8.61218665E-03   7.81318898E-05
      0.898760   8.51342268E-03   7.80520031E-05
      0.900293   8.41449015E-03   7.79719923E-05
      0.901828   8.31539184E-03   7.78918635E-05
      0.903366   8.21560901E-03   7.78785529E-05
      0.904906   8.11526272E-03   7.79172419E-05
      0.906449   8.01558327E-03   7.81202486E-05
      0.907995   7.91579392E-03   7.83342194E-05
      0.909544   7.81583134E-03   7.85485685E-05
      0.911095   7.71561731E-03   7.87717808E-05
      0.912648   7.61397416E-03   7.91267530E-05
      0.914204   7.51215918E-03   7.94823284E-05
      0.915763   7.41017284E-03   7.98385069E-05
      0.917325   7.30438158E-03   8.02063703E-05
      0.918889   7.19776796E-03   8.05768171E-05
      0.920456   7.09096715E-03   8.09479301E-05
      0.922026   6.98391022E-03   8.13204508E-05
      0.923598   6.87198527E-03   8.17403347E-05
      0.925173   6.75987406E-03   8.21609538E-05
      0.926751   6.64757146E-03   8.25823091E-05
      0.928331   6.53020199E-03   8.31011849E-05
      0.929914   6.41172333E-03   8.36391849E-05
      0.931500   6.29303930E-03   8.41782188E-05
      0.933088   6.17373548E-03   8.47259022E-05
      0.934679   6.04707282E-03   8.54050600E-05
      0.936273   5.92019130E-03   8.60854406E-05
      0.937870   5.79310162E-03   8.67669968E-05
      0.939469   5.66110807E-03   8.76342221E-05
      0.941071   5.52847702E-03   8.85195772E-05
      0.942676   5.39561873E-03   8.94067208E-05
      0.944283   5.25521953E-03   9.05122329E-05
      0.945893   5.11272857E-03   9.16745534E-05
      0.947506   4.96998988E-03   9.28389310E-05
      0.949122   4.82637575E-03   9.40242575E-05
      0.950740   4.67469729E-03   9.54443175E-05
      0.952362   4.52268496E-03   9.69284350E-05
      0.953986   4.37016971E-03   9.86295997E-05
      0.955612   4.20755474E-03   1.00541593E-04
      0.957242   4.04457795E-03   1.02458883E-04
      0.958874   3.87405581E-03   1.04648791E-04
      0.960509   3.69278062E-03   1.07502285E-04
      0.962147   3.50099360E-03   1.11209230E-04
      0.963788   3.29873757E-03   1.13954932E-04
      0.965431   3.08474316E-03   1.16099672E-04
      0.967078   2.86407885E-03   1.18369086E-04
      0.968727   2.64156284E-03   1.20979835E-04
      0.970379   2.41575809E-03   1.24058712E-04
      0.972033   2.17564427E-03   1.27758547E-04
      0.973691   1.93512370E-03   1.31466368E-04
      0.975351   1.65682775E-03   1.36241676E-04
      0.977015   1.36949506E-03   1.41270924E-04
      0.978681   1.06230367E-03   1.46573541E-04
      0.980350   7.19691976E-04   1.52306551E-04
      0.982021   3.48877540E-04   1.58331936E-04
      0.983696  -5.36296175E-05   1.64679432E-04
      0.985373  -4.85800614E-04   1.71469915E-04
      0.987054  -9.43147636E-04   1.79133030E-04
      0.988737  -1.43256888E-03   1.88085733E-04
      0.990423  -1.95926707E-03   1.98504312E-04
      0.992112  -2.53993203E-03   2.10925059E-04
      0.993803  -3.13465809E-03   2.25861669E-04
      0.995498  -3.93867446E-03   2.44113552E-04
      0.997196  -4.82759438E-03   2.67275799E-04
      0.998896  -5.88035211E-03   2.99669501E-04
      1.000599  -7.09400792E-03   3.32601906E-04
      1.002306  -8.61163158E-03   3.50734104E-04
      1.004015  -1.05007757E-02   3.71474754E-04
      1.005727  -1.28167970E-02   4.23881213E-04
      1.007442  -1.54005019E-02   4.49869282E-04
      1.009160  -1.89622417E-02   5.75438701E-04
      1.010881  -2.47073956E-02   7.30302402E-04
      1.012604  -3.10722403E-02   8.37311475E-04
      1.014331  -3.95377576E-02   8.52543598E-04
      1.016061  -5.35875447E-02   1.12531517E-03
      1.017793  -4.65228446E-02   1.26446592E-03
      1.019529   2.38393731E-02   9.80762362E-04
      1.021268   6.48673847E-02   1.02508454E-03
      1.023009   5.53052612E-02   1.16428963E-03
      1.024754   4.59114760E-02   8.04084313E-04
      1.026501   3.96886617E-02   7.17542959E-04
      1.028251   3.38577963E-02   5.69698902E-04
      1.030005   2.97382381E-02   4.91626908E-04
      1.031761   2.71167513E-02   4.39366585E-04
      1.033521   2.48045214E-02   3.96466115E-04
      1.035283   2.26295162E-02   3.74954174E-04
      1.037048   2.11041607E-02   3.56785262E-04
      1.038817   1.98736768E-02   3.43831599E-04
      1.040588   1.87922437E-02   3.30056441E-04
      1.042363   1.76436342E-02   2.94252813E-04
      1.044140   1.68312844E-02   2.74821815E-04
      1.045921   1.61266830E-02   2.60266141E-04
      1.047704   1.55048110E-02   2.48759476E-04
      1.049491   1.49511201E-02   2.39338139E-04
      1.051280   1.44489380E-02   2.25047213E-04
      1.053073   1.40039138E-02   2.18752290E-04
      1.054869   1.35883447E-02   2.13171603E-04
      1.056668   1.32164722E-02   2.08200585E-04
      1.058469   1.28548220E-02   2.03669955E-04
      1.060274   1.25368973E-02   1.99041178E-04
      1.062082   1.22230761E-02   1.91438989E-04
      1.063893   1.19472798E-02   1.85177093E-04
      1.065708   1.16709936E-02   1.78904150E-04
      1.067525   1.14113772E-02   1.73188502E-04
      1.069345   1.11935390E-02   1.68862610E-04
      1.071169   1.09753450E-02   1.64529648E-04
      1.072995   1.07567646E-02   1.60189083E-04
      1.074825   1.05378143E-02   1.55841186E-04
      1.076658   1.03185065E-02   1.51486257E-04
      1.078494   1.01458831E-02   1.48429572E-04
      1.080333   9.98375565E-03   1.45667361E-04
      1.082175   9.82136652E-03   1.42900935E-04
      1.084021   9.65869334E-03   1.40129957E-04
      1.085869   9.49573610E-03   1.37354446E-04
      1.087721   9.34686419E-03   1.34902898E-04
      1.089576   9.22031049E-03   1.32963340E-04
      1.091434   9.09353700E-03   1.31020439E-04
      1.093295   8.96655302E-03   1.29074300E-04
      1.095159   8.83934833E-03   1.27124819E-04
      1.097026   8.71228334E-03   1.25180336E-04
      1.098897   8.60999245E-03   1.23816175E-04
      1.100771   8.50751903E-03   1.22449579E-04
      1.102648   8.40487517E-03   1.21080723E-04
      1.104528   8.30205623E-03   1.19709521E-04
      1.106412   8.19906779E-03   1.18336058E-04
      1.108299   8.10621772E-03   1.17227270E-04
      1.110188   8.01789295E-03   1.16237791E-04
      1.112082   7.92942289E-03   1.15246702E-04
      1.113978   7.84079731E-03   1.14253883E-04
      1.115878   7.75202131E-03   1.13259387E-04
      1.117780   7.66794197E-03   1.12381629E-04
      1.119686   7.59070553E-03   1.11673009E-04
      1.121596   7.51333358E-03   1.10963148E-04
      1.123508   7.43583124E-03   1.10252090E-04
      1.125424   7.35819852E-03   1.09539845E-04
      1.127343   7.28225522E-03   1.08863191E-04
      1.129266   7.21457275E-03   1.08354918E-04
      1.131191   7.14677246E-03   1.07846051E-04
      1.133120   7.07885902E-03   1.07336622E-04
      1.135052   7.01083196E-03   1.06826643E-04
      1.136988   6.94268337E-03   1.06316048E-04
      1.138927   6.88253948E-03   1.05925704E-04
      1.140869   6.82556676E-03   1.05648043E-04
      1.142814   6.76849997E-03   1.05370249E-04
      1.144763   6.71133166E-03   1.05092301E-04
      1.146715   6.65406883E-03   1.04814230E-04
      1.148671   6.59670774E-03   1.04536031E-04
      1.150629   6.53924933E-03   1.04257700E-04
      1.152592   6.48383377E-03   1.04062549E-04
      1.154557   6.43330440E-03   1.04060607E-04
      1.156526   6.38268935E-03   1.04058793E-04
      1.158498   6.33198535E-03   1.04057118E-04
      1.160473   6.28119567E-03   1.04055578E-04
      1.162452   6.23031985E-03   1.04054169E-04
      1.164435   6.18126011E-03   1.04085577E-04
      1.166420   6.13284251E-03   1.04129705E-04
      1.168409   6.08553877E-03   1.04221780E-04
      1.170402   6.03864808E-03   1.04334018E-04
      1.172397   5.99167636E-03   1.04446844E-04
      1.174397   5.94462315E-03   1.04560252E-04
      1.176399   5.89749124E-03   1.04674231E-04
      1.178405   5.85174374E-03   1.04895910E-04
      1.180415   5.80654759E-03   1.05163965E-04
      1.182428   5.76127134E-03   1.05432577E-04
      1.184444   5.71591966E-03   1.05701725E-04
      1.186464   5.67049021E-03   1.05971416E-04
      1.188487   5.62670920E-03   1.06239022E-04
      1.190513   5.58377709E-03   1.06620662E-04
      1.192544   5.54077188E-03   1.07003105E-04
      1.194577   5.49769308E-03   1.07386367E-04
      1.196614   5.45454398E-03   1.07770403E-04
      1.198655   5.41368732E-03   1.08198460E-04
      1.200699   5.37331263E-03   1.08637413E-04
      1.202746   5.33287181E-03   1.09077128E-04
      1.204797   5.29236021E-03   1.09517647E-04
      1.206852   5.25178015E-03   1.09958948E-04
      1.208910   5.21277171E-03   1.10367709E-04
      1.210971   5.17382333E-03   1.10776182E-04
      1.213036   5.13496809E-03   1.11268168E-04
      1.215104   5.09620365E-03   1.11842425E-04
      1.217177   5.05772838E-03   1.12417460E-04
      1.219252   5.02302218E-03   1.12988416E-04
      1.221331   4.98825591E-03   1.13560954E-04
      1.223414   4.95343190E-03   1.14135041E-04
      1.225500   4.91854595E-03   1.14710748E-04
      1.227590   4.88439715E-03   1.15321481E-04
      1.229683   4.85221576E-03   1.16018798E-04
      1.231780   4.81997896E-03   1.16717356E-04
      1.233881   4.78768721E-03   1.17417145E-04
      1.235985   4.75534052E-03   1.18118167E-04
      1.238092   4.72441642E-03   1.18858818E-04
      1.240203   4.69481433E-03   1.19636770E-04
      1.242318   4.66516381E-03   1.20416304E-04
      1.244437   4.63546161E-03   1.21197499E-04
      1.246559   4.60570911E-03   1.21980317E-04
      1.248684   4.57795896E-03   1.22826527E-04
      1.250814   4.55069914E-03   1.23690470E-04
      1.252947   4.52339370E-03   1.24555861E-04
      1.255083   4.49604075E-03   1.25422785E-04
      1.257223   4.46871622E-03   1.26294201E-04
      1.259367   4.44199331E-03   1.27193620E-04
      1.261515   4.41522617E-03   1.28096085E-04
      1.263666   4.38820850E-03   1.29049413E-04
      1.265821   4.36069397E-03   1.30111833E-04
      1.267979   4.33344580E-03   1.31173285E-04
      1.270142   4.30653151E-03   1.32233396E-04
      1.272307   4.27956926E-03   1.33296278E-04
      1.274477   4.25256137E-03   1.34361827E-04
      1.276650   4.22550738E-03   1.35430058E-04
      1.278827   4.19857120E-03   1.36641615E-04
      1.281008   4.17162059E-03   1.37882259E-04
      1.283192   4.14462434E-03   1.39125002E-04
      1.285381   4.11758246E-03   1.40369859E-04
      1.287572   4.09049680E-03   1.41604303E-04
      1.289768   4.06557927E-03   1.42939629E-04
      1.291967   4.04115254E-03   1.44309775E-04
      1.294170   4.01668437E-03   1.45682439E-04
      1.296377   3.99217568E-03   1.47057600E-04
      1.298588   3.97032872E-03   1.48571759E-04
      1.300802   3.94950714E-03   1.50142248E-04
      1.303021   3.92865017E-03   1.51715421E-04
      1.305242   3.90775781E-03   1.53291395E-04
      1.307468   3.88720585E-03   1.54893980E-04
      1.309698   3.86803364E-03   1.56590039E-04
      1.311931   3.84882977E-03   1.58290560E-04
      1.314168   3.82901030E-03   1.60176981E-04
      1.316409   3.80913843E-03   1.62072572E-04
      1.318654   3.78943421E-03   1.64069387E-04
      1.320903   3.76976700E-03   1.66105442E-04
      1.323155   3.75006674E-03   1.68145649E-04
      1.325411   3.73033294E-03   1.70190027E-04
      1.327671   3.70958890E-03   1.72339130E-04
      1.329935   3.68649326E-03   1.74730957E-04
      1.332203   3.66335851E-03   1.77127173E-04
      1.334475   3.64018371E-03   1.79527882E-04
      1.336751   3.61697027E-03   1.81932941E-04
      1.339030   3.59382643E-03   1.84805304E-04
      1.341313   3.57065629E-03   1.87739784E-04
      1.343601   3.54744610E-03   1.90679480E-04
      1.345892   3.52419610E-03   1.93624414E-04
      1.348187   3.50367231E-03   1.96742176E-04
      1.350486   3.48508963E-03   2.00097368E-04
      1.352789   3.46419378E-03   2.03735670E-04
      1.355096   3.44326231E-03   2.07380217E-04
      1.357406   3.42277531E-03   2.11086698E-04
      1.359721   3.40450881E-03   2.15062482E-04
      1.362040   3.38625978E-03   2.19055450E-04
      1.364362   3.37077491E-03   2.23506070E-04
      1.366689   3.35526443E-03   2.27963998E-04
      1.369019   3.34009435E-03   2.33144729E-04
      1.371354   3.32495524E-03   2.38445448E-04
      1.373692   3.30978958E-03   2.43756200E-04
      1.376035   3.29459878E-03   2.49076688E-04
      1.378381   3.27897118E-03   2.55546481E-04
      1.380732   3.26302857E-03   2.62825484E-04
      1.383086   3.24705872E-03   2.70117139E-04
      1.385445   3.23106116E-03   2.77421440E-04
      1.387807   3.21469549E-03   2.85409275E-04
      1.390174   3.19764204E-03   2.97386779E-04
      1.392544   3.18056019E-03   3.09625904E-04
      1.394919   3.16344853E-03   3.21889954E-04
      1.397297   3.15030268E-03   3.32613171E-04
      1.399680   3.13727674E-03   3.43299843E-04
      1.402067   3.12422775E-03   3.54006189E-04
      1.404458   3.11115687E-03   3.64731577E-04
      1.406853   3.09806364E-03   3.75475966E-04
      1.409252   3.08494829E-03   3.86239262E-04
      1.411655   3.07923229E-03   3.92118999E-04
      1.414062   3.07686860E-03   3.95788324E-04
      1.416473   3.07450048E-03   3.99464246E-04
      1.418889   3.07212863E-03   4.03146611E-04
      1.421308   3.08169704E-03   3.89885068E-04
      1.423732   3.09185823E-03   3.75786465E-04
      1.426160   3.10203712E-03   3.61668174E-04
      1.428592   3.09967552E-03   3.49652907E-04
      1.431028   3.09066917E-03   3.38741250E-04
      1.433468   3.08164745E-03   3.27811496E-04
      1.435912   3.07261036E-03   3.16863798E-04
      1.438361   3.06705013E-03   3.06571994E-04
      1.440814   3.08171124E-03   3.00166443E-04
      1.443271   3.09639703E-03   2.93751487E-04
      1.445732   3.11110867E-03   2.87326854E-04
      1.448197   3.12584452E-03   2.80893324E-04
      1.450667   3.14060599E-03   2.74450388E-04
      1.453140   3.15123377E-03   2.69002829E-04
      1.455618   3.15700821E-03   2.64725937E-04
      1.458100   3.16339429E-03   2.60657254E-04
      1.460587   3.17080226E-03   2.56883208E-04
      1.463077   3.17904423E-03   2.53205049E-04
      1.465572   3.18828272E-03   2.49745682E-04
      1.468071   3.19811539E-03   2.46412153E-04
      1.470575   3.20796436E-03   2.43073033E-04
      1.473083   3.21909087E-03   2.39820177E-04
      1.475594   3.23189842E-03   2.36684402E-04
      1.478111   3.24472855E-03   2.33544858E-04
      1.480631   3.25758057E-03   2.30401767E-04
      1.483156   3.27303517E-03   2.27258027E-04
      1.485685   3.28895729E-03   2.24110393E-04
      1.488219   3.30490712E-03   2.20958043E-04
      1.490756   3.32130631E-03   2.17920617E-04
      1.493298   3.33498116E-03   2.15042753E-04
      1.495845   3.34828207E-03   2.12152010E-04
      1.498396   3.36160511E-03   2.09261896E-04
      1.500951   3.37670534E-03   2.06161737E-04
      1.503510   3.39457951E-03   2.02945866E-04
      1.506074   3.41244484E-03   1.99739940E-04
      1.508642   3.42918304E-03   1.96864812E-04
      1.511215   3.44489166E-03   1.93854128E-04
      1.513792   3.45944078E-03   1.90688672E-04
      1.516373   3.47401504E-03   1.87517976E-04
      1.518959   3.48861399E-03   1.84342022E-04
      1.521549   3.50323785E-03   1.81160833E-04
      1.524144   3.51625634E-03   1.77849156E-04
      1.526743   3.52532347E-03   1.74278875E-04
      1.529346   3.53346998E-03   1.70660565E-04
      1.531954   3.54163046E-03   1.67042225E-04
      1.534566   3.54980491E-03   1.63424501E-04
      1.537183   3.55799310E-03   1.59807857E-04
      1.539804   3.56500596E-03   1.56259170E-04
      1.542430   3.56982555E-03   1.52730829E-04
      1.545060   3.57449101E-03   1.49195056E-04
      1.547695   3.57916416E-03   1.45661032E-04
      1.550334   3.58366896E-03   1.42195012E-04
      1.552978   3.58696235E-03   1.39182347E-04
      1.555626   3.59026110E-03   1.36166429E-04
      1.558279   3.59356566E-03   1.33147143E-04
      1.560936   3.59709375E-03   1.30243388E-04
      1.563598   3.60104931E-03   1.28009089E-04
      1.566264   3.60502442E-03   1.26077768E-04
      1.568935   3.60900629E-03   1.24147397E-04
      1.571610   3.61299491E-03   1.22218293E-04
      1.574290   3.61707876E-03   1.20311875E-04
      1.576975   3.62235960E-03   1.18943862E-04
      1.579664   3.62781622E-03   1.17731359E-04
      1.582358   3.63576203E-03   1.16249396E-04
      1.585056   3.64449504E-03   1.14699766E-04
      1.587759   3.65392189E-03   1.13260729E-04
      1.590466   3.66530707E-03   1.12016757E-04
      1.593178   3.67768132E-03   1.10250820E-04
      1.595895   3.69007699E-03   1.08482171E-04
      1.598616   3.70249315E-03   1.06710896E-04
      1.601343   3.72179854E-03   1.05180198E-04
      1.604073   3.74185434E-03   1.03434498E-04
      1.606808   3.76194413E-03   1.01695591E-04
      1.609548   3.78206908E-03   9.99639618E-05
      1.612293   3.80314793E-03   9.81142312E-05
      1.615042   3.82444402E-03   9.62556546E-05
      1.617796   3.84577620E-03   9.44149717E-05
      1.620555   3.86984251E-03   9.21897694E-05
      1.623319   3.89604038E-03   8.96529596E-05
      1.626087   3.92578356E-03   8.75992514E-05
      1.628860   3.95889254E-03   8.57215498E-05
      1.631637   3.99205694E-03   8.38467482E-05
      1.634419   4.02527675E-03   8.19752864E-05
      1.637207   4.05855523E-03   8.01074981E-05
      1.639998   4.09711013E-03   7.91427974E-05
      1.642795   4.14641760E-03   7.85038739E-05
      1.645596   4.19581169E-03   7.78877076E-05
      1.648402   4.24529240E-03   7.72949814E-05
      1.651213   4.29832190E-03   7.66592648E-05
      1.654029   4.35601640E-03   7.59414612E-05
      1.656850   4.41380870E-03   7.52229617E-05
      1.659675   4.47143381E-03   7.51766979E-05
      1.662505   4.53049783E-03   7.43739905E-05
      1.665340   4.59140120E-03   7.41985496E-05
      1.668180   4.65280935E-03   7.39788041E-05
      1.671024   4.71432041E-03   7.37587719E-05
      1.673874   4.77614766E-03   7.35272009E-05
      1.676728   4.83601121E-03   7.41553664E-05
      1.679587   4.89431527E-03   7.53875672E-05
      1.682451   4.95440513E-03   7.58855630E-05
      1.685320   5.01624122E-03   7.56607297E-05
      1.688194   5.07041859E-03   7.61874640E-05
      1.691073   5.11203008E-03   7.74974782E-05
      1.693957   5.15080290E-03   7.83966953E-05
      1.696845   5.18964184E-03   7.93266766E-05
      1.699739   5.22854738E-03   8.02865906E-05
      1.702637   5.25665935E-03   8.31914292E-05
      1.705541   5.28374175E-03   8.62927177E-05
      1.708449   5.31087024E-03   8.93996053E-05
      1.711362   5.33846673E-03   9.24135286E-05
      1.714281   5.36540011E-03   9.57207719E-05
      1.717204   5.39255003E-03   9.92662314E-05
      1.720132   5.41753601E-03   1.02477268E-04
      1.723065   5.43918181E-03   1.05241729E-04
      1.726004   5.46170771E-03   1.08453088E-04
      1.728947   5.48545271E-03   1.12247099E-04
      1.731895   5.50923683E-03   1.16069236E-04
      1.734848   5.53306285E-03   1.19917834E-04
      1.737807   5.55692893E-03   1.23790976E-04
      1.740770   5.57248481E-03   1.27553991E-04
      1.743738   5.58462366E-03   1.30861289E-04
      1.746712   5.59502468E-03   1.33933170E-04
      1.749690   5.59984520E-03   1.36240209E-04
      1.752674   5.60023729E-03   1.37622178E-04
      1.755663   5.60011528E-03   1.38899841E-04
      1.758657   5.59909781E-03   1.39335398E-04
      1.761655   5.59357880E-03   1.39322617E-04
      1.764660   5.58546651E-03   1.39297579E-04
      1.767669   5.57435490E-03   1.38972359E-04
      1.770683   5.56240138E-03   1.38382203E-04
      1.773702   5.54977451E-03   1.37581942E-04
      1.776727   5.53618278E-03   1.37020669E-04
      1.779757   5.52185858E-03   1.36642329E-04
      1.782792   5.50669199E-03   1.36340616E-04
      1.785832   5.49093168E-03   1.36094965E-04
      1.788877   5.47514437E-03   1.35855246E-04
      1.791927   5.45877172E-03   1.35301997E-04
      1.794983   5.44204516E-03   1.34562521E-04
      1.798044   5.42529067E-03   1.33821828E-04
      1.801110   5.40639646E-03   1.33160971E-04
      1.804181   5.38380863E-03   1.31991767E-04
      1.807258   5.36118262E-03   1.30823823E-04
      1.810340   5.33851795E-03   1.29657249E-04
      1.813427   5.31043811E-03   1.28581137E-04
      1.816519   5.27604111E-03   1.27626309E-04
      1.819617   5.24015166E-03   1.26759275E-04
      1.822719   5.19841351E-03   1.26171871E-04
      1.825828   5.15496498E-03   1.25691473E-04
      1.828941   5.10827778E-03   1.25300648E-04
      1.832060   5.06158872E-03   1.24939464E-04
      1.835184   5.01682702E-03   1.25228166E-04
      1.838313   4.98291012E-03   1.22885223E-04
      1.841448   4.97595547E-03   1.19709755E-04
      1.844588   4.96898871E-03   1.16540914E-04
      1.847734   4.97108093E-03   1.16267287E-04
      1.850884   4.97454591E-03   1.16433532E-04
      1.854041   4.97801648E-03   1.16603984E-04
      1.857202   4.98090684E-03   1.16991852E-04
      1.860369   4.97132586E-03   1.22723793E-04
      1.863541   4.95662587E-03   1.31391000E-04
      1.866719   4.94190073E-03   1.40116005E-04
      1.869902   4.92715044E-03   1.48891732E-04
      1.873091   4.91237501E-03   1.57712084E-04
      1.876285   4.89204144E-03   1.68847121E-04
      1.879485   4.86946711E-03   1.80948030E-04
      1.882690   4.84890491E-03   1.92912775E-04
      1.885900   4.83014947E-03   2.04807327E-04
      1.889116   4.80493531E-03   2.16133800E-04
      1.892337   4.77947155E-03   2.27592939E-04
      1.895564   4.75396402E-03   2.39188517E-04
      1.898797   4.72841365E-03   2.50904873E-04
      1.902034   4.70746309E-03   2.61089746E-04
      1.905278   4.68922779E-03   2.70345199E-04
      1.908527   4.67096129E-03   2.79626265E-04
      1.911781   4.65266453E-03   2.88932060E-04
      1.915041   4.63433517E-03   2.98262438E-04
      1.918307   4.61597554E-03   3.07615712E-04
      1.921578   4.60196659E-03   3.14259666E-04
      1.924855   4.58911434E-03   3.20179678E-04
      1.928137   4.57907096E-03   3.24130175E-04
      1.931425   4.57010139E-03   3.27731841E-04
      1.934719   4.56237281E-03   3.31004467E-04
      1.938018   4.55463305E-03   3.34302376E-04
      1.941322   4.54662880E-03   3.38120233E-04
      1.944633   4.53766203E-03   3.41913637E-04
      1.947949   4.52962704E-03   3.46851120E-04
      1.951271   4.52122698E-03   3.53641299E-04
      1.954598   4.51121712E-03   3.62495303E-04
      1.957931   4.49691527E-03   3.74620007E-04
      1.961270   4.48426418E-03   3.88581181E-04
      1.964614   4.46383841E-03   4.14437453E-04
      1.967964   4.44017584E-03   4.43067480E-04
      1.971320   4.41647228E-03   4.71765636E-04
      1.974682   4.39272961E-03   5.00527690E-04
      1.978049   4.36894549E-03   5.29353086E-04
      1.981422   4.34026867E-03   5.59186138E-04
      1.984801   4.27755294E-03   5.95712671E-04
      1.988185   4.21473337E-03   6.32302689E-04
      1.991576   4.17846208E-03   6.50213066E-04
      1.994972   4.19959053E-03   6.27752224E-04
      1.998374   4.22075484E-03   6.05261970E-04
      2.001781   4.24195500E-03   5.82743332E-04
      2.005195   4.26308811E-03   5.60693154E-04
      2.008614   4.28252947E-03   5.46860807E-04
      2.012039   4.30200482E-03   5.33017982E-04
      2.015470   4.32151370E-03   5.19165907E-04
      2.018907   4.34105564E-03   5.05306851E-04
      2.022350   4.36063111E-03   4.91441266E-04
      2.025798   4.38023917E-03   4.77571739E-04
      2.029253   4.39988077E-03   4.63699151E-04
      2.032713   4.41955682E-03   4.49825521E-04
      2.036179   4.43926640E-03   4.35953220E-04
      2.039652   4.45900857E-03   4.22085742E-04
      2.043130   4.47878474E-03   4.08225136E-04
      2.046614   4.49859491E-03   3.94374833E-04
      2.050104   4.51813685E-03   3.80798301E-04
      2.053600   4.52783285E-03   3.75710950E-04
      2.057101   4.53754561E-03   3.70621763E-04
      2.060609   4.54727467E-03   3.65531002E-04
      2.064123   4.55702050E-03   3.60439036E-04
      2.067643   4.56678262E-03   3.55346225E-04
      2.071169   4.57656151E-03   3.50252946E-04
      2.074701   4.58635762E-03   3.45159245E-04
      2.078238   4.59616957E-03   3.40066269E-04
      2.081782   4.60599922E-03   3.34973400E-04
      2.085332   4.61584469E-03   3.29882195E-04
      2.088888   4.62570786E-03   3.24792456E-04
      2.092450   4.63558687E-03   3.19705088E-04
      2.096018   4.64548357E-03   3.14620323E-04
      2.099592   4.65539657E-03   3.09539141E-04
      2.103173   4.65991348E-03   3.07118910E-04
      2.106759   4.66374168E-03   3.05038022E-04
      2.110352   4.66757640E-03   3.02954503E-04
      2.113950   4.67141764E-03   3.00868353E-04
      2.117555   4.67526540E-03   2.98779625E-04
      2.121166   4.67911968E-03   2.96688483E-04
      2.124783   4.68298094E-03   2.94594762E-04
      2.128406   4.68684826E-03   2.92498569E-04
      2.132036   4.69072256E-03   2.90399854E-04
      2.135671   4.69460338E-03   2.88298727E-04
      2.139313   4.69849072E-03   2.86195163E-04
      2.142961   4.70238458E-03   2.84089196E-04
      2.146615   4.70628543E-03   2.81980858E-04
      2.150276   4.71019233E-03   2.79870237E-04
      2.153943   4.71410621E-03   2.77757288E-04
      2.157616   4.71802708E-03   2.75641959E-04
      2.161295   4.72195446E-03   2.73524430E-04
      2.164980   4.72588837E-03   2.71404711E-04
      2.168672   4.72982880E-03   2.69282869E-04
      2.172370   4.73377621E-03   2.67158781E-04
      2.176075   4.73773060E-03   2.65032516E-04
      2.179785   4.74169105E-03   2.62904369E-04
      2.183502   4.74565895E-03   2.60773995E-04
      2.187226   4.74963337E-03   2.58641694E-04
      2.190955   4.75361431E-03   2.56507529E-04
      2.194692   4.75760270E-03   2.54371287E-04
      2.198434   4.76159714E-03   2.52233284E-04
      2.202183   4.76559857E-03   2.50093577E-04
      2.205938   4.76960698E-03   2.47951956E-04
      2.209700   4.77362238E-03   2.45808735E-04
      2.213468   4.77764476E-03   2.43663721E-04
      2.217242   4.78167320E-03   2.41517230E-04
      2.221023   4.78417333E-03   2.39613870E-04
      2.224811   4.78253141E-03   2.38368798E-04
      2.228604   4.78088669E-03   2.37121956E-04
      2.232405   4.77924524E-03   2.35872431E-04
      2.236211   4.78248252E-03   2.34025954E-04
      2.240025   4.78572585E-03   2.32181951E-04
      2.243844   4.78897477E-03   2.30340615E-04
      2.247671   4.79222927E-03   2.28502329E-04
      2.251504   4.79548890E-03   2.26667064E-04
      2.255343   4.79875458E-03   2.24834972E-04
      2.259189   4.80202539E-03   2.23006514E-04
      2.263041   4.80291061E-03   2.21965857E-04
      2.266900   4.80315834E-03   2.21135111E-04
      2.270766   4.80340607E-03   2.20304305E-04
      2.274638   4.80365474E-03   2.19473578E-04
      2.278517   4.80390340E-03   2.18642905E-04
      2.282402   4.80415253E-03   2.17812363E-04
      2.286294   4.80440259E-03   2.16981859E-04
      2.290193   4.80465265E-03   2.16151536E-04
      2.294098   4.80490318E-03   2.15321368E-04
      2.298010   4.80515417E-03   2.14491381E-04
      2.301929   4.80368454E-03   2.13839029E-04
      2.305854   4.80043422E-03   2.13370342E-04
      2.309786   4.79717832E-03   2.12902202E-04
      2.313725   4.79391636E-03   2.12434629E-04
      2.317670   4.79064928E-03   2.11967591E-04
      2.321622   4.78737662E-03   2.11501184E-04
      2.325581   4.78409836E-03   2.11035360E-04
      2.329547   4.78081452E-03   2.10570166E-04
      2.333519   4.77752509E-03   2.10105584E-04
      2.337499   4.77423007E-03   2.09641653E-04
      2.341485   4.77092946E-03   2.09178403E-04
      2.345477   4.76762326E-03   2.08715820E-04
      2.349477   4.76431102E-03   2.08253949E-04
      2.353483   4.76099364E-03   2.07792779E-04
      2.357497   4.75767022E-03   2.07332315E-04
      2.361517   4.75434121E-03   2.06872601E-04
      2.365544   4.75100661E-03   2.06413670E-04
      2.369577   4.74766642E-03   2.05955500E-04
      2.373618   4.74432018E-03   2.05498134E-04
      2.377666   4.74096881E-03   2.05041594E-04
      2.381720   4.73761139E-03   2.04585865E-04
      2.385781   4.73424839E-03   2.04130971E-04
      2.389850   4.73087933E-03   2.03676988E-04
      2.393925   4.72750468E-03   2.03223859E-04
      2.398007   4.72412445E-03   2.02771620E-04
      2.402096   4.71897889E-03   2.02406128E-04
      2.406192   4.71214857E-03   2.02122385E-04
      2.410296   4.70530754E-03   2.01838536E-04
      2.414406   4.69845394E-03   2.01554518E-04
      2.418523   4.69158916E-03   2.01270400E-04
      2.422647   4.68471227E-03   2.00986132E-04
      2.426778   4.67782421E-03   2.00701758E-04
      2.430916   4.67092404E-03   2.00417255E-04
      2.435062   4.66401177E-03   2.00132629E-04
      2.439214   4.65708831E-03   1.99847890E-04
      2.443373   4.65015275E-03   1.99563022E-04
      2.447540   4.64320555E-03   1.99278055E-04
      2.451714   4.63497126E-03   1.99099159E-04
      2.455894   4.62488970E-03   1.99073626E-04
      2.460082   4.61479090E-03   1.99049249E-04
      2.464277   4.60467441E-03   1.99026067E-04
      2.468479   4.59454115E-03   1.99004075E-04
      2.472689   4.58439067E-03   1.98983265E-04
      2.476905   4.57422249E-03   1.98963654E-04
      2.481129   4.56403708E-03   1.98945255E-04
      2.485360   4.55383444E-03   1.98928066E-04
      2.489598   4.54361457E-03   1.98912102E-04
      2.493843   4.53337654E-03   1.98897357E-04
      2.498096   4.52312175E-03   1.98883854E-04
      2.502356   4.51138429E-03   1.99010097E-04
      2.506623   4.49843938E-03   1.99250738E-04
      2.510897   4.48547257E-03   1.99493982E-04
      2.515179   4.47248435E-03   1.99739828E-04
      2.519468   4.45947284E-03   1.99988331E-04
      2.523764   4.44644038E-03   2.00239427E-04
      2.528068   4.43338510E-03   2.00493187E-04
      2.532379   4.42030793E-03   2.00749563E-04
      2.536697   4.40720748E-03   2.01008592E-04
      2.541022   4.39408561E-03   2.01270258E-04
      2.545356   4.38094093E-03   2.01534566E-04
      2.549696   4.36777389E-03   2.01801518E-04
      2.554044   4.35252395E-03   2.02318395E-04
      2.558399   4.33709286E-03   2.02857763E-04
      2.562762   4.32163477E-03   2.03401092E-04
      2.567132   4.30615153E-03   2.03948321E-04
      2.571509   4.29064129E-03   2.04499479E-04
      2.575894   4.27510450E-03   2.05054542E-04
      2.580287   4.25954163E-03   2.05613504E-04
      2.584687   4.24395176E-03   2.06176381E-04
      2.589094   4.22833487E-03   2.06743149E-04
      2.593509   4.21269191E-03   2.07313793E-04
      2.597932   4.19702241E-03   2.07888295E-04
      2.602362   4.17903857E-03   2.08626028E-04
      2.606800   4.15901653E-03   2.09508293E-04
      2.611245   4.13896143E-03   2.10395731E-04
      2.615698   4.11887094E-03   2.11288372E-04
      2.620158   4.09874693E-03   2.12186125E-04
      2.624626   4.07858845E-03   2.13088991E-04
      2.629101   4.05839551E-03   2.13996946E-04
      2.633585   4.03816812E-03   2.14909959E-04
      2.638076   4.01790673E-03   2.15828025E-04
      2.642574   3.99761042E-03   2.16751095E-04
      2.647080   3.97727918E-03   2.17679209E-04
      2.651594   3.95497307E-03   2.18751719E-04
      2.656116   3.92906647E-03   2.20086200E-04
      2.660645   3.90311633E-03   2.21427342E-04
      2.665182   3.87712126E-03   2.22775183E-04
      2.669727   3.85108241E-03   2.24129592E-04
      2.674279   3.82499839E-03   2.25490568E-04
      2.678840   3.79887060E-03   2.26858012E-04
      2.683408   3.77269927E-03   2.28231841E-04
      2.687983   3.74648138E-03   2.29612168E-04
      2.692567   3.72021995E-03   2.30998775E-04
      2.697159   3.69391311E-03   2.32391702E-04
      2.701758   3.66424373E-03   2.34006077E-04
      2.706365   3.62915290E-03   2.35976400E-04
      2.710980   3.59400059E-03   2.37955469E-04
      2.715603   3.55878822E-03   2.39943059E-04
      2.720234   3.52351763E-03   2.41938994E-04
      2.724872   3.48818535E-03   2.43943349E-04
      2.729519   3.45279323E-03   2.45955952E-04
      2.734173   3.41734127E-03   2.47976697E-04
      2.738836   3.38182738E-03   2.50005584E-04
      2.743506   3.34625365E-03   2.52042445E-04
      2.748184   3.31061985E-03   2.54087171E-04
      2.752871   3.26658110E-03   2.56667219E-04
      2.757565   3.21718142E-03   2.59591730E-04
      2.762267   3.16769676E-03   2.62527490E-04
      2.766977   3.11812898E-03   2.65474174E-04
      2.771696   3.06847598E-03   2.68431765E-04
      2.776422   3.01873777E-03   2.71400122E-04
      2.781157   2.96891434E-03   2.74379048E-04
      2.785899   2.91900546E-03   2.77368426E-04
      2.790650   2.86901370E-03   2.80367958E-04
      2.795408   2.81893695E-03   2.83377637E-04
      2.800175   2.76798313E-03   2.86449623E-04
      2.804950   2.69623264E-03   2.90901566E-04
      2.809733   2.62436387E-03   2.95368255E-04
      2.814524   2.55236984E-03   2.99849853E-04
      2.819324   2.48025404E-03   3.04345845E-04
      2.824131   2.40801275E-03   3.08856214E-04
      2.828947   2.33564968E-03   3.13380455E-04
      2.833771   2.26316485E-03   3.17918350E-04
      2.838604   2.19055475E-03   3.22469890E-04
      2.843444   2.11781915E-03   3.27034873E-04
      2.848293   2.04496155E-03   3.31612848E-04
      2.853150   1.94760412E-03   3.37869964E-04
      2.858015   1.83683902E-03   3.45050826E-04
      2.862889   1.72588928E-03   3.52251812E-04
      2.867770   1.61474966E-03   3.59472831E-04
      2.872661   1.50342006E-03   3.66713445E-04
      2.877559   1.39190047E-03   3.73973310E-04
      2.882466   1.28019089E-03   3.81252046E-04
      2.887381   1.16829132E-03   3.88549319E-04
      2.892305   1.05619640E-03   3.95865132E-04
      2.897237   9.43916966E-04   4.03198592E-04
      2.902178   8.16088694E-04   4.11707525E-04
      2.907126   6.68529712E-04   4.21709198E-04
      2.912084   5.13792795E-04   4.32171611E-04
      2.917050   3.49233509E-04   4.43260684E-04
      2.922024   1.76496047E-04   4.54980215E-04
      2.927007  -8.07960168E-06   4.67611158E-04
      2.931998  -2.02108844E-04   4.80958647E-04
      2.936998  -4.10175213E-04   4.95368189E-04
      2.942006  -6.30088034E-04   5.10635875E-04
      2.947023  -8.67579947E-04   5.27174347E-04
      2.952048  -1.11932191E-03   5.44770488E-04
      2.957082  -1.39168545E-03   5.63894928E-04
      2.962124  -1.68243714E-03   5.84390205E-04
      2.967175  -1.99834816E-03   6.06759708E-04
      2.972235  -2.32869945E-03   6.30180816E-04
      2.977304  -2.69801915E-03   6.56501464E-04
      2.982381  -3.09975143E-03   6.85217673E-04
      2.987466  -3.53938364E-03   7.16730996E-04
      2.992561  -4.03552502E-03   7.52625782E-04
      2.997664  -4.55834484E-03   7.90674751E-04
      3.002775  -5.14917122E-03   8.33486585E-04
      3.007896  -5.80022531E-03   8.80651841E-04
      3.013025  -6.54247915E-03   9.34717239E-04
      3.018163  -7.37923756E-03   9.95857876E-04
      3.023309  -8.33483040E-03   1.06587330E-03
      3.028465  -9.43580829E-03   1.14673398E-03
      3.033629  -1.07176406E-02   1.24109595E-03
      3.038802  -1.22287693E-02   1.35257706E-03
      3.043984  -1.40374480E-02   1.48625379E-03
      3.049175  -1.62445083E-02   1.64963465E-03
      3.054374  -1.89954489E-02   1.85355382E-03
      3.059583  -2.25162543E-02   2.11501881E-03
      3.064800  -2.71807592E-02   2.46190871E-03
      3.070026  -3.36704291E-02   2.94503107E-03
      3.075261  -4.33144867E-02   3.66386535E-03
      3.080505  -5.91342337E-02   4.84348057E-03
      3.085758  -8.99424776E-02   7.14008188E-03
      3.091020  -1.76696092E-01   1.35754531E-02
      3.096291  -1.71206319E+00   1.27480015E-01
      3.101571   2.41819963E-01   1.74298981E-02
      3.106860   1.14097297E-01   8.09358933E-03
      3.112158   7.65067413E-02   5.29784321E-03
      3.117465   5.83059490E-02   3.94242399E-03
      3.122781   4.75502647E-02   3.14182571E-03
      3.128106   4.04583104E-02   2.61448722E-03
      3.133440   3.54337469E-02   2.24148851E-03
      3.138783   3.16777974E-02   1.96329489E-03
      3.144136   2.87669282E-02   1.74827775E-03
      3.149497   2.64454186E-02   1.57734168E-03
      3.154868   2.45470554E-02   1.43812873E-03
      3.160247   2.29695868E-02   1.32287423E-03
      3.165636   2.16365531E-02   1.22594556E-03
      3.171035   2.04955284E-02   1.14340840E-03
      3.176442   1.95117015E-02   1.07257063E-03
      3.181858   1.86574832E-02   1.01122160E-03
      3.187284   1.79215595E-02   9.58000413E-04
      3.192719   1.71037056E-02   9.11320507E-04
      3.198164   1.64821055E-02   8.68870370E-04
      3.203617   1.59180406E-02   8.31396016E-04
      3.209080   1.54134892E-02   7.97311872E-04
      3.214552   1.50330784E-02   7.72262791E-04
      3.220034   1.46717634E-02   7.48601681E-04
      3.225525   1.43098189E-02   7.24907383E-04
      3.231025   1.39472773E-02   7.01182723E-04
      3.236535   1.35840923E-02   6.77425645E-04
      3.242054   1.32203093E-02   6.53640331E-04
      3.247582   1.28558986E-02   6.29826003E-04
      3.253120   1.25811063E-02   6.12822288E-04
      3.258667   1.23759042E-02   6.01109128E-04
      3.264224   1.21703483E-02   5.89387003E-04
      3.269790   1.19644487E-02   5.77657138E-04
      3.275366   1.17581878E-02   5.65919329E-04
      3.280951   1.15515832E-02   5.54175451E-04
      3.286546   1.13446247E-02   5.42425994E-04
      3.292151   1.11373141E-02   5.30671912E-04
      3.297764   1.09296422E-02   5.18913900E-04
      3.303388   1.07677700E-02   5.11595683E-04
      3.309021   1.06361145E-02   5.07214474E-04
      3.314664   1.05042374E-02   5.02839199E-04
      3.320316   1.03721367E-02   4.98470279E-04
      3.325978   1.02398079E-02   4.94107946E-04
      3.331649   1.01072555E-02   4.89752876E-04
      3.337331   9.97447502E-03   4.85405314E-04
      3.343021   9.84147191E-03   4.81065970E-04
      3.348722   9.70823411E-03   4.76734939E-04
      3.354432   9.57477372E-03   4.72413132E-04
      3.360153   9.44109075E-03   4.68101109E-04
      3.365882   9.30717401E-03   4.63799029E-04
      3.371622   9.18121263E-03   4.61229791E-04
      3.377371   9.07585118E-03   4.63049746E-04
      3.383131   8.97030625E-03   4.64886174E-04
      3.388900   8.86458252E-03   4.66738841E-04
      3.394678   8.75867438E-03   4.68607765E-04
      3.400467   8.65259208E-03   4.70492695E-04
      3.406266   8.54632538E-03   4.72393728E-04
      3.412074   8.43987521E-03   4.74310733E-04
      3.417893   8.33324622E-03   4.76243545E-04
      3.423721   8.22643749E-03   4.78192102E-04
      3.429559   8.11944157E-03   4.80156454E-04
      3.435407   8.01226590E-03   4.82136370E-04
      3.441266   7.90490676E-03   4.84131836E-04
      3.447134   7.79736415E-03   4.86142739E-04
      3.453012   7.68590579E-03   4.91448102E-04
      3.458900   7.57069094E-03   4.99897817E-04
      3.464798   7.45527958E-03   5.08369519E-04
      3.470707   7.33967265E-03   5.16862866E-04
      3.476625   7.22386502E-03   5.25377851E-04
      3.482553   7.10786600E-03   5.33913486E-04
      3.488492   6.99166162E-03   5.42470567E-04
      3.494441   6.87526632E-03   5.51047772E-04
      3.500399   6.75733900E-03   5.60020850E-04
      3.506368   6.62065018E-03   5.74247476E-04
      3.512348   6.48372620E-03   5.88501866E-04
      3.518337   6.34657266E-03   6.02783248E-04
      3.524337   6.19408814E-03   6.20723237E-04
      3.530346   6.03554398E-03   6.40090496E-04
      3.536366   5.87672926E-03   6.59492303E-04
      3.542397   5.71176317E-03   6.80422664E-04
      3.548437   5.52452728E-03   7.06468782E-04
      3.554488   5.33480616E-03   7.33032345E-04
      3.560549   5.12707746E-03   7.63513592E-04
      3.566621   4.88952687E-03   8.00439441E-04
      3.572703   4.64943983E-03   8.37873662E-04
      3.578795   4.37226705E-03   8.83750763E-04
      3.584898   4.07238258E-03   9.34787758E-04
      3.591011   3.76318907E-03   9.87100345E-04
      3.597134   3.39532597E-03   1.04746846E-03
      3.603268   2.99486285E-03   1.11674549E-03
      3.609413   2.53005419E-03   1.19874659E-03
      3.615568   1.97782787E-03   1.29255042E-03
      3.621733   1.32586481E-03   1.40791618E-03
      3.627909   5.52274985E-04   1.54943779E-03
      3.634095  -3.84273008E-04   1.72540697E-03
      3.640292  -1.55864889E-03   1.95109984E-03
      3.646500  -3.12037044E-03   2.25766455E-03
      3.652718  -5.17251575E-03   2.66648982E-03
      3.658947  -8.19293223E-03   3.27683511E-03
      3.665186  -1.29568428E-02   4.24952573E-03
      3.671436  -2.18079314E-02   6.06952847E-03
      3.677697  -4.37468216E-02   1.05961149E-02
      3.683968  -2.07458079E-01   4.24888443E-02
      3.690250   1.11213654E-01   2.15187093E-02
      3.696543   4.79719713E-02   8.58238314E-03
      3.702846   3.24175060E-02   5.38679508E-03
      3.709161   2.54143272E-02   3.97219992E-03
      3.715486   2.13789754E-02   3.17132843E-03
      3.721821   1.83535628E-02   2.58072594E-03
      3.728168   1.64397433E-02   2.22827574E-03
      3.734525   1.47793433E-02   1.93913207E-03
      3.740893   1.35499435E-02   1.72808351E-03
      3.747273   1.24971820E-02   1.57036889E-03
      3.753663   1.16103981E-02   1.44782304E-03
      3.760063   1.09467143E-02   1.34612742E-03
      3.766475   1.08906282E-02   1.23445851E-03
      3.772898   1.19240023E-02   1.11871923E-03
      3.779332   1.30261211E-02   1.08627113E-03
      3.785776   1.32111115E-02   1.06140062E-03
      3.792232   1.28176259E-02   1.00774169E-03
      3.798698   1.23336772E-02   9.51302369E-04
      3.805176   1.18752429E-02   9.01343992E-04
      3.811665   1.14620356E-02   8.58932830E-04
      3.818165   1.10828299E-02   8.21113898E-04
      3.824675   1.07658459E-02   7.89890312E-04
      3.831197   1.04775317E-02   7.61167134E-04
      3.837730   1.02305477E-02   7.38632073E-04
      3.844275   9.98899713E-03   7.16950603E-04
      3.850830   9.74925701E-03   6.95485077E-04
      3.857397   9.54377837E-03   6.76356622E-04
      3.863974   9.34215356E-03   6.57369271E-04
      3.870563   9.13837273E-03   6.39514099E-04
      3.877164   8.93849693E-03   6.24419671E-04
      3.883775   8.79159756E-03   6.17529514E-04
      3.890398   8.57650489E-03   6.13588547E-04
      3.897032   8.36993661E-03   6.02374918E-04
      3.903677   8.31926614E-03   5.85161526E-04
      3.910334   8.26752838E-03   5.71845182E-04
      3.917002   8.20951816E-03   5.60891581E-04
      3.923681   8.19715485E-03   5.51819105E-04
      3.930372   8.29871185E-03   5.45732677E-04
      3.937074   8.32155906E-03   5.37958118E-04
      3.943788   8.17426480E-03   5.26834970E-04
      3.950513   8.09759274E-03   5.39361763E-04
      3.957249   7.96913262E-03   5.32529153E-04
      3.963997   7.85552803E-03   5.08364831E-04
      3.970757   7.74172926E-03   4.84311244E-04
      3.977528   7.64482515E-03   4.76863536E-04
      3.984311   7.48863444E-03   4.79346044E-04
      3.991105   7.21496204E-03   4.75425121E-04
      3.997911   6.81894459E-03   4.86677661E-04
      4.004728   6.20051194E-03   5.22840579E-04
      4.011557   6.02737674E-03   4.90351956E-04
      4.018398   6.44574175E-03   4.58245140E-04
      4.025250   7.50365481E-03   4.56999905E-04
      4.032114   8.40584654E-03   4.44253208E-04
      4.038990   8.81493464E-03   4.58318983E-04
      4.045877   9.11716279E-03   5.09058731E-04
      4.052776   9.01889149E-03   6.49560865E-04
      4.059687   9.23919212E-03   5.09200151E-04
      4.066610   9.39085148E-03   3.33740344E-04
      4.073544   9.02445149E-03   3.27517584E-04
      4.080491   8.92601535E-03   3.36666528E-04
      4.087449   9.04783886E-03   3.33713551E-04
      4.094419   9.26412642E-03   3.16028869E-04
      4.101401   9.25384834E-03   3.21560251E-04
      4.108395   9.04175080E-03   3.24630189E-04
      4.115400   8.69185757E-03   3.16413510E-04
      4.122418   8.86778906E-03   3.13289267E-04
      4.129448   9.19516943E-03   3.15706483E-04
      4.136489   9.48494766E-03   3.13050731E-04
      4.143543   9.43263713E-03   2.99947957E-04
      4.150609   9.75950528E-03   2.96042918E-04
      4.157687   1.01346998E-02   3.00305923E-04
      4.164776   1.03238029E-02   3.16604044E-04
      4.171878   1.04713459E-02   3.55094324E-04
      4.178992   1.06740305E-02   3.48701879E-04
      4.186118   1.09088672E-02   3.06705675E-04
      4.193257   1.10745300E-02   2.83185831E-04
      4.200407   1.12730479E-02   3.04010614E-04
      4.207570   1.11533999E-02   3.10344882E-04
      4.214745   1.05555225E-02   2.74800529E-04
      4.221932   1.06732175E-02   2.86803620E-04
      4.229131   1.06823388E-02   2.88742767E-04
      4.236343   1.05893370E-02   2.71918678E-04
      4.243567   1.07986229E-02   2.68260457E-04
      4.250803   9.96381044E-03   2.67660470E-04
      4.258052   9.19378456E-03   2.66739463E-04
      4.265313   8.91628861E-03   2.68020687E-04
      4.272586   9.05813556E-03   2.67095042E-04
      4.279872   9.13374778E-03   2.64406085E-04
      4.287170   9.05846804E-03   2.66371195E-04
      4.294481   8.97334050E-03   2.74738421E-04
      4.301804   8.86791386E-03   2.98024800E-04
      4.309139   8.75420496E-03   3.39720497E-04
      4.316487   8.60552955E-03   3.59935356E-04
      4.323848   8.39770213E-03   3.00047096E-04
      4.331221   8.30648560E-03   2.57993194E-04
      4.338607   8.32693558E-03   2.54235323E-04
      4.346005   8.29340890E-03   2.65478021E-04
      4.353416   8.24419875E-03   2.90826348E-04
      4.360840   8.23516026E-03   3.25855714E-04
      4.368276   8.24914314E-03   3.41973150E-04
      4.375725   8.28020182E-03   3.42798026E-04
      4.383186   8.32790788E-03   3.20707447E-04
      4.390661   8.35168269E-03   2.70607027E-04
      4.398148   8.64750054E-03   3.51400358E-04
      4.405648   9.14485846E-03   2.74074176E-04
      4.413160   9.31953173E-03   2.53827286E-04
      4.420686   9.27702151E-03   2.48247818E-04
      4.428224   9.39263124E-03   2.48393321E-04
      4.435775   9.78882704E-03   2.49655633E-04
      4.443339   9.99940373E-03   2.46567767E-04
      4.450916   1.00743109E-02   2.45471050E-04
      4.458506   1.00051239E-02   2.39899274E-04
      4.466109   9.90992319E-03   2.39945324E-04
      4.473725   9.82319005E-03   2.41655379E-04
      4.481353   9.78756323E-03   2.44326618E-04
      4.488995   9.82105266E-03   2.50360357E-04
      4.496650   9.88523662E-03   2.57392044E-04
      4.504318   9.88386292E-03   2.52273085E-04
      4.511999   9.81473830E-03   2.54679823E-04
      4.519693   9.74384975E-03   2.57272790E-04
      4.527400   9.67283733E-03   2.59874002E-04
      4.535120   9.60170291E-03   2.62483385E-04
      4.542853   9.56084114E-03   2.69617056E-04
      4.550600   9.57607757E-03   2.82761670E-04
      4.558360   9.64027271E-03   2.72807767E-04
      4.566133   9.70457494E-03   2.62856360E-04
      4.573919   9.73154418E-03   2.56111139E-04
      4.581719   9.72155016E-03   2.52587296E-04
      4.589532   9.71153844E-03   2.49143659E-04
      4.597358   9.70151089E-03   2.45784503E-04
      4.605198   9.65243112E-03   2.44745048E-04
      4.613050   9.58339125E-03   2.44863509E-04
      4.620917   9.51960683E-03   2.45486354E-04
      4.628797   9.49651096E-03   2.49912845E-04
      4.636690   9.47337598E-03   2.54410365E-04
      4.644596   9.45020188E-03   2.58975915E-04
      4.652516   9.44225211E-03   2.62423003E-04
      4.660450   9.46686883E-03   2.63713486E-04
      4.668397   9.48720146E-03   2.70859058E-04
      4.676358   9.50756576E-03   2.78087047E-04
      4.684332   9.52796731E-03   2.85393718E-04
      4.692320   9.54840239E-03   2.92773141E-04
      4.700322   9.56823118E-03   2.99960417E-04
      4.708337   9.57275275E-03   3.00957906E-04
      4.716365   9.58989561E-03   3.05754525E-04
      4.724408   9.61037073E-03   3.11587635E-04
      4.732464   9.63087939E-03   3.17477723E-04
      4.740534   9.65142436E-03   3.23422804E-04
      4.748618   9.67200194E-03   3.29420301E-04
      4.756715   9.69261676E-03   3.35468857E-04
      4.764827   9.71326604E-03   3.41566176E-04
      4.772952   9.73394979E-03   3.47710052E-04
      4.781091   9.75467078E-03   3.53899463E-04
      4.789244   9.77542531E-03   3.60132497E-04
      4.797410   9.79621615E-03   3.66407562E-04
      4.805591   9.80898179E-03   3.73533581E-04
      4.813786   9.81802959E-03   3.81053155E-04
      4.821994   9.82709322E-03   3.88586850E-04
      4.830217   9.83617269E-03   3.96134183E-04
      4.838454   9.84526705E-03   4.03695526E-04
      4.846704   9.85437725E-03   4.11270420E-04
      4.854969   9.86350235E-03   4.18858805E-04
      4.863248   9.87264328E-03   4.26461085E-04
      4.871541   9.88180004E-03   4.34077247E-04
      4.879848   9.89097171E-03   4.41706750E-04
      4.888169   9.90016013E-03   4.49350088E-04
      4.896505   9.90936346E-03   4.57007165E-04
      4.904854   9.92794242E-03   4.67906333E-04
      4.913218   9.95330513E-03   4.81242312E-04
      4.921596   9.97870881E-03   4.94704774E-04
      4.929989   1.00041572E-02   5.08286660E-04
      4.938396   1.00296484E-02   5.21980970E-04
      4.946817   1.00551844E-02   5.35781958E-04
      4.955252   1.00807622E-02   5.49682338E-04
      4.963702   1.01063848E-02   5.63678414E-04
      4.972166   1.01320511E-02   5.77764433E-04
      4.980645   1.01577612E-02   5.91936046E-04
      4.989138   1.01835141E-02   6.06189214E-04
      4.997646   1.02093117E-02   6.20521058E-04
      5.006168   1.02351522E-02   6.34927434E-04
      5.014705   1.02610383E-02   6.49405950E-04
      5.023256   1.02869682E-02   6.63952974E-04
      5.031822   1.03129419E-02   6.78566704E-04
      5.040402   1.03389593E-02   6.93243892E-04
      5.048997   1.03650233E-02   7.07983957E-04
      5.057607   1.03911292E-02   7.22782392E-04
      5.066231   1.04139280E-02   7.32990305E-04
      5.074870   1.04165971E-02   7.16188274E-04
      5.083524   1.04192710E-02   7.01065991E-04
      5.092193   1.04219494E-02   6.87744081E-04
      5.100876   1.04246316E-02   6.76339759E-04
      5.109574   1.04273194E-02   6.66963954E-04
      5.118287   1.04300110E-02   6.59713820E-04
      5.127015   1.04327071E-02   6.54672264E-04
      5.135758   1.04354080E-02   6.51901888E-04
      5.144516   1.04381144E-02   6.51443693E-04
      5.153288   1.04408246E-02   6.53314427E-04
      5.162076   1.04435394E-02   6.57506055E-04
      5.170878   1.04462588E-02   6.63986145E-04
      5.179696   1.04489829E-02   6.72700669E-04
      5.188528   1.04517117E-02   6.83575198E-04
      5.197376   1.04544451E-02   6.96520286E-04
      5.206239   1.04571832E-02   7.11433451E-04
      5.215117   1.04599260E-02   7.28205361E-04
      5.224010   1.04626734E-02   7.46721560E-04
      5.232918   1.04654264E-02   7.66866026E-04
      5.241841   1.04681831E-02   7.88524268E-04
      5.250780   1.04719037E-02   8.06941178E-04
      5.259733   1.04856864E-02   7.77312437E-04
      5.268703   1.04994932E-02   7.47635608E-04
      5.277687   1.05133234E-02   7.17907478E-04
      5.286687   1.05271759E-02   6.88131473E-04
      5.295702   1.05410535E-02   6.58304535E-04
      5.304732   1.05542941E-02   6.37127371E-04
      5.313778   1.05669573E-02   6.23830431E-04
      5.322839   1.05796410E-02   6.10511100E-04
      5.331916   1.05923470E-02   5.97169327E-04
      5.341008   1.06050735E-02   5.83805164E-04
      5.350116   1.06178233E-02   5.70417898E-04
      5.359239   1.06305936E-02   5.57007533E-04
      5.368377   1.06433863E-02   5.43574730E-04
      5.377532   1.06562013E-02   5.30118888E-04
      5.386702   1.06690377E-02   5.16639950E-04
      5.395887   1.06818955E-02   5.03137870E-04
      5.405089   1.06941778E-02   4.92837938E-04
      5.414305   1.07059972E-02   4.85131255E-04
      5.423538   1.07178362E-02   4.77411226E-04
      5.432786   1.07296957E-02   4.69678638E-04
      5.442051   1.07415756E-02   4.61933086E-04
      5.451331   1.07534053E-02   4.54437215E-04
      5.460626   1.07648345E-02   4.48502524E-04
      5.469938   1.07762832E-02   4.42558308E-04
      5.479266   1.07877515E-02   4.36603688E-04
      5.488609   1.07992394E-02   4.30639592E-04
      5.497968   1.08107468E-02   4.24665382E-04
      5.507344   1.08218314E-02   4.19979634E-04
      5.516735   1.08328117E-02   4.15646098E-04
      5.526142   1.08438106E-02   4.11305541E-04
      5.535566   1.08548291E-02   4.06957733E-04
      5.545005   1.08658653E-02   4.02602659E-04
      5.554460   1.08769219E-02   3.98240380E-04
      5.563932   1.08879954E-02   3.93871058E-04
      5.573420   1.08990893E-02   3.89494345E-04
      5.582924   1.09102018E-02   3.85110611E-04
      5.592444   1.09213330E-02   3.80719712E-04
      5.601980   1.09323608E-02   3.76597271E-04
      5.611533   1.09429406E-02   3.73522361E-04
      5.621102   1.09535381E-02   3.70442253E-04
      5.630687   1.09641533E-02   3.67357305E-04
      5.640289   1.09747872E-02   3.64267173E-04
      5.649907   1.09854396E-02   3.61171889E-04
      5.659541   1.09961098E-02   3.58071583E-04
      5.669192   1.10067986E-02   3.54966314E-04
      5.678860   1.10175051E-02   3.51855886E-04
      5.688543   1.10282293E-02   3.48740513E-04
      5.698244   1.10389730E-02   3.45619996E-04
      5.707960   1.10494252E-02   3.43018480E-04
      5.717694   1.10598262E-02   3.40528662E-04
      5.727444   1.10702449E-02   3.38034765E-04
      5.737210   1.10806823E-02   3.35536763E-04
      5.746994   1.10911364E-02   3.33034688E-04
      5.756794   1.11014564E-02   3.30746435E-04
      5.766610   1.11117270E-02   3.28551030E-04
      5.776444   1.11220144E-02   3.26351936E-04
      5.786294   1.11323195E-02   3.24149368E-04
      5.796161   1.11426422E-02   3.21943266E-04
      5.806045   1.11528570E-02   3.19891193E-04
      5.815945   1.11630093E-02   3.17936123E-04
      5.825863   1.11731803E-02   3.15977819E-04
      5.835797   1.11833671E-02   3.14016345E-04
      5.845749   1.11935716E-02   3.12051673E-04
      5.855717   1.12036830E-02   3.10207108E-04
      5.865702   1.12137301E-02   3.08451313E-04
      5.875705   1.12237930E-02   3.06692710E-04
      5.885724   1.12338737E-02   3.04931242E-04
      5.895761   1.12439720E-02   3.03166858E-04
      5.905814   1.12539819E-02   3.01504574E-04
      5.915885   1.12639321E-02   2.99916214E-04
      5.925973   1.12738991E-02   2.98325237E-04
      5.936078   1.12838838E-02   2.96731679E-04
      5.946201   1.12938853E-02   2.95135478E-04
      5.956340   1.13037946E-02   2.93633326E-04
      5.966497   1.13136563E-02   2.92186588E-04
      5.976672   1.13235349E-02   2.90737544E-04
      5.986863   1.13334302E-02   2.89286136E-04
      5.997072   1.13433432E-02   2.87832313E-04
      6.007299   1.13531537E-02   2.86472123E-04
      6.017542   1.13629345E-02   2.85148223E-04
      6.027804   1.13727311E-02   2.83822186E-04
      6.038082   1.13825453E-02   2.82493891E-04
      6.048379   1.13923755E-02   2.81163489E-04
      6.058693   1.14020882E-02   2.79929130E-04
      6.069024   1.14117926E-02   2.78711040E-04
      6.079373   1.14215137E-02   2.77490947E-04
      6.089740   1.14312507E-02   2.76268941E-04
      6.100124   1.14410035E-02   2.75046074E-04
      6.110527   1.14506204E-02   2.73922253E-04
      6.120946   1.14602540E-02   2.72796626E-04
      6.131384   1.14699043E-02   2.71669160E-04
      6.141839   1.14795715E-02   2.70539804E-04
      6.152313   1.14892218E-02   2.69428526E-04
      6.162804   1.14987725E-02   2.68385908E-04
      6.173313   1.15083391E-02   2.67341536E-04
      6.183840   1.15179224E-02   2.66295437E-04
      6.194385   1.15275225E-02   2.65247645E-04
      6.204948   1.15370713E-02   2.64235709E-04
      6.215528   1.15465596E-02   2.63264871E-04
      6.226127   1.15560638E-02   2.62292476E-04
      6.236744   1.15655847E-02   2.61318437E-04
      6.247379   1.15751214E-02   2.60342842E-04
      6.258033   1.15845688E-02   2.59419758E-04
      6.268704   1.15939975E-02   2.58512931E-04
      6.279394   1.16034420E-02   2.57604541E-04
      6.290101   1.16129033E-02   2.56694703E-04
      6.300827   1.16223702E-02   2.55788320E-04
      6.311572   1.16317263E-02   2.54940090E-04
      6.322335   1.16410991E-02   2.54090468E-04
      6.333116   1.16504868E-02   2.53239451E-04
      6.343915   1.16598913E-02   2.52387029E-04
      6.354733   1.16692539E-02   2.51558714E-04
      6.365569   1.16785560E-02   2.50761923E-04
      6.376424   1.16878739E-02   2.49963819E-04
      6.387297   1.16972076E-02   2.49164379E-04
      6.398189   1.17065581E-02   2.48363614E-04
      6.409099   1.17158145E-02   2.47605726E-04
      6.420028   1.17250644E-02   2.46855413E-04
      6.430976   1.17343310E-02   2.46103841E-04
      6.441942   1.17436126E-02   2.45351017E-04
      6.452927   1.17528765E-02   2.44609798E-04
      6.463931   1.17620602E-02   2.43902839E-04
      6.474954   1.17712608E-02   2.43194679E-04
      6.485995   1.17804762E-02   2.42485359E-04
      6.497055   1.17897084E-02   2.41774855E-04
      6.508134   1.17988624E-02   2.41095632E-04
      6.519232   1.18079977E-02   2.40427018E-04
      6.530349   1.18171498E-02   2.39757287E-04
      6.541484   1.18263168E-02   2.39086471E-04
      6.552639   1.18354699E-02   2.38424120E-04
      6.563813   1.18445428E-02   2.37791665E-04
      6.575006   1.18536325E-02   2.37158132E-04
      6.586218   1.18627362E-02   2.36523554E-04
      6.597449   1.18718566E-02   2.35887942E-04
      6.608699   1.18808961E-02   2.35280185E-04
      6.619968   1.18899234E-02   2.34679871E-04
      6.631257   1.18989656E-02   2.34078580E-04
      6.642565   1.19080236E-02   2.33476296E-04
      6.653892   1.19170547E-02   2.32884884E-04
      6.665238   1.19260214E-02   2.32315131E-04
      6.676604   1.19350031E-02   2.31744488E-04
      6.687989   1.19440006E-02   2.31172836E-04
      6.699394   1.19530130E-02   2.30600266E-04
      6.710818   1.19619258E-02   2.30057078E-04
      6.722261   1.19708478E-02   2.29514689E-04
      6.733724   1.19797848E-02   2.28971406E-04
      6.745207   1.19887367E-02   2.28427202E-04
      6.756709   1.19976345E-02   2.27899458E-04
      6.768231   1.20064970E-02   2.27383255E-04
      6.779772   1.20153744E-02   2.26866212E-04
      6.791333   1.20242666E-02   2.26348303E-04
      6.802914   1.20331440E-02   2.25836483E-04
      6.814515   1.20419478E-02   2.25344637E-04
      6.826135   1.20507665E-02   2.24851954E-04
      6.837775   1.20596001E-02   2.24358462E-04
      6.849435   1.20684495E-02   2.23864117E-04
      6.861115   1.20771993E-02   2.23393675E-04
      6.872815   1.20859593E-02   2.22923718E-04
      6.884534   1.20947333E-02   2.22452982E-04
      6.896274   1.21035231E-02   2.21981451E-04
      6.908034   1.21122459E-02   2.21525747E-04
      6.919814   1.21209463E-02   2.21077006E-04
      6.931614   1.21296616E-02   2.20627525E-04
      6.943434   1.21383928E-02   2.20177276E-04
      6.955274   1.21470848E-02   2.19736472E-04
      6.967134   1.21557266E-02   2.19307636E-04
      6.979015   1.21643823E-02   2.18878085E-04
      6.990915   1.21730538E-02   2.18447811E-04
      7.002837   1.21817114E-02   2.18021933E-04
      7.014778   1.21902935E-02   2.17611791E-04
      7.026740   1.21988906E-02   2.17200966E-04
      7.038722   1.22075016E-02   2.16789456E-04
      7.050725   1.22161210E-02   2.16378476E-04
      7.062748   1.22246426E-02   2.15985955E-04
      7.074791   1.22331791E-02   2.15592789E-04
      7.086856   1.22417295E-02   2.15198958E-04
      7.098940   1.22502958E-02   2.14804455E-04
      7.111046   1.22587672E-02   2.14426914E-04
      7.123172   1.22672422E-02   2.14050439E-04
      7.135318   1.22757321E-02   2.13673322E-04
      7.147486   1.22842360E-02   2.13295581E-04
      7.159674   1.22926598E-02   2.12931751E-04
      7.171883   1.23010734E-02   2.12571076E-04
      7.184112   1.23095009E-02   2.12209805E-04
      7.196363   1.23179434E-02   2.11847934E-04
      7.208635   1.23263150E-02   2.11497732E-04
      7.220927   1.23346653E-02   2.11152136E-04
      7.233240   1.23430295E-02   2.10805939E-04
      7.245575   1.23514086E-02   2.10459175E-04
      7.257930   1.23597234E-02   2.10122502E-04
      7.270306   1.23680094E-02   2.09791241E-04
      7.282704   1.23763084E-02   2.09459454E-04
      7.295123   1.23846224E-02   2.09127083E-04
      7.307563   1.23928757E-02   2.08803858E-04
      7.320024   1.24010947E-02   2.08486340E-04
      7.332506   1.24093276E-02   2.08168294E-04
      7.345010   1.24175744E-02   2.07849720E-04
      7.357535   1.24257607E-02   2.07539831E-04
      7.370081   1.24339117E-02   2.07235521E-04
      7.382649   1.24420756E-02   2.06930711E-04
      7.395238   1.24502545E-02   2.06625388E-04
      7.407848   1.24583766E-02   2.06327817E-04
      7.420480   1.24664688E-02   2.06034799E-04
      7.433134   1.24745751E-02   2.05741284E-04
      7.445809   1.24826366E-02   2.05453822E-04
      7.458506   1.24906423E-02   2.05173616E-04
      7.471225   1.24986609E-02   2.04892956E-04
      7.483965   1.25066945E-02   2.04611795E-04
      7.496727   1.25147412E-02   2.04330180E-04
      7.509510   1.25226453E-02   2.04064410E-04
      7.522316   1.25305085E-02   2.03803821E-04
      7.535143   1.25383865E-02   2.03542802E-04
      7.547992   1.25462767E-02   2.03281328E-04
      7.560863   1.25541808E-02   2.03019429E-04
      7.573756   1.25620980E-02   2.02757074E-04
      7.586671   1.25700291E-02   2.02494278E-04
      7.599608   1.25779742E-02   2.02231038E-04
      7.612567   1.25856670E-02   2.01992923E-04
      7.625549   1.25933634E-02   2.01755205E-04
      7.638552   1.26010748E-02   2.01517089E-04
      7.651577   1.26087982E-02   2.01278573E-04
      7.664625   1.26165347E-02   2.01039644E-04
      7.677695   1.26242852E-02   2.00800319E-04
      7.690787   1.26320478E-02   2.00560579E-04
      7.703902   1.26397386E-02   2.00328024E-04
      7.717039   1.26472386E-02   2.00113009E-04
      7.730198   1.26547515E-02   1.99897613E-04
      7.743380   1.26622766E-02   1.99681861E-04
      7.756584   1.26698157E-02   1.99465740E-04
      7.769811   1.26773668E-02   1.99249262E-04
      7.783060   1.26849310E-02   1.99032405E-04
      7.796332   1.26925083E-02   1.98815188E-04
      7.809627   1.26998741E-02   1.98615820E-04
      7.822944   1.27071673E-02   1.98423056E-04
      7.836284   1.27144726E-02   1.98229969E-04
      7.849647   1.27217900E-02   1.98036554E-04
      7.863032   1.27291204E-02   1.97842813E-04
      7.876440   1.27364630E-02   1.97648732E-04
      7.889872   1.27438186E-02   1.97454341E-04
      7.903326   1.27511034E-02   1.97265877E-04
      7.916803   1.27581488E-02   1.97096204E-04
      7.930303   1.27652055E-02   1.96926248E-04
      7.943826   1.27722742E-02   1.96755995E-04
      7.957372   1.27793550E-02   1.96585461E-04
      7.970941   1.27864480E-02   1.96414644E-04
      7.984533   1.27935531E-02   1.96243531E-04
      7.998149   1.28006702E-02   1.96072136E-04
      8.011787   1.28074801E-02   1.95923128E-04
      8.025449   1.28142517E-02   1.95777440E-04
      8.039134   1.28210345E-02   1.95631513E-04
      8.052843   1.28278295E-02   1.95485319E-04
      8.066575   1.28346356E-02   1.95338903E-04
      8.080330   1.28414538E-02   1.95192217E-04
      8.094109   1.28482832E-02   1.95045296E-04
      8.107912   1.28548872E-02   1.94914143E-04
      8.121737   1.28613263E-02   1.94794706E-04
      8.135587   1.28677757E-02   1.94675077E-04
      8.149460   1.28742363E-02   1.94555256E-04
      8.163357   1.28807090E-02   1.94435210E-04
      8.177277   1.28871910E-02   1.94314973E-04
      8.191221   1.28936851E-02   1.94194524E-04
      8.205189   1.29000144E-02   1.94085292E-04
      8.219181   1.29060578E-02   1.93995243E-04
      8.233197   1.29121114E-02   1.93905033E-04
      8.247236   1.29181752E-02   1.93814659E-04
      8.261299   1.29242484E-02   1.93724149E-04
      8.275387   1.29303336E-02   1.93633477E-04
      8.289498   1.29364282E-02   1.93542642E-04
      8.303634   1.29424110E-02   1.93460682E-04
      8.317793   1.29480492E-02   1.93404642E-04
      8.331977   1.29536977E-02   1.93348514E-04
      8.346185   1.29593555E-02   1.93292292E-04
      8.360417   1.29650226E-02   1.93235969E-04
      8.374674   1.29706999E-02   1.93179557E-04
      8.388955   1.29763866E-02   1.93123053E-04
      8.403260   1.29819140E-02   1.93075914E-04
      8.417589   1.29868770E-02   1.93060823E-04
      8.431943   1.29918484E-02   1.93045702E-04
      8.446322   1.29968282E-02   1.93030554E-04
      8.460724   1.30018163E-02   1.93015378E-04
      8.475152   1.30068138E-02   1.93000187E-04
      8.489604   1.30118188E-02   1.92984965E-04
      8.504081   1.30165992E-02   1.92984231E-04
      8.518582   1.30207939E-02   1.93020564E-04
      8.533108   1.30249951E-02   1.93056947E-04
      8.547659   1.30292038E-02   1.93093390E-04
      8.562235   1.30334198E-02   1.93129912E-04
      8.576836   1.30376425E-02   1.93166479E-04
      8.591461   1.30418725E-02   1.93203122E-04
      8.606112   1.30456639E-02   1.93267565E-04
      8.620787   1.30488370E-02   1.93370976E-04
      8.635487   1.30520156E-02   1.93474571E-04
      8.650213   1.30551998E-02   1.93578334E-04
      8.664964   1.30583895E-02   1.93682281E-04
      8.679739   1.30615849E-02   1.93786399E-04
      8.694540   1.30647849E-02   1.93890700E-04
      8.709367   1.30670713E-02   1.94052962E-04
      8.724218   1.30688250E-02   1.94249224E-04
      8.739095   1.30705815E-02   1.94445835E-04
      8.753997   1.30723407E-02   1.94642773E-04
      8.768925   1.30741037E-02   1.94840047E-04
      8.783878   1.30758686E-02   1.95037659E-04
      8.798856   1.30776372E-02   1.95235612E-04
      8.813860   1.30774621E-02   1.95557843E-04
      8.828890   1.30771250E-02   1.95890885E-04
      8.843945   1.30767878E-02   1.96224483E-04
      8.859026   1.30764497E-02   1.96558639E-04
      8.874133   1.30761117E-02   1.96893392E-04
      8.889265   1.30757727E-02   1.97228689E-04
      8.904424   1.30749801E-02   1.97593732E-04
      8.919608   1.30718444E-02   1.98111014E-04
      8.934818   1.30679831E-02   1.98676091E-04
      8.950054   1.30641153E-02   1.99242166E-04
      8.965316   1.30602410E-02   1.99809220E-04
      8.980604   1.30563593E-02   2.00377193E-04
      8.995918   1.30524719E-02   2.00946177E-04
      9.011258   1.30444178E-02   2.01792739E-04
      9.026624   1.30348401E-02   2.02741143E-04
      9.042016   1.30252447E-02   2.03691220E-04
      9.057435   1.30156334E-02   2.04642941E-04
      9.072880   1.30060064E-02   2.05596275E-04
      9.088352   1.29963625E-02   2.06551251E-04
      9.103849   1.29836220E-02   2.07722163E-04
      9.119373   1.29615245E-02   2.09544660E-04
      9.134924   1.29393889E-02   2.11370430E-04
      9.150501   1.29172150E-02   2.13199423E-04
      9.166105   1.28950030E-02   2.15031684E-04
      9.181735   1.28727546E-02   2.16867055E-04
      9.197392   1.28504671E-02   2.18705801E-04
      9.213076   1.28041571E-02   2.22350175E-04
      9.228786   1.27529744E-02   2.26362086E-04
      9.244524   1.27017051E-02   2.30381919E-04
      9.260288   1.26503520E-02   2.34409354E-04
      9.276079   1.25989085E-02   2.38444832E-04
      9.291896   1.25197414E-02   2.44716033E-04
      9.307741   1.24007594E-02   2.54390337E-04
      9.323613   1.22495200E-02   2.66874988E-04
      9.339512   1.20980265E-02   2.79391900E-04
      9.355438   1.18723242E-02   2.98789634E-04
      9.371391   1.15033798E-02   3.31490877E-04
      9.387372   1.11337965E-02   3.64290405E-04
      9.403379   1.04188519E-02   4.30182053E-04
      9.419414   9.09263082E-03   5.54637325E-04
      9.435477   5.81256067E-03   8.61793290E-04
      9.451566  -1.10895308E-02   2.36440013E-03
      9.467683   5.21490350E-02   2.80058226E-03
      9.483828   2.32911780E-02   9.25972657E-04
      9.500000   1.62566137E-02   6.14685525E-04
      9.516200   1.46634988E-02   4.73398482E-04
      9.532427   1.48312906E-02   3.96589776E-04
      9.548682   1.47328842E-02   3.51125326E-04
      9.564965   1.46134086E-02   3.30431527E-04
      9.581275   1.44938836E-02   3.11498296E-04
      9.597614   1.43741490E-02   2.92622112E-04
      9.613980   1.42948292E-02   2.85642522E-04
      9.630374   1.42223183E-02   2.80716796E-04
      9.646796   1.41496854E-02   2.75823306E-04
      9.663246   1.40769295E-02   2.70964509E-04
      9.679724   1.40040517E-02   2.66142960E-04
      9.696230   1.39310472E-02   2.61361154E-04
      9.712764   1.38726057E-02   2.60487110E-04
      9.729327   1.38184130E-02   2.60778876E-04
      9.745918   1.37641290E-02   2.61091353E-04
      9.762537   1.37097482E-02   2.61424610E-04
      9.779184   1.36552770E-02   2.61778635E-04
      9.795860   1.36007126E-02   2.62153474E-04
      9.812564   1.35184247E-02   2.68818666E-04
      9.829297   1.34268692E-02   2.77604039E-04
      9.846058   1.33351628E-02   2.86442028E-04
      9.862848   1.32432943E-02   2.95330394E-04
      9.879666   1.31512741E-02   3.04265248E-04
      9.896513   1.30590983E-02   3.13244529E-04
      9.913389   1.28485849E-02   3.47335564E-04
      9.930294   1.26068890E-02   3.88149238E-04
      9.947227   1.23647843E-02   4.29133101E-04
      9.964190   1.18452692E-02   5.37856545E-04
      9.981181   1.10279052E-02   7.19311106E-04
      9.998201   9.14701167E-03   1.15910176E-03
     10.015250  -6.64715772E-04   3.51824647E-03
     10.032329   2.67026871E-02   3.12117942E-03
     10.049436   1.82872266E-02   1.10374487E-03
     10.066573   1.64918993E-02   6.90731756E-04
     10.083739   1.57732964E-02   5.38120618E-04
     10.100934   1.55278016E-02   5.01259884E-04
     10.118158   1.52818980E-02   4.64350720E-04
     10.135412   1.50355725E-02   4.27394464E-04
     10.152695   1.47888381E-02   3.90397893E-04
     10.170008   1.45416679E-02   3.53363664E-04
     10.187350   1.42940758E-02   3.16303685E-04
     10.204722   1.40694473E-02   2.88718260E-04
     10.222123   1.39071494E-02   2.86561852E-04
     10.239554   1.37445759E-02   2.84407752E-04
     10.257015   1.35640521E-02   2.87627847E-04
     10.274506   1.33165885E-02   3.00001932E-04
     10.292026   1.29696904E-02   3.29760638E-04
     10.309576   1.23961922E-02   3.96149053E-04
     10.327157   1.11172944E-02   5.82216561E-04
     10.344767   6.05028961E-03   1.42450787E-03
     10.362407   2.59453971E-02   2.07160590E-03
     10.380077   1.74584389E-02   6.35326051E-04
     10.397778   1.60113014E-02   4.17705757E-04
     10.415508   1.52470171E-02   3.38503378E-04
     10.433269   1.50048723E-02   3.03961691E-04
     10.451060   1.47312852E-02   2.89618075E-04
     10.468882   1.44758290E-02   2.88323842E-04
     10.486734   1.41617153E-02   3.22149721E-04
     10.504616   1.38448244E-02   3.58979407E-04
     10.522529   1.35273924E-02   3.96246531E-04
     10.540472   1.32094165E-02   4.33856599E-04
     10.558446   1.24325976E-02   6.16928834E-04
     10.576451   1.30084800E-02   4.48593199E-04
     10.594486   1.73390862E-02   7.13567736E-04
     10.612552   1.62283722E-02   4.73541666E-04
     10.630649   1.56459622E-02   3.66262073E-04
     10.648777   1.54255824E-02   3.37708714E-04
     10.666935   1.52112013E-02   3.10680591E-04
     10.685125   1.49964383E-02   2.83865150E-04
     10.703346   1.48268556E-02   2.67813741E-04
     10.721597   1.47160264E-02   2.59158217E-04
     10.739880   1.45944189E-02   2.56620107E-04
     10.758194   1.44856516E-02   2.56257768E-04
     10.776539   1.43916784E-02   2.57273938E-04
     10.794916   1.43071478E-02   2.60239963E-04
     10.813324   1.42509174E-02   2.60511680E-04
     10.831763   1.42698819E-02   2.49566438E-04
     10.850233   1.44334389E-02   2.21575944E-04
     10.868736   1.47259003E-02   2.06410438E-04
     10.887269   1.50024872E-02   2.33572350E-04
     10.905835   1.51071576E-02   2.57052753E-04
     10.924432   1.50887016E-02   2.66878228E-04
     10.943060   1.50271505E-02   2.74879828E-04
     10.961721   1.49110062E-02   2.67936304E-04
     10.980413   1.48439016E-02   2.69943636E-04
     10.999137   1.48474844E-02   2.48794505E-04
     11.017893   1.50301121E-02   2.20160079E-04
     11.036681   1.52287008E-02   2.39063083E-04
     11.055501   1.52763557E-02   2.60656533E-04
     11.074354   1.52290342E-02   2.59040872E-04
     11.093238   1.51583077E-02   2.61093591E-04
     11.112155   1.50823863E-02   2.62304104E-04
     11.131103   1.50466487E-02   2.62637440E-04
     11.150084   1.50073217E-02   2.63404599E-04
     11.169098   1.49660846E-02   2.64908174E-04
     11.188144   1.49287786E-02   2.67221668E-04
     11.207222   1.48934340E-02   2.70284137E-04
     11.226333   1.48612643E-02   2.74207199E-04
     11.245477   1.48307020E-02   2.78831410E-04
     11.264653   1.48013663E-02   2.84184848E-04
     11.283862   1.47715937E-02   2.90259238E-04
     11.303103   1.47412131E-02   2.97271192E-04
     11.322378   1.47105819E-02   3.05374629E-04
     11.341685   1.46818794E-02   3.13594479E-04
     11.361025   1.46826953E-02   3.11207327E-04
     11.380398   1.46835130E-02   3.08993962E-04
     11.399804   1.46843316E-02   3.06959157E-04
     11.419244   1.46851521E-02   3.05107492E-04
     11.438716   1.46859735E-02   3.03443435E-04
     11.458222   1.46867959E-02   3.01971075E-04
     11.477761   1.46876210E-02   3.00694194E-04
     11.497333   1.46884462E-02   2.99616501E-04
     11.516939   1.46892965E-02   2.98719621E-04
     11.536578   1.46901524E-02   2.98037128E-04
     11.556250   1.46910092E-02   2.97576036E-04
     11.575956   1.46918669E-02   2.97338460E-04
     11.595696   1.46927275E-02   2.97326076E-04
     11.615469   1.46935880E-02   2.97540084E-04
     11.635276   1.46944514E-02   2.97981173E-04
     11.655117   1.46955205E-02   2.98589770E-04
     11.674992   1.47312544E-02   2.89257278E-04
     11.694901   1.47638852E-02   2.81183916E-04
     11.714843   1.47941737E-02   2.74057490E-04
     11.734820   1.48224114E-02   2.67757414E-04
     11.754830   1.48490360E-02   2.62104743E-04
     11.774875   1.48742152E-02   2.57029905E-04
     11.794954   1.48982303E-02   2.52419270E-04
     11.815067   1.49211818E-02   2.48230173E-04
     11.835214   1.49432579E-02   2.44387111E-04
     11.855396   1.49644408E-02   2.40893756E-04
     11.875612   1.49849607E-02   2.37659665E-04
     11.895863   1.50048593E-02   2.34666746E-04
     11.916148   1.50242345E-02   2.31877033E-04
     11.936468   1.50431069E-02   2.29280538E-04
     11.956822   1.50615498E-02   2.26848499E-04
     11.977212   1.50795802E-02   2.24573603E-04
     11.997635   1.50972549E-02   2.22433661E-04
     12.018094   1.51145821E-02   2.20423482E-04
     12.038588   1.51316104E-02   2.18525388E-04
     12.059116   1.51483314E-02   2.16740256E-04
     12.079680   1.51647776E-02   2.15055925E-04
     12.100279   1.51809929E-02   2.13456528E-04
     12.120912   1.51969809E-02   2.11938737E-04
     12.141581   1.52127566E-02   2.10497290E-04
     12.162286   1.52283432E-02   2.09123298E-04
     12.183025   1.52437417E-02   2.07815530E-04
     12.203800   1.52589744E-02   2.06566163E-04
     12.224610   1.52740404E-02   2.05374290E-04
     12.245456   1.52889593E-02   2.04233306E-04
     12.266337   1.53037319E-02   2.03142483E-04
     12.287254   1.53183714E-02   2.02096279E-04
     12.308207   1.53328795E-02   2.01094174E-04
     12.329195   1.53472638E-02   2.00132963E-04
     12.350219   1.53615279E-02   1.99210805E-04
     12.371279   1.53756812E-02   1.98324919E-04
     12.392375   1.53897302E-02   1.97472156E-04
     12.413507   1.54036833E-02   1.96650142E-04
     12.434675   1.54175395E-02   1.95858704E-04
     12.455879   1.54313082E-02   1.95094700E-04
     12.477119   1.54449875E-02   1.94358085E-04
     12.498396   1.54585866E-02   1.93646110E-04
     12.519708   1.54721038E-02   1.92958778E-04
     12.541057   1.54855475E-02   1.92293640E-04
     12.562443   1.54989157E-02   1.91650756E-04
     12.583865   1.55122159E-02   1.91027980E-04
     12.605323   1.55254463E-02   1.90425291E-04
     12.626818   1.55386142E-02   1.89840844E-04
     12.648350   1.55517180E-02   1.89274614E-04
     12.669918   1.55647593E-02   1.88725432E-04
     12.691523   1.55777456E-02   1.88192108E-04
     12.713165   1.55906733E-02   1.87674706E-04
     12.734844   1.56035479E-02   1.87171860E-04
     12.756560   1.56163676E-02   1.86683645E-04
     12.778313   1.56270657E-02   1.86209414E-04
     12.800103   1.56396721E-02   1.85747666E-04
     12.821930   1.56523995E-02   1.85298648E-04
     12.843794   1.56650860E-02   1.84861232E-04
     12.865696   1.56777315E-02   1.84435515E-04
     12.887635   1.56903397E-02   1.84020498E-04
     12.909611   1.57029070E-02   1.83616281E-04
     12.931625   1.57154370E-02   1.83222132E-04
     12.953677   1.57279335E-02   1.82837556E-04
     12.975766   1.57403946E-02   1.82462576E-04
     12.997892   1.57528222E-02   1.82084491E-04
     13.020057   1.57661550E-02   1.81774776E-04
     13.042259   1.57796573E-02   1.81494341E-04
     13.064499   1.57931801E-02   1.81213450E-04
     13.086777   1.58067271E-02   1.80932103E-04
     13.109093   1.58202965E-02   1.80650286E-04
     13.131447   1.58338901E-02   1.80368014E-04
     13.153839   1.58475060E-02   1.80085271E-04
     13.176270   1.58611462E-02   1.79802074E-04
     13.198738   1.58748087E-02   1.79518406E-04
     13.221245   1.58884935E-02   1.79234271E-04
     13.243790   1.59022044E-02   1.78949680E-04
     13.266374   1.59159359E-02   1.78664621E-04
     13.288996   1.59296934E-02   1.78379093E-04
     13.311657   1.59434713E-02   1.78093098E-04
     13.334357   1.59572754E-02   1.77806647E-04
     13.357095   1.59711018E-02   1.77519715E-04
     13.379872   1.59849524E-02   1.77232316E-04
     13.402687   1.59988254E-02   1.76944447E-04
     13.425542   1.60127226E-02   1.76656113E-04
     13.448436   1.60266440E-02   1.76367296E-04
     13.471369   1.60405897E-02   1.76078013E-04
     13.494340   1.60545576E-02   1.75788276E-04
     13.517351   1.60653908E-02   1.75575845E-04
     13.540402   1.60752106E-02   1.75388474E-04
     13.563491   1.60850473E-02   1.75200792E-04
     13.586620   1.60949007E-02   1.75012787E-04
     13.609788   1.61047690E-02   1.74824488E-04
     13.632996   1.61146559E-02   1.74635864E-04
     13.656244   1.61245596E-02   1.74446945E-04
     13.679531   1.61344800E-02   1.74257702E-04
     13.702857   1.61444172E-02   1.74068136E-04
     13.726224   1.61543712E-02   1.73878261E-04
     13.749630   1.61643419E-02   1.73688077E-04
     13.773077   1.61743313E-02   1.73497555E-04
     13.796563   1.61843356E-02   1.73306738E-04
     13.820089   1.61943585E-02   1.73115598E-04
     13.843656   1.62043981E-02   1.72924135E-04
     13.867262   1.62144545E-02   1.72732363E-04
     13.890909   1.62245277E-02   1.72540269E-04
     13.914596   1.62346195E-02   1.72347851E-04
     13.938324   1.62447263E-02   1.72155111E-04
     13.962092   1.62548516E-02   1.71962062E-04
     13.985901   1.62649937E-02   1.71768690E-04
     14.009750   1.62755828E-02   1.71598289E-04
     14.033640   1.62868109E-02   1.71461339E-04
     14.057570   1.62980594E-02   1.71324148E-04
     14.081542   1.63093247E-02   1.71186742E-04
     14.105554   1.63206104E-02   1.71049096E-04
     14.129607   1.63319167E-02   1.70911221E-04
     14.153702   1.63432397E-02   1.70773119E-04
     14.177837   1.63545832E-02   1.70634787E-04
     14.202013   1.63659472E-02   1.70496214E-04
     14.226231   1.63773298E-02   1.70357414E-04
     14.250490   1.63887311E-02   1.70218386E-04
     14.274791   1.64001510E-02   1.70079116E-04
     14.299132   1.64115913E-02   1.69939619E-04
     14.323516   1.64230522E-02   1.69799892E-04
     14.347941   1.64345317E-02   1.69659925E-04
     14.372407   1.64460316E-02   1.69519716E-04
     14.396915   1.64575502E-02   1.69379279E-04
     14.421466   1.64690893E-02   1.69238614E-04
     14.446057   1.64806470E-02   1.69097708E-04
     14.470691   1.64922252E-02   1.68956560E-04
     14.495367   1.65038221E-02   1.68815184E-04
     14.520085   1.65149570E-02   1.68701975E-04
     14.544845   1.65260006E-02   1.68595154E-04
     14.569648   1.65370628E-02   1.68488149E-04
     14.594492   1.65481437E-02   1.68380955E-04
     14.619379   1.65592432E-02   1.68273589E-04
     14.644309   1.65703613E-02   1.68166037E-04
     14.669281   1.65814981E-02   1.68058313E-04
     14.694295   1.65926553E-02   1.67950401E-04
     14.719352   1.66038312E-02   1.67842304E-04
     14.744452   1.66150257E-02   1.67734033E-04
     14.769595   1.66262388E-02   1.67625576E-04
     14.794780   1.66374706E-02   1.67516933E-04
     14.820009   1.66487228E-02   1.67408117E-04
     14.845281   1.66599937E-02   1.67299101E-04
     14.870595   1.66712850E-02   1.67189913E-04
     14.895953   1.66825950E-02   1.67080538E-04
     14.921354   1.66939236E-02   1.66970976E-04
     14.946798   1.67052709E-02   1.66861241E-04
     14.972286   1.67166386E-02   1.66751307E-04
     14.997817   1.67280249E-02   1.66641200E-04
     15.023392   1.67387296E-02   1.66560157E-04
     15.049011   1.67493876E-02   1.66481719E-04
     15.074673   1.67600624E-02   1.66403138E-04
     15.100378   1.67707559E-02   1.66324426E-04
     15.126128   1.67814679E-02   1.66245583E-04
     15.151922   1.67921986E-02   1.66166610E-04
     15.177759   1.68029480E-02   1.66087506E-04
     15.203641   1.68137141E-02   1.66008258E-04
     15.229566   1.68244988E-02   1.65928879E-04
     15.255536   1.68353021E-02   1.65849370E-04
     15.281551   1.68461241E-02   1.65769729E-04
     15.307609   1.68569647E-02   1.65689944E-04
     15.333712   1.68678239E-02   1.65610028E-04
     15.359860   1.68787017E-02   1.65529982E-04
     15.386052   1.68895982E-02   1.65449791E-04
     15.412289   1.69005115E-02   1.65369471E-04
     15.438570   1.69114452E-02   1.65289004E-04
     15.464897   1.69223957E-02   1.65208421E-04
     15.491268   1.69333667E-02   1.65127680E-04
     15.517684   1.69443563E-02   1.65046822E-04
     15.544145   1.69553645E-02   1.64965806E-04
     15.570652   1.69663914E-02   1.64884672E-04
     15.597203   1.69774368E-02   1.64803395E-04
     15.623800   1.69885010E-02   1.64721973E-04
     15.650442   1.69995837E-02   1.64640420E-04
     15.677130   1.70106851E-02   1.64558735E-04
     15.703863   1.70218069E-02   1.64476908E-04
     15.730642   1.70329474E-02   1.64394934E-04
     15.757466   1.70441065E-02   1.64312831E-04
     15.784336   1.70552842E-02   1.64230582E-04
     15.811252   1.70664806E-02   1.64148190E-04
     15.838214   1.70776974E-02   1.64065667E-04
     15.865222   1.70889329E-02   1.63983012E-04
     15.892276   1.71001870E-02   1.63900199E-04
     15.919376   1.71114597E-02   1.63817255E-04
     15.946522   1.71227530E-02   1.63734181E-04
     15.973714   1.71340667E-02   1.63650947E-04
     16.000953   1.71453673E-02   1.63568506E-04
     16.028239   1.71558727E-02   1.63511209E-04
     16.055570   1.71663947E-02   1.63453811E-04
     16.082949   1.71769354E-02   1.63396324E-04
     16.110374   1.71874948E-02   1.63338721E-04
     16.137846   1.71980709E-02   1.63281044E-04
     16.165365   1.72086656E-02   1.63223250E-04
     16.192930   1.72192790E-02   1.63165369E-04
     16.220543   1.72299091E-02   1.63107385E-04
     16.248203   1.72405578E-02   1.63049313E-04
     16.275910   1.72512252E-02   1.62991126E-04
     16.303664   1.72619112E-02   1.62932849E-04
     16.331466   1.72726139E-02   1.62874470E-04
     16.359315   1.72833353E-02   1.62816003E-04
     16.387211   1.72940772E-02   1.62757420E-04
     16.415155   1.73048358E-02   1.62698749E-04
     16.443147   1.73156112E-02   1.62639977E-04
     16.471186   1.73264071E-02   1.62581100E-04
     16.499273   1.73372198E-02   1.62522123E-04
     16.527408   1.73480529E-02   1.62463057E-04
     16.555591   1.73589028E-02   1.62403874E-04
     16.583822   1.73697714E-02   1.62344604E-04
     16.612102   1.73806604E-02   1.62285231E-04
     16.640429   1.73915643E-02   1.62225756E-04
     16.668805   1.74024887E-02   1.62166178E-04
     16.697229   1.74134336E-02   1.62106499E-04
     16.725702   1.74243953E-02   1.62046717E-04
     16.754223   1.74353756E-02   1.61986847E-04
     16.782793   1.74463745E-02   1.61926861E-04
     16.811411   1.74573939E-02   1.61866771E-04
     16.840079   1.74684301E-02   1.61806595E-04
     16.868795   1.74794868E-02   1.61746302E-04
     16.897560   1.74905602E-02   1.61685907E-04
     16.926374   1.75016541E-02   1.61625421E-04
     16.955238   1.75127666E-02   1.61564821E-04
     16.984150   1.75238978E-02   1.61504133E-04
     17.013112   1.75346937E-02   1.61450506E-04
     17.042124   1.75450798E-02   1.61405504E-04
     17.071184   1.75554845E-02   1.61360427E-04
     17.100295   1.75659060E-02   1.61315263E-04
     17.129455   1.75763443E-02   1.61270026E-04
     17.158664   1.75868012E-02   1.61224714E-04
     17.187924   1.75972767E-02   1.61179330E-04
     17.217233   1.76077690E-02   1.61133857E-04
     17.246593   1.76182799E-02   1.61088311E-04
     17.276002   1.76288094E-02   1.61042690E-04
     17.305462   1.76393557E-02   1.60996983E-04
     17.334971   1.76499207E-02   1.60951216E-04
     17.364532   1.76605023E-02   1.60905360E-04
     17.394142   1.76711027E-02   1.60859417E-04
     17.423803   1.76817216E-02   1.60813414E-04
     17.453515   1.76923573E-02   1.60767324E-04
     17.483277   1.77030135E-02   1.60721160E-04
     17.513090   1.77136865E-02   1.60674908E-04
     17.542954   1.77243780E-02   1.60628582E-04
     17.572869   1.77350864E-02   1.60582183E-04
     17.602835   1.77458152E-02   1.60535694E-04
     17.632852   1.77565608E-02   1.60489134E-04
     17.662920   1.77673250E-02   1.60442499E-04
     17.693039   1.77781079E-02   1.60395776E-04
     17.723210   1.77889094E-02   1.60348980E-04
     17.753432   1.77997276E-02   1.60302095E-04
     17.783706   1.78105664E-02   1.60255151E-04
     17.814031   1.78214237E-02   1.60208105E-04
     17.844408   1.78322978E-02   1.60160985E-04
     17.874837   1.78431906E-02   1.60113791E-04
     17.905318   1.78541038E-02   1.60066510E-04
     17.935850   1.78650338E-02   1.60019155E-04
     17.966435   1.78759843E-02   1.59971712E-04
     17.997072   1.78869516E-02   1.59924195E-04
     18.027761   1.78973284E-02   1.59886334E-04
     18.058503   1.79076567E-02   1.59849436E-04
     18.089297   1.79180037E-02   1.59812478E-04
     18.120143   1.79283693E-02   1.59775461E-04
     18.151042   1.79387499E-02   1.59738371E-04
     18.181994   1.79491509E-02   1.59701223E-04
     18.212998   1.79595668E-02   1.59664014E-04
     18.244056   1.79700032E-02   1.59626747E-04
     18.275166   1.79804564E-02   1.59589405E-04
     18.306329   1.79909281E-02   1.59552005E-04
     18.337546   1.80014148E-02   1.59514545E-04
     18.368816   1.80119220E-02   1.59477013E-04
     18.400139   1.80224478E-02   1.59439421E-04
     18.431515   1.80329904E-02   1.59401769E-04
     18.462945   1.80435497E-02   1.59364043E-04
     18.494429   1.80541277E-02   1.59326259E-04
     18.525966   1.80647261E-02   1.59288415E-04
     18.557557   1.80753395E-02   1.59250498E-04
     18.589202   1.80859733E-02   1.59212523E-04
     18.620901   1.80966239E-02   1.59174487E-04
     18.652654   1.81072932E-02   1.59136378E-04
     18.684461   1.81179792E-02   1.59098210E-04
     18.716323   1.81286857E-02   1.59059968E-04
     18.748238   1.81394089E-02   1.59021667E-04
     18.780208   1.81501508E-02   1.58983307E-04
     18.812233   1.81609113E-02   1.58944873E-04
     18.844312   1.81716904E-02   1.58906380E-04
     18.876446   1.81824863E-02   1.58867813E-04
     18.908635   1.81933027E-02   1.58829187E-04
     18.940878   1.82041358E-02   1.58790489E-04
     18.973177   1.82149876E-02   1.58751729E-04
     19.005531   1.82257537E-02   1.58714243E-04
     19.037939   1.82360280E-02   1.58683168E-04
     19.070404   1.82463191E-02   1.58652048E-04
     19.102923   1.82566270E-02   1.58620882E-04
     19.135498   1.82669535E-02   1.58589646E-04
     19.168128   1.82772987E-02   1.58558375E-04
     19.200814   1.82876587E-02   1.58527035E-04
     19.233556   1.82980392E-02   1.58495648E-04
     19.266354   1.83084346E-02   1.58464216E-04
     19.299208   1.83188505E-02   1.58432712E-04
     19.332117   1.83292814E-02   1.58401176E-04
     19.365083   1.83397327E-02   1.58369568E-04
     19.398105   1.83502007E-02   1.58337914E-04
     19.431183   1.83606856E-02   1.58306201E-04
     19.464318   1.83711890E-02   1.58274444E-04
     19.497509   1.83817111E-02   1.58242628E-04
     19.530757   1.83922499E-02   1.58210753E-04
     19.564061   1.84028093E-02   1.58178833E-04
     19.597422   1.84133835E-02   1.58146853E-04
     19.630841   1.84239764E-02   1.58114815E-04
     19.664316   1.84345897E-02   1.58082732E-04
     19.697848   1.84452180E-02   1.58050590E-04
     19.731437   1.84558667E-02   1.58018388E-04
     19.765084   1.84665322E-02   1.57986142E-04
     19.798788   1.84772164E-02   1.57953823E-04
     19.832550   1.84879191E-02   1.57921472E-04
     19.866369   1.84986405E-02   1.57889049E-04
     19.900245   1.85093787E-02   1.57856581E-04
     19.934180   1.85201354E-02   1.57824054E-04
     19.968172   1.85309108E-02   1.57791467E-04
     20.002223   1.85416639E-02   1.57759231E-04
     20.036331   1.85518283E-02   1.57732725E-04
     20.070498   1.85620096E-02   1.57706162E-04
     20.104723   1.85722075E-02   1.57679567E-04
     20.139006   1.85824241E-02   1.57652913E-04
     20.173347   1.85926575E-02   1.57626229E-04
     20.207748   1.86029095E-02   1.57599486E-04
     20.242207   1.86131783E-02   1.57572698E-04
     20.276724   1.86234638E-02   1.57545881E-04
     20.311301   1.86337680E-02   1.57519004E-04
     20.345936   1.86440889E-02   1.57492082E-04
     20.380631   1.86544284E-02   1.57465116E-04
     20.415384   1.86647847E-02   1.57438105E-04
     20.450197   1.86751597E-02   1.57411049E-04
     20.485070   1.86855514E-02   1.57383935E-04
     20.520001   1.86959617E-02   1.57356790E-04
     20.554993   1.87063888E-02   1.57329587E-04
     20.590044   1.87168326E-02   1.57302352E-04
     20.625155   1.87272970E-02   1.57275060E-04
     20.660325   1.87377781E-02   1.57247723E-04
     20.695556   1.87482759E-02   1.57220341E-04
     20.730847   1.87587924E-02   1.57192913E-04
     20.766198   1.87693276E-02   1.57165442E-04
     20.801609   1.87798794E-02   1.57137911E-04
     20.837080   1.87904499E-02   1.57110350E-04
     20.872612   1.88010391E-02   1.57082730E-04
     20.908205   1.88116450E-02   1.57055065E-04
     20.943858   1.88222695E-02   1.57027356E-04
     20.979572   1.88329127E-02   1.56999602E-04
     21.015348   1.88450478E-02   1.56973964E-04
     21.051184   1.88591667E-02   1.56951174E-04
     21.087081   1.88733097E-02   1.56928354E-04
     21.123039   1.88874770E-02   1.56905490E-04
     21.159059   1.89016685E-02   1.56882582E-04
     21.195140   1.89158842E-02   1.56859644E-04
     21.231282   1.89301260E-02   1.56836660E-04
     21.267487   1.89443901E-02   1.56813632E-04
     21.303753   1.89586785E-02   1.56790574E-04
     21.340081   1.89729910E-02   1.56767485E-04
     21.376470   1.89873297E-02   1.56744339E-04
     21.412922   1.90016907E-02   1.56721162E-04
     21.449436   1.90160777E-02   1.56697941E-04
     21.486012   1.90304890E-02   1.56674689E-04
     21.522651   1.90449245E-02   1.56651392E-04
     21.559352   1.90593842E-02   1.56628052E-04
     21.596116   1.90738682E-02   1.56604680E-04
     21.632942   1.90883782E-02   1.56581265E-04
     21.669831   1.91029143E-02   1.56557805E-04
     21.706783   1.91174727E-02   1.56534314E-04
     21.743799   1.91320572E-02   1.56510779E-04
     21.780877   1.91466641E-02   1.56487200E-04
     21.818018   1.91612989E-02   1.56463590E-04
     21.855223   1.91759579E-02   1.56439921E-04
     21.892491   1.91906411E-02   1.56416237E-04
     21.929823   1.92053504E-02   1.56392494E-04
     21.967218   1.92200840E-02   1.56368720E-04
     22.004678   1.92337520E-02   1.56345278E-04
     22.042201   1.92397945E-02   1.56324527E-04
     22.079788   1.92458462E-02   1.56303731E-04
     22.117439   1.92519072E-02   1.56282906E-04
     22.155154   1.92579795E-02   1.56262051E-04
     22.192934   1.92640610E-02   1.56241151E-04
     22.230778   1.92701556E-02   1.56220206E-04
     22.268687   1.92762576E-02   1.56199247E-04
     22.306660   1.92823708E-02   1.56178228E-04
     22.344698   1.92884952E-02   1.56157194E-04
     22.382801   1.92946307E-02   1.56136115E-04
     22.420969   1.93007756E-02   1.56115007E-04
     22.459202   1.93069316E-02   1.56093854E-04
     22.497500   1.93130970E-02   1.56072671E-04
     22.535863   1.93192735E-02   1.56051444E-04
     22.574292   1.93254594E-02   1.56030186E-04
     22.612786   1.93316583E-02   1.56008899E-04
     22.651346   1.93378665E-02   1.55987568E-04
     22.689972   1.93440840E-02   1.55966206E-04
     22.728664   1.93503145E-02   1.55944800E-04
     22.767422   1.93565544E-02   1.55923364E-04
     22.806245   1.93628054E-02   1.55901883E-04
     22.845135   1.93690658E-02   1.55880373E-04
     22.884091   1.93753373E-02   1.55858818E-04
     22.923114   1.93816200E-02   1.55837233E-04
     22.962203   1.93879139E-02   1.55815618E-04
     23.001359   1.93943493E-02   1.55794076E-04
     23.040582   1.94044691E-02   1.55775933E-04
     23.079871   1.94146056E-02   1.55757759E-04
     23.119228   1.94247607E-02   1.55739556E-04
     23.158652   1.94349308E-02   1.55721324E-04
     23.198142   1.94451194E-02   1.55703061E-04
     23.237701   1.94553267E-02   1.55684753E-04
     23.277326   1.94655489E-02   1.55666430E-04
     23.317020   1.94757897E-02   1.55648063E-04
     23.356780   1.94860492E-02   1.55629681E-04
     23.396609   1.94963235E-02   1.55611254E-04
     23.436506   1.95066184E-02   1.55592797E-04
     23.476471   1.95169281E-02   1.55574323E-04
     23.516503   1.95272584E-02   1.55555806E-04
     23.556604   1.95376035E-02   1.55537259E-04
     23.596774   1.95479672E-02   1.55518668E-04
     23.637012   1.95583496E-02   1.55500061E-04
     23.677318   1.95687469E-02   1.55481424E-04
     23.717694   1.95791647E-02   1.55462743E-04
     23.758138   1.95895992E-02   1.55444033E-04
     23.798651   1.96000524E-02   1.55425306E-04
     23.839233   1.96105223E-02   1.55406534E-04
     23.879885   1.96210090E-02   1.55387719E-04
     23.920605   1.96315162E-02   1.55368888E-04
     23.961396   1.96420401E-02   1.55350028E-04
     24.002255   1.96525566E-02   1.55331270E-04
     24.043185   1.96626671E-02   1.55314869E-04
     24.084184   1.96727924E-02   1.55298438E-04
     24.125253   1.96829382E-02   1.55281976E-04
     24.166392   1.96930990E-02   1.55265499E-04
     24.207601   1.97032765E-02   1.55248978E-04
     24.248881   1.97134726E-02   1.55232441E-04
     24.290231   1.97236873E-02   1.55215875E-04
     24.331651   1.97339170E-02   1.55199265E-04
     24.373143   1.97441652E-02   1.55182638E-04
     24.414704   1.97544321E-02   1.55165982E-04
     24.456337   1.97647139E-02   1.55149310E-04
     24.498041   1.97750162E-02   1.55132595E-04
     24.539816   1.97853334E-02   1.55115850E-04
     24.581662   1.97956692E-02   1.55099089E-04
     24.623579   1.98060237E-02   1.55082284E-04
     24.665568   1.98163949E-02   1.55065464E-04
     24.707629   1.98267829E-02   1.55048613E-04
     24.749761   1.98371913E-02   1.55031732E-04
     24.791965   1.98476147E-02   1.55014822E-04
     24.834241   1.98580567E-02   1.54997869E-04
     24.876589   1.98685173E-02   1.54980912E-04
     24.919009   1.98789947E-02   1.54963913E-04
     24.961502   1.98894907E-02   1.54946884E-04
     25.004067   1.98999681E-02   1.54930074E-04
     25.046705   1.99101157E-02   1.54915562E-04
     25.089415   1.99202802E-02   1.54901022E-04
     25.132199   1.99304633E-02   1.54886467E-04
     25.175055   1.99406631E-02   1.54871881E-04
     25.217984   1.99508797E-02   1.54857280E-04
     25.260987   1.99611150E-02   1.54842649E-04
     25.304063   1.99713670E-02   1.54827988E-04
     25.347212   1.99816357E-02   1.54813298E-04
     25.390435   1.99919231E-02   1.54798593E-04
     25.433731   2.00022273E-02   1.54783857E-04
     25.477102   2.00125501E-02   1.54769106E-04
     25.520546   2.00228896E-02   1.54754325E-04
     25.564065   2.00332478E-02   1.54739514E-04
     25.607657   2.00436227E-02   1.54724675E-04
     25.651324   2.00540144E-02   1.54709818E-04
     25.695066   2.00644266E-02   1.54694932E-04
     25.738882   2.00748537E-02   1.54680017E-04
     25.782772   2.00852994E-02   1.54665086E-04
     25.826738   2.00957637E-02   1.54650126E-04
     25.870779   2.01062467E-02   1.54635135E-04
     25.914894   2.01167464E-02   1.54620129E-04
     25.959085   2.01272629E-02   1.54605093E-04
     26.003351   2.01377608E-02   1.54590135E-04
     26.047693   2.01478265E-02   1.54576449E-04
     26.092110   2.01579090E-02   1.54562735E-04
     26.136604   2.01680101E-02   1.54549004E-04
     26.181173   2.01781262E-02   1.54535244E-04
     26.225817   2.01882608E-02   1.54521468E-04
     26.270539   2.01984122E-02   1.54507663E-04
     26.315336   2.02085823E-02   1.54493828E-04
     26.360210   2.02187672E-02   1.54479978E-04
     26.405160   2.02289708E-02   1.54466099E-04
     26.450187   2.02391930E-02   1.54452203E-04
     26.495291   2.02494320E-02   1.54438279E-04
     26.540471   2.02596877E-02   1.54424339E-04
     26.585729   2.02699602E-02   1.54410368E-04
     26.631064   2.02802513E-02   1.54396369E-04
     26.676476   2.02905592E-02   1.54382354E-04
     26.721965   2.03008857E-02   1.54368310E-04
     26.767532   2.03112289E-02   1.54354250E-04
     26.813177   2.03215908E-02   1.54340160E-04
     26.858900   2.03319695E-02   1.54326041E-04
     26.904701   2.03423668E-02   1.54311906E-04
     26.950579   2.03527808E-02   1.54297742E-04
     26.996536   2.03632135E-02   1.54283549E-04
     27.042572   2.03733221E-02   1.54271069E-04
     27.088686   2.03834213E-02   1.54258707E-04
     27.134878   2.03935374E-02   1.54246329E-04
     27.181149   2.04036720E-02   1.54233922E-04
     27.227499   2.04138216E-02   1.54221500E-04
     27.273929   2.04239897E-02   1.54209061E-04
     27.320437   2.04341747E-02   1.54196593E-04
     27.367025   2.04443783E-02   1.54184097E-04
     27.413692   2.04545986E-02   1.54171599E-04
     27.460439   2.04648357E-02   1.54159058E-04
     27.507265   2.04750914E-02   1.54146515E-04
     27.554171   2.04853639E-02   1.54133942E-04
     27.601157   2.04956532E-02   1.54121340E-04
     27.648224   2.05059610E-02   1.54108724E-04
     27.695370   2.05162857E-02   1.54096090E-04
     27.742597   2.05266289E-02   1.54083429E-04
     27.789905   2.05369890E-02   1.54070750E-04
     27.837293   2.05473676E-02   1.54058044E-04
     27.884762   2.05577631E-02   1.54045321E-04
     27.932312   2.05681771E-02   1.54032569E-04
     27.979943   2.05786079E-02   1.54019803E-04
     28.027656   2.05888357E-02   1.54007864E-04
     28.075449   2.05989201E-02   1.53996505E-04
     28.123324   2.06090212E-02   1.53985144E-04
     28.171281   2.06191409E-02   1.53973754E-04
     28.219320   2.06292775E-02   1.53962335E-04
     28.267440   2.06394307E-02   1.53950913E-04
     28.315643   2.06496008E-02   1.53939464E-04
     28.363927   2.06597894E-02   1.53927998E-04
     28.412295   2.06699949E-02   1.53916504E-04
     28.460744   2.06802171E-02   1.53904994E-04
     28.509276   2.06904579E-02   1.53893468E-04
     28.557891   2.07007155E-02   1.53881927E-04
     28.606589   2.07109898E-02   1.53870358E-04
     28.655370   2.07212828E-02   1.53858772E-04
     28.704234   2.07315944E-02   1.53847171E-04
     28.753181   2.07419209E-02   1.53835541E-04
     28.802212   2.07522679E-02   1.53823896E-04
     28.851327   2.07626298E-02   1.53812236E-04
     28.900525   2.07730103E-02   1.53800546E-04
     28.949807   2.07834095E-02   1.53788840E-04
     28.999173   2.07938254E-02   1.53777118E-04
     29.048623   2.08038706E-02   1.53766865E-04
     29.098158   2.08139271E-02   1.53756611E-04
     29.147777   2.08240002E-02   1.53746342E-04
     29.197481   2.08340883E-02   1.53736057E-04
     29.247269   2.08441969E-02   1.53725758E-04
     29.297143   2.08543204E-02   1.53715429E-04
     29.347101   2.08644625E-02   1.53705099E-04
     29.397145   2.08746213E-02   1.53694741E-04
     29.447273   2.08847970E-02   1.53684366E-04
     29.497488   2.08949912E-02   1.53673976E-04
     29.547788   2.09052023E-02   1.53663571E-04
     29.598174   2.09154300E-02   1.53653137E-04
     29.648646   2.09256765E-02   1.53642701E-04
     29.699203   2.09359396E-02   1.53632237E-04
     29.749847   2.09462196E-02   1.53621758E-04
     29.800578   2.09565181E-02   1.53611262E-04
     29.851395   2.09668335E-02   1.53600737E-04
     29.902298   2.09771674E-02   1.53590212E-04
     29.953289   2.09875181E-02   1.53579657E-04
     30.004366   2.09978614E-02   1.53569178E-04
     30.055530   2.10079402E-02   1.53559654E-04
     30.106782   2.10180357E-02   1.53550114E-04
     30.158121   2.10281499E-02   1.53540561E-04
     30.209547   2.10382808E-02   1.53530992E-04
     30.261062   2.10484304E-02   1.53521407E-04
     30.312664   2.10585948E-02   1.53511794E-04
     30.364354   2.10687779E-02   1.53502178E-04
     30.416132   2.10789777E-02   1.53492536E-04
     30.467999   2.10891962E-02   1.53482890E-04
     30.519954   2.10994314E-02   1.53473216E-04
     30.571997   2.11096834E-02   1.53463526E-04
     30.624130   2.11199541E-02   1.53453836E-04
     30.676351   2.11302415E-02   1.53444116E-04
     30.728661   2.11405456E-02   1.53434368E-04
     30.781061   2.11508684E-02   1.53424618E-04
     30.833550   2.11612098E-02   1.53414854E-04
     30.886128   2.11715661E-02   1.53405073E-04
     30.938796   2.11819429E-02   1.53395264E-04
     30.991554   2.11923365E-02   1.53385440E-04
     31.044401   2.12024357E-02   1.53376086E-04
     31.097339   2.12124940E-02   1.53366809E-04
     31.150368   2.12225690E-02   1.53357504E-04
     31.203486   2.12326627E-02   1.53348198E-04
     31.256695   2.12427713E-02   1.53338862E-04
     31.309995   2.12528985E-02   1.53329526E-04
     31.363386   2.12630443E-02   1.53320161E-04
     31.416868   2.12732051E-02   1.53310780E-04
     31.470441   2.12833844E-02   1.53301386E-04
     31.524105   2.12935805E-02   1.53291974E-04
     31.577861   2.13037934E-02   1.53282550E-04
     31.631709   2.13140249E-02   1.53273109E-04
     31.685648   2.13242732E-02   1.53263653E-04
     31.739680   2.13345401E-02   1.53254181E-04
     31.793803   2.13448238E-02   1.53244695E-04
     31.848019   2.13551242E-02   1.53235181E-04
     31.902327   2.13654432E-02   1.53225665E-04
     31.956728   2.13757791E-02   1.53216133E-04
     32.011222   2.13860665E-02   1.53206798E-04
     32.065808   2.13961098E-02   1.53198353E-04
     32.120488   2.14061700E-02   1.53189881E-04
     32.175261   2.14162488E-02   1.53181394E-04
     32.230127   2.14263443E-02   1.53172904E-04
     32.285087   2.14364566E-02   1.53164387E-04
     32.340140   2.14465875E-02   1.53155869E-04
     32.395288   2.14567333E-02   1.53147322E-04
     32.450529   2.14668978E-02   1.53138774E-04
     32.505865   2.14770790E-02   1.53130210E-04
     32.561295   2.14872789E-02   1.53121617E-04
     32.616819   2.14974955E-02   1.53113023E-04
     32.672439   2.15077288E-02   1.53104402E-04
     32.728153   2.15179808E-02   1.53095778E-04
     32.783962   2.15282496E-02   1.53087140E-04
     32.839866   2.15385351E-02   1.53078486E-04
     32.895866   2.15488393E-02   1.53069804E-04
     32.951961   2.15591621E-02   1.53061120E-04
     33.008151   2.15694755E-02   1.53052583E-04
     33.064438   2.15796642E-02   1.53044999E-04
     33.120821   2.15898678E-02   1.53037411E-04
     33.177299   2.16000918E-02   1.53029797E-04
     33.233874   2.16103308E-02   1.53022180E-04
     33.290546   2.16205884E-02   1.53014536E-04
     33.347314   2.16308627E-02   1.53006889E-04
     33.404179   2.16411557E-02   1.52999229E-04
     33.461140   2.16514654E-02   1.52991554E-04
     33.518199   2.16617938E-02   1.52983862E-04
     33.575356   2.16721389E-02   1.52976171E-04
     33.632610   2.16825027E-02   1.52968451E-04
     33.689961   2.16928832E-02   1.52960728E-04
     33.747410   2.17032805E-02   1.52952992E-04
     33.804957   2.17136964E-02   1.52945241E-04
     33.862603   2.17241310E-02   1.52937474E-04
     33.920346   2.17345823E-02   1.52929693E-04
     33.978188   2.17450503E-02   1.52921897E-04
     34.036129   2.17563342E-02   1.52914451E-04
     34.094168   2.17681155E-02   1.52907212E-04
     34.152307   2.17799172E-02   1.52899971E-04
     34.210544   2.17917394E-02   1.52892715E-04
     34.268881   2.18035821E-02   1.52885443E-04
     34.327318   2.18154453E-02   1.52878158E-04
     34.385854   2.18273271E-02   1.52870857E-04
     34.444490   2.18392313E-02   1.52863555E-04
     34.503225   2.18511540E-02   1.52856225E-04
     34.562061   2.18630973E-02   1.52848893E-04
     34.620998   2.18750630E-02   1.52841547E-04
     34.680034   2.18870472E-02   1.52834186E-04
     34.739172   2.18990520E-02   1.52826823E-04
     34.798410   2.19110772E-02   1.52819432E-04
     34.857750   2.19231229E-02   1.52812039E-04
     34.917190   2.19351891E-02   1.52804633E-04
     34.976732   2.19472758E-02   1.52797211E-04
     35.036376   2.19569467E-02   1.52790166E-04
     35.096121   2.19650716E-02   1.52783356E-04
     35.155968   2.19732113E-02   1.52776546E-04
     35.215917   2.19813641E-02   1.52769721E-04
     35.275968   2.19895318E-02   1.52762881E-04
     35.336122   2.19977126E-02   1.52756027E-04
     35.396378   2.20059082E-02   1.52749170E-04
     35.456737   2.20141169E-02   1.52742300E-04
     35.517199   2.20223386E-02   1.52735401E-04
     35.577764   2.20305752E-02   1.52728514E-04
     35.638432   2.20388267E-02   1.52721600E-04
     35.699204   2.20470913E-02   1.52714684E-04
     35.760080   2.20553707E-02   1.52707754E-04
     35.821059   2.20636651E-02   1.52700808E-04
     35.882142   2.20719725E-02   1.52693848E-04
     35.943329   2.20802929E-02   1.52686873E-04
     36.004621   2.20887531E-02   1.52679900E-04
     36.066017   2.20987611E-02   1.52672953E-04
     36.127518   2.21087858E-02   1.52665991E-04
     36.189124   2.21188273E-02   1.52659013E-04
     36.250835   2.21288875E-02   1.52652036E-04
     36.312651   2.21389625E-02   1.52645043E-04
     36.374572   2.21490562E-02   1.52638035E-04
     36.436599   2.21591666E-02   1.52631014E-04
     36.498732   2.21692938E-02   1.52623977E-04
     36.560971   2.21794397E-02   1.52616939E-04
     36.623316   2.21896023E-02   1.52609873E-04
     36.685767   2.21997816E-02   1.52602806E-04
     36.748325   2.22099777E-02   1.52595723E-04
     36.810989   2.22201925E-02   1.52588641E-04
     36.873761   2.22304240E-02   1.52581528E-04
     36.936639   2.22406723E-02   1.52574416E-04
     36.999624   2.22509392E-02   1.52567289E-04
     37.062717   2.22609732E-02   1.52561385E-04
     37.125918   2.22710222E-02   1.52555480E-04
     37.189226   2.22810879E-02   1.52549575E-04
     37.252642   2.22911704E-02   1.52543640E-04
     37.316167   2.23012716E-02   1.52537719E-04
     37.379800   2.23113876E-02   1.52531771E-04
     37.443541   2.23215241E-02   1.52525820E-04
     37.507391   2.23316755E-02   1.52519855E-04
     37.571349   2.23418456E-02   1.52513875E-04
     37.635417   2.23520324E-02   1.52507895E-04
     37.699594   2.23622359E-02   1.52501899E-04
     37.763881   2.23724563E-02   1.52495889E-04
     37.828277   2.23826952E-02   1.52489878E-04
     37.892783   2.23929528E-02   1.52483852E-04
     37.957399   2.24032253E-02   1.52477812E-04
     38.022125   2.24134512E-02   1.52471983E-04
     38.086962   2.24235654E-02   1.52466563E-04
     38.151909   2.24336982E-02   1.52461129E-04
     38.216967   2.24438477E-02   1.52455680E-04
     38.282136   2.24540122E-02   1.52450230E-04
     38.347415   2.24641971E-02   1.52444766E-04
     38.412807   2.24743970E-02   1.52439286E-04
     38.478309   2.24846154E-02   1.52433806E-04
     38.543924   2.24948525E-02   1.52428324E-04
     38.609650   2.25051045E-02   1.52422815E-04
     38.675489   2.25153752E-02   1.52417305E-04
     38.741439   2.25256644E-02   1.52411794E-04
     38.807502   2.25359704E-02   1.52406254E-04
     38.873678   2.25462932E-02   1.52400727E-04
     38.939967   2.25566346E-02   1.52395172E-04
     39.006368   2.25669611E-02   1.52389623E-04
     39.072883   2.25770064E-02   1.52384121E-04
     39.139512   2.25870665E-02   1.52378619E-04
     39.206254   2.25971453E-02   1.52373104E-04
     39.273109   2.26072390E-02   1.52367587E-04
     39.340079   2.26173531E-02   1.52362055E-04
     39.407163   2.26274822E-02   1.52356509E-04
     39.474361   2.26376299E-02   1.52350949E-04
     39.541674   2.26477943E-02   1.52345386E-04
     39.609102   2.26579756E-02   1.52339825E-04
     39.676645   2.26681735E-02   1.52334233E-04
     39.744303   2.26783901E-02   1.52328656E-04
     39.812076   2.26886235E-02   1.52323050E-04
     39.879965   2.26988755E-02   1.52317444E-04
     39.947969   2.27091443E-02   1.52311823E-04
     40.016090   2.27193497E-02   1.52306206E-04
     40.084326   2.27293130E-02   1.52300579E-04
     40.152679   2.27392912E-02   1.52294966E-04
     40.221149   2.27492880E-02   1.52289323E-04
     40.289735   2.27593016E-02   1.52283681E-04
     40.358439   2.27693338E-02   1.52278024E-04
     40.427259   2.27793809E-02   1.52272365E-04
     40.496197   2.27894448E-02   1.52266693E-04
     40.565253   2.27995273E-02   1.52261007E-04
     40.634426   2.28096265E-02   1.52255318E-04
     40.703717   2.28197426E-02   1.52249616E-04
     40.773126   2.28298772E-02   1.52243900E-04
     40.842654   2.28400286E-02   1.52238181E-04
     40.912300   2.28501968E-02   1.52232449E-04
     40.982065   2.28603818E-02   1.52226717E-04
     41.051949   2.28704289E-02   1.52221954E-04
     41.121952   2.28804406E-02   1.52217526E-04
     41.192074   2.28904672E-02   1.52213095E-04
     41.262316   2.29005124E-02   1.52208651E-04
     41.332678   2.29105726E-02   1.52204205E-04
     41.403160   2.29206514E-02   1.52199759E-04
     41.473762   2.29307488E-02   1.52195299E-04
     41.544484   2.29408611E-02   1.52190823E-04
     41.615327   2.29509920E-02   1.52186348E-04
     41.686291   2.29611397E-02   1.52181856E-04
     41.757376   2.29713041E-02   1.52177365E-04
     41.828582   2.29814872E-02   1.52172872E-04
     41.899909   2.29916871E-02   1.52168366E-04
     41.971358   2.30019037E-02   1.52163844E-04
     42.042929   2.30123531E-02   1.52158958E-04
     42.114622   2.30229627E-02   1.52153804E-04
     42.186437   2.30335928E-02   1.52148636E-04
     42.258375   2.30442397E-02   1.52143467E-04
     42.330435   2.30549052E-02   1.52138296E-04
     42.402618   2.30655875E-02   1.52133099E-04
     42.474925   2.30762884E-02   1.52127913E-04
     42.547354   2.30870079E-02   1.52122701E-04
     42.619907   2.30977461E-02   1.52117487E-04
     42.692584   2.31085028E-02   1.52112272E-04
     42.765385   2.31192764E-02   1.52107029E-04
     42.838310   2.31300704E-02   1.52101799E-04
     42.911359   2.31408812E-02   1.52096542E-04
     42.984533   2.31517106E-02   1.52091283E-04
     43.057831   2.31614597E-02   1.52086609E-04
     43.131255   2.31709313E-02   1.52082068E-04
     43.204804   2.31804196E-02   1.52077526E-04
     43.278478   2.31899228E-02   1.52072970E-04
     43.352278   2.31994428E-02   1.52068414E-04
     43.426204   2.32089795E-02   1.52063843E-04
     43.500255   2.32185330E-02   1.52059257E-04
     43.574433   2.32281014E-02   1.52054685E-04
     43.648738   2.32376866E-02   1.52050084E-04
     43.723169   2.32472885E-02   1.52045483E-04
     43.797727   2.32569054E-02   1.52040881E-04
     43.872412   2.32665408E-02   1.52036265E-04
     43.947225   2.32761912E-02   1.52031648E-04
     44.022165   2.32859477E-02   1.52027222E-04
     44.097233   2.32959315E-02   1.52023283E-04
     44.172429   2.33059321E-02   1.52019347E-04
     44.247753   2.33159512E-02   1.52015393E-04
     44.323206   2.33259853E-02   1.52011428E-04
     44.398787   2.33360380E-02   1.52007474E-04
     44.474498   2.33461075E-02   1.52003506E-04
     44.550337   2.33561937E-02   1.51999524E-04
     44.626306   2.33662985E-02   1.51995541E-04
     44.702404   2.33764183E-02   1.51991557E-04
     44.778632   2.33865585E-02   1.51987559E-04
     44.854990   2.33967137E-02   1.51983547E-04
     44.931478   2.34068856E-02   1.51979533E-04
     45.008096   2.34175697E-02   1.51975604E-04
     45.084846   2.34324597E-02   1.51972324E-04
     45.161726   2.34473739E-02   1.51969031E-04
     45.238737   2.34623142E-02   1.51965751E-04
     45.315879   2.34772805E-02   1.51962456E-04
     45.393154   2.34922711E-02   1.51959147E-04
     45.470559   2.35072877E-02   1.51955837E-04
     45.548097   2.35223304E-02   1.51952526E-04
     45.625767   2.35373974E-02   1.51949215E-04
     45.703570   2.35524923E-02   1.51945889E-04
     45.781505   2.35676114E-02   1.51942563E-04
     45.859573   2.35827565E-02   1.51939222E-04
     45.937774   2.35979278E-02   1.51935882E-04
     46.016109   2.36110464E-02   1.51932250E-04
     46.094577   2.36161463E-02   1.51927478E-04
     46.173179   2.36212555E-02   1.51922704E-04
     46.251915   2.36263741E-02   1.51917917E-04
     46.330785   2.36315001E-02   1.51913129E-04
     46.409790   2.36366354E-02   1.51908325E-04
     46.488929   2.36417800E-02   1.51903523E-04
     46.568204   2.36469340E-02   1.51898705E-04
     46.647613   2.36520953E-02   1.51893887E-04
     46.727158   2.36572661E-02   1.51889055E-04
     46.806839   2.36624442E-02   1.51884208E-04
     46.886655   2.36676335E-02   1.51879361E-04
     46.966608   2.36728303E-02   1.51874513E-04
     47.046697   2.36808378E-02   1.51870523E-04
     47.126922   2.36908663E-02   1.51867147E-04
     47.207285   2.37009116E-02   1.51863768E-04
     47.287784   2.37109736E-02   1.51860390E-04
     47.368421   2.37210523E-02   1.51856997E-04
     47.449195   2.37311497E-02   1.51853603E-04
     47.530107   2.37412639E-02   1.51850209E-04
     47.611156   2.37513948E-02   1.51846800E-04
     47.692345   2.37615444E-02   1.51843392E-04
     47.773671   2.37717088E-02   1.51839969E-04
     47.855136   2.37818919E-02   1.51836545E-04
     47.936740   2.37920936E-02   1.51833120E-04
     48.018484   2.38022562E-02   1.51829688E-04
     48.100366   2.38122456E-02   1.51826277E-04
     48.182388   2.38222517E-02   1.51822865E-04
     48.264551   2.38322746E-02   1.51819440E-04
     48.346853   2.38423161E-02   1.51816014E-04
     48.429295   2.38523744E-02   1.51812574E-04
     48.511879   2.38624495E-02   1.51809132E-04
     48.594603   2.38725413E-02   1.51805677E-04
     48.677468   2.38826517E-02   1.51802235E-04
     48.760474   2.38927789E-02   1.51798765E-04
     48.843622   2.39029210E-02   1.51795309E-04
     48.926912   2.39130836E-02   1.51791837E-04
     49.010343   2.39232406E-02   1.51788369E-04
     49.093917   2.39332709E-02   1.51784912E-04
     49.177634   2.39433162E-02   1.51781455E-04
     49.261493   2.39533782E-02   1.51777985E-04
     49.345495   2.39634588E-02   1.51774513E-04
     49.429641   2.39735562E-02   1.51771040E-04
     49.513930   2.39836723E-02   1.51767553E-04
     49.598363   2.39938032E-02   1.51764066E-04
     49.682939   2.40039527E-02   1.51760578E-04
     49.767660   2.40141191E-02   1.51757076E-04
     49.852526   2.40243021E-02   1.51753561E-04
     49.937536   2.40345038E-02   1.51750058E-04
     50.022691   2.40446758E-02   1.51746540E-04
     50.107991   2.40547415E-02   1.51743009E-04
     50.193437   2.40648240E-02   1.51739477E-04
     50.279028   2.40749251E-02   1.51735945E-04
     50.364766   2.40850411E-02   1.51732398E-04
     50.450649   2.40951758E-02   1.51728850E-04
     50.536679   2.41053272E-02   1.51725303E-04
     50.622856   2.41154972E-02   1.51721740E-04
     50.709180   2.41256822E-02   1.51718164E-04
     50.795651   2.41358858E-02   1.51714601E-04
     50.882269   2.41461061E-02   1.51711024E-04
     50.969035   2.41563451E-02   1.51707433E-04
     51.055949   2.41664331E-02   1.51704391E-04
     51.143011   2.41764467E-02   1.51701633E-04
     51.230222   2.41864752E-02   1.51698888E-04
     51.317581   2.41965204E-02   1.51696115E-04
     51.405090   2.42065843E-02   1.51693355E-04
     51.492747   2.42166650E-02   1.51690581E-04
     51.580554   2.42267624E-02   1.51687807E-04
     51.668511   2.42368784E-02   1.51685031E-04
     51.756618   2.42470112E-02   1.51682256E-04
     51.844875   2.42571607E-02   1.51679466E-04
     51.933282   2.42673270E-02   1.51676675E-04
     52.021841   2.42774673E-02   1.51673879E-04
     52.110550   2.42874920E-02   1.51671105E-04
     52.199410   2.42975336E-02   1.51668332E-04
     52.288423   2.43075918E-02   1.51665542E-04
     52.377586   2.43176669E-02   1.51662754E-04
     52.466902   2.43277606E-02   1.51659965E-04
     52.556371   2.43378691E-02   1.51657176E-04
     52.645991   2.43479963E-02   1.51654371E-04
     52.735765   2.43581422E-02   1.51651567E-04
     52.825692   2.43683029E-02   1.51648748E-04
     52.915772   2.43784823E-02   1.51645942E-04
     53.006005   2.43888106E-02   1.51643123E-04
     53.096393   2.44010128E-02   1.51640291E-04
     53.186935   2.44132373E-02   1.51637470E-04
     53.277631   2.44254805E-02   1.51634635E-04
     53.368481   2.44377442E-02   1.51631801E-04
     53.459487   2.44500302E-02   1.51628952E-04
     53.550648   2.44623367E-02   1.51626102E-04
     53.641964   2.44746655E-02   1.51623251E-04
     53.733436   2.44870130E-02   1.51620387E-04
     53.825064   2.44993828E-02   1.51617537E-04
     53.916848   2.45117731E-02   1.51614658E-04
     54.008789   2.45237462E-02   1.51611792E-04
     54.100886   2.45315749E-02   1.51608912E-04
     54.193141   2.45394167E-02   1.51606032E-04
     54.285553   2.45472714E-02   1.51603138E-04
     54.378122   2.45551392E-02   1.51600243E-04
     54.470849   2.45630220E-02   1.51597347E-04
     54.563735   2.45709177E-02   1.51594451E-04
     54.656779   2.45788265E-02   1.51591541E-04
     54.749981   2.45867483E-02   1.51588631E-04
     54.843343   2.45946832E-02   1.51585707E-04
     54.936863   2.46026330E-02   1.51582781E-04
     55.030543   2.46112682E-02   1.51579866E-04
     55.124383   2.46213078E-02   1.51576972E-04
     55.218383   2.46313661E-02   1.51574066E-04
     55.312543   2.46414412E-02   1.51571158E-04
     55.406864   2.46515349E-02   1.51568235E-04
     55.501345   2.46616434E-02   1.51565328E-04
     55.595988   2.46717706E-02   1.51562404E-04
     55.690792   2.46819146E-02   1.51559468E-04
     55.785758   2.46920772E-02   1.51556544E-04
     55.880885   2.47022547E-02   1.51553593E-04
     55.976175   2.47124508E-02   1.51550654E-04
     56.071627   2.47225221E-02   1.51547727E-04
     56.167243   2.47325618E-02   1.51544808E-04
     56.263021   2.47426182E-02   1.51541889E-04
     56.358962   2.47526914E-02   1.51538955E-04
     56.455067   2.47627832E-02   1.51536020E-04
     56.551336   2.47728899E-02   1.51533073E-04
     56.647769   2.47830153E-02   1.51530124E-04
     56.744367   2.47931592E-02   1.51527175E-04
     56.841129   2.48033181E-02   1.51524226E-04
     56.938057   2.48134956E-02   1.51521262E-04
     57.035149   2.48279441E-02   1.51519279E-04
     57.132407   2.48499233E-02   1.51519040E-04
     57.229831   2.48719417E-02   1.51518801E-04
     57.327421   2.48939972E-02   1.51518561E-04
     57.425178   2.49160901E-02   1.51518321E-04
     57.523101   2.49382220E-02   1.51518080E-04
     57.621191   2.49603894E-02   1.51517839E-04
     57.719449   2.49825958E-02   1.51517597E-04
     57.817874   2.50048395E-02   1.51517354E-04
     57.916467   2.50271223E-02   1.51517113E-04
     58.015228   2.50456650E-02   1.51516298E-04
     58.114157   2.50434894E-02   1.51512348E-04
     58.213255   2.50413083E-02   1.51508399E-04
     58.312522   2.50391252E-02   1.51504436E-04
     58.411959   2.50369366E-02   1.51500471E-04
     58.511565   2.50347462E-02   1.51496494E-04
     58.611340   2.50325501E-02   1.51492501E-04
     58.711286   2.50303522E-02   1.51488522E-04
     58.811403   2.50281505E-02   1.51484516E-04
     58.911690   2.50259433E-02   1.51480523E-04
     59.012148   2.50252150E-02   1.51476734E-04
     59.112777   2.50352789E-02   1.51474606E-04
     59.213578   2.50453576E-02   1.51472478E-04
     59.314551   2.50554550E-02   1.51470336E-04
     59.415696   2.50655692E-02   1.51468193E-04
     59.517014   2.50757020E-02   1.51466050E-04
     59.618504   2.50858516E-02   1.51463893E-04
     59.720167   2.50960179E-02   1.51461735E-04
     59.822004   2.51062009E-02   1.51459591E-04
     59.924014   2.51164027E-02   1.51457419E-04
     60.026199   2.51265410E-02   1.51455270E-04
     60.128557   2.51364708E-02   1.51453133E-04
     60.231090   2.51464155E-02   1.51450996E-04
     60.333798   2.51563787E-02   1.51448859E-04
     60.436681   2.51663588E-02   1.51446721E-04
     60.539740   2.51763556E-02   1.51444569E-04
     60.642974   2.51863692E-02   1.51442417E-04
     60.746385   2.51963995E-02   1.51440264E-04
     60.849971   2.52064466E-02   1.51438097E-04
     60.953735   2.52165124E-02   1.51435944E-04
     61.057675   2.52265949E-02   1.51433777E-04
     61.161792   2.52366941E-02   1.51431609E-04
     61.266087   2.52468102E-02   1.51429427E-04
     61.370560   2.52569448E-02   1.51427259E-04
     61.475211   2.52670962E-02   1.51425076E-04
     61.580041   2.52772644E-02   1.51422895E-04
     61.685049   2.52874494E-02   1.51420710E-04
     61.790236   2.52976529E-02   1.51418514E-04
     61.895603   2.53078733E-02   1.51416316E-04
     62.001149   2.53181104E-02   1.51414118E-04
     62.106876   2.53281537E-02   1.51411957E-04
     62.212782   2.53382139E-02   1.51409795E-04
     62.318869   2.53482927E-02   1.51407620E-04
     62.425137   2.53583882E-02   1.51405443E-04
     62.531587   2.53685005E-02   1.51403268E-04
     62.638218   2.53786296E-02   1.51401077E-04
     62.745030   2.53887773E-02   1.51398888E-04
     62.852025   2.53989417E-02   1.51396696E-04
     62.959202   2.54091229E-02   1.51394505E-04
     63.066562   2.54191887E-02   1.51392301E-04
     63.174105   2.54291911E-02   1.51390109E-04
     63.281832   2.54392102E-02   1.51387890E-04
     63.389742   2.54492462E-02   1.51385683E-04
     63.497836   2.54592989E-02   1.51383464E-04
     63.606115   2.54693683E-02   1.51381257E-04
     63.714578   2.54794545E-02   1.51379023E-04
     63.823226   2.54895594E-02   1.51376802E-04
     63.932059   2.54996810E-02   1.51374567E-04
     64.041078   2.55097784E-02   1.51372347E-04
     64.150283   2.55198255E-02   1.51370110E-04
     64.259674   2.55298894E-02   1.51367861E-04
     64.369252   2.55399719E-02   1.51365624E-04
     64.479017   2.55500693E-02   1.51363374E-04
     64.588968   2.55601853E-02   1.51361124E-04
     64.699107   2.55703181E-02   1.51358860E-04
     64.809434   2.55804677E-02   1.51356609E-04
     64.919949   2.55906358E-02   1.51354343E-04
     65.030653   2.56007593E-02   1.51352364E-04
     65.141545   2.56107394E-02   1.51351135E-04
     65.252627   2.56207362E-02   1.51349890E-04
     65.363898   2.56307516E-02   1.51348659E-04
     65.475358   2.56407820E-02   1.51347414E-04
     65.587009   2.56508309E-02   1.51346182E-04
     65.698850   2.56608967E-02   1.51344937E-04
     65.810882   2.56709792E-02   1.51343692E-04
     65.923104   2.56810803E-02   1.51342446E-04
     66.035519   2.56911609E-02   1.51340858E-04
     66.148124   2.57011838E-02   1.51338548E-04
     66.260922   2.57112216E-02   1.51336238E-04
     66.373913   2.57212780E-02   1.51333928E-04
     66.487095   2.57313512E-02   1.51331605E-04
     66.600471   2.57414412E-02   1.51329280E-04
     66.714041   2.57515498E-02   1.51326955E-04
     66.827803   2.57616732E-02   1.51324631E-04
     66.941760   2.57718153E-02   1.51322291E-04
     67.055912   2.57819183E-02   1.51320503E-04
     67.170257   2.57919822E-02   1.51319266E-04
     67.284798   2.58020610E-02   1.51318028E-04
     67.399534   2.58121584E-02   1.51316805E-04
     67.514466   2.58222725E-02   1.51315566E-04
     67.629594   2.58324035E-02   1.51314314E-04
     67.744918   2.58425530E-02   1.51313076E-04
     67.860439   2.58527175E-02   1.51311838E-04
     67.976157   2.58629024E-02   1.51310584E-04
     68.092072   2.58729178E-02   1.51308440E-04
     68.208185   2.58829035E-02   1.51306071E-04
     68.324495   2.58929059E-02   1.51303687E-04
     68.441004   2.59029251E-02   1.51301302E-04
     68.557712   2.59129629E-02   1.51298918E-04
     68.674619   2.59230174E-02   1.51296519E-04
     68.791725   2.59330887E-02   1.51294119E-04
     68.909031   2.59431768E-02   1.51291720E-04
     69.026537   2.59532556E-02   1.51289575E-04
     69.144243   2.59632599E-02   1.51288305E-04
     69.262150   2.59732828E-02   1.51287037E-04
     69.380258   2.59833224E-02   1.51285753E-04
     69.498567   2.59933788E-02   1.51284484E-04
     69.617079   2.60034520E-02   1.51283199E-04
     69.735792   2.60135420E-02   1.51281929E-04
     69.854707   2.60236505E-02   1.51280645E-04
     69.973826   2.60337740E-02   1.51279360E-04
     70.093148   2.60438249E-02   1.51278107E-04
     70.212673   2.60538645E-02   1.51276865E-04
     70.332401   2.60639209E-02   1.51275621E-04
     70.452334   2.60739960E-02   1.51274364E-04
     70.572472   2.60840878E-02   1.51273120E-04
     70.692814   2.60941964E-02   1.51271863E-04
     70.813362   2.61043217E-02   1.51270606E-04
     70.934115   2.61144657E-02   1.51269347E-04
     71.055074   2.61245705E-02   1.51267551E-04
     71.176240   2.61346269E-02   1.51265120E-04
     71.297612   2.61447020E-02   1.51262675E-04
     71.419191   2.61547938E-02   1.51260228E-04
     71.540977   2.61649005E-02   1.51257782E-04
     71.662971   2.61750277E-02   1.51255322E-04
     71.785173   2.61851698E-02   1.51252860E-04
     71.907583   2.61953305E-02   1.51250400E-04
     72.030202   2.62054782E-02   1.51248211E-04
     72.153030   2.62155496E-02   1.51246894E-04
     72.276068   2.62256376E-02   1.51245564E-04
     72.399315   2.62357444E-02   1.51244245E-04
     72.522773   2.62458678E-02   1.51242914E-04
     72.646441   2.62560081E-02   1.51241583E-04
     72.770320   2.62661669E-02   1.51240250E-04
     72.894410   2.62763426E-02   1.51238918E-04
     73.018712   2.62864977E-02   1.51237579E-04
     73.143226   2.62964591E-02   1.51236289E-04
     73.267952   2.63064373E-02   1.51234986E-04
     73.392891   2.63164323E-02   1.51233682E-04
     73.518043   2.63264440E-02   1.51232379E-04
     73.643408   2.63364725E-02   1.51231074E-04
     73.768987   2.63465196E-02   1.51229771E-04
     73.894781   2.63565835E-02   1.51228453E-04
     74.020788   2.63666641E-02   1.51227148E-04
     74.147011   2.63767615E-02   1.51225830E-04
     74.273449   2.63868757E-02   1.51224511E-04
     74.400102   2.63970084E-02   1.51223192E-04
     74.526972   2.64071580E-02   1.51221859E-04
     74.654057   2.64173243E-02   1.51220540E-04
     74.781360   2.64275074E-02   1.51219207E-04
     74.908879   2.64377110E-02   1.51217887E-04
     75.036616   2.64478549E-02   1.51216554E-04
     75.164571   2.64578369E-02   1.51215220E-04
     75.292744   2.64678337E-02   1.51213886E-04
     75.421136   2.64778472E-02   1.51212552E-04
     75.549746   2.64878795E-02   1.51211204E-04
     75.678576   2.64979284E-02   1.51209870E-04
     75.807626   2.65079942E-02   1.51208522E-04
     75.936895   2.65180785E-02   1.51207172E-04
     76.066385   2.65281107E-02   1.51205800E-04
     76.196096   2.65381001E-02   1.51204405E-04
     76.326028   2.65481044E-02   1.51203009E-04
     76.456181   2.65581254E-02   1.51201614E-04
     76.586557   2.65681650E-02   1.51200205E-04
     76.717155   2.65782196E-02   1.51198795E-04
     76.847975   2.65882947E-02   1.51197384E-04
     76.979019   2.65983846E-02   1.51195974E-04
     77.110286   2.66084913E-02   1.51194641E-04
     77.241777   2.66186167E-02   1.51193323E-04
     77.373492   2.66287588E-02   1.51191991E-04
     77.505432   2.66389176E-02   1.51190671E-04
     77.637596   2.66490951E-02   1.51189338E-04
     77.769987   2.66592894E-02   1.51188006E-04
     77.902602   2.66695004E-02   1.51186673E-04
     78.035444   2.66796574E-02   1.51185327E-04
     78.168513   2.66896375E-02   1.51183933E-04
     78.301808   2.66996361E-02   1.51182553E-04
     78.435331   2.67096497E-02   1.51181159E-04
     78.569081   2.67196819E-02   1.51179765E-04
     78.703060   2.67297290E-02   1.51178371E-04
     78.837267   2.67397948E-02   1.51176976E-04
     78.971703   2.67498791E-02   1.51175567E-04
     79.106368   2.67598722E-02   1.51174172E-04
     79.241262   2.67698541E-02   1.51172763E-04
     79.376387   2.67798528E-02   1.51171352E-04
     79.511742   2.67898683E-02   1.51169944E-04
     79.647328   2.67999023E-02   1.51168533E-04
     79.783145   2.68099532E-02   1.51167110E-04
     79.919194   2.68200208E-02   1.51165699E-04
     80.055475   2.68301051E-02   1.51164293E-04
     80.191988   2.68402062E-02   1.51162917E-04
     80.328734   2.68503260E-02   1.51161540E-04
     80.465713   2.68604625E-02   1.51160164E-04
     80.602926   2.68706176E-02   1.51158786E-04
     80.740372   2.68807877E-02   1.51157396E-04
     80.878053   2.68909764E-02   1.51156018E-04
     81.015969   2.69011501E-02   1.51154772E-04
     81.154120   2.69110966E-02   1.51154626E-04
     81.292507   2.69210599E-02   1.51154480E-04
     81.431129   2.69310419E-02   1.51154334E-04
     81.569988   2.69410387E-02   1.51154187E-04
     81.709084   2.69510541E-02   1.51154041E-04
     81.848417   2.69610863E-02   1.51153894E-04
     81.987987   2.69711353E-02   1.51153747E-04
     82.127796   2.69812010E-02   1.51152446E-04
     82.267843   2.69912854E-02   1.51151040E-04
     82.408128   2.70013846E-02   1.51149634E-04
     82.548653   2.70115025E-02   1.51148212E-04
     82.689418   2.70216372E-02   1.51146792E-04
     82.830423   2.70317905E-02   1.51145385E-04
     82.971668   2.70419605E-02   1.51143951E-04
     83.113154   2.70520337E-02   1.51142490E-04
     83.254881   2.70620976E-02   1.51141019E-04
     83.396850   2.70721763E-02   1.51139535E-04
     83.539061   2.70822737E-02   1.51138062E-04
     83.681514   2.70923879E-02   1.51136578E-04
     83.824210   2.71025188E-02   1.51135092E-04
     83.967150   2.71126684E-02   1.51133606E-04
     84.110334   2.71227248E-02   1.51132144E-04
     84.253761   2.71327645E-02   1.51130710E-04
     84.397433   2.71428209E-02   1.51129260E-04
     84.541351   2.71528959E-02   1.51127810E-04
     84.685513   2.71629859E-02   1.51126360E-04
     84.829922   2.71730945E-02   1.51124909E-04
     84.974576   2.71832217E-02   1.51123446E-04
     85.119478   2.71932445E-02   1.51123112E-04
     85.264626   2.72032600E-02   1.51123010E-04
     85.410022   2.72132922E-02   1.51122907E-04
     85.555666   2.72233412E-02   1.51122805E-04
     85.701558   2.72334088E-02   1.51122703E-04
     85.847699   2.72434913E-02   1.51122601E-04
     85.994089   2.72535924E-02   1.51122497E-04
     86.140729   2.72637103E-02   1.51121073E-04
     86.287619   2.72738468E-02   1.51119594E-04
     86.434759   2.72839982E-02   1.51118114E-04
     86.582151   2.72941682E-02   1.51116621E-04
     86.729793   2.73043551E-02   1.51115141E-04
     86.877688   2.73145605E-02   1.51113647E-04
     87.025834   2.73247305E-02   1.51112154E-04
     87.174233   2.73346733E-02   1.51110659E-04
     87.322886   2.73446329E-02   1.51109165E-04
     87.471791   2.73546092E-02   1.51107672E-04
     87.620951   2.73646042E-02   1.51106163E-04
     87.770365   2.73746140E-02   1.51104668E-04
     87.920034   2.73846425E-02   1.51103160E-04
     88.069958   2.73946878E-02   1.51102306E-04
     88.220138   2.74047498E-02   1.51102200E-04
     88.370573   2.74148285E-02   1.51102095E-04
     88.521266   2.74249241E-02   1.51101989E-04
     88.672215   2.74350382E-02   1.51101883E-04
     88.823422   2.74451692E-02   1.51101776E-04
     88.974886   2.74553187E-02   1.51101670E-04
     89.126609   2.74653565E-02   1.51100378E-04
     89.278590   2.74753869E-02   1.51098855E-04
     89.430831   2.74854358E-02   1.51097317E-04
     89.583331   2.74954997E-02   1.51095779E-04
     89.736092   2.75055822E-02   1.51094241E-04
     89.889113   2.75156815E-02   1.51092703E-04
     90.042394   2.75257565E-02   1.51091165E-04
     90.195937   2.75357366E-02   1.51089613E-04
     90.349742   2.75457334E-02   1.51088075E-04
     90.503810   2.75557470E-02   1.51086522E-04
     90.658140   2.75657792E-02   1.51084969E-04
     90.812733   2.75758281E-02   1.51083416E-04
     90.967589   2.75858939E-02   1.51081850E-04
     91.122710   2.75959764E-02   1.51081442E-04
     91.278096   2.76060775E-02   1.51081332E-04
     91.433746   2.76161935E-02   1.51081222E-04
     91.589662   2.76263282E-02   1.51081113E-04
     91.745843   2.76364796E-02   1.51081003E-04
     91.902291   2.76466478E-02   1.51080893E-04
     92.059006   2.76567750E-02   1.51080245E-04
     92.215988   2.76668221E-02   1.51078732E-04
     92.373237   2.76768859E-02   1.51077205E-04
     92.530755   2.76869684E-02   1.51075665E-04
     92.688542   2.76970658E-02   1.51074139E-04
     92.846597   2.77071819E-02   1.51072597E-04
     93.004922   2.77173091E-02   1.51071109E-04
     93.163517   2.77273022E-02   1.51070998E-04
     93.322382   2.77373102E-02   1.51070887E-04
     93.481519   2.77473368E-02   1.51070776E-04
     93.640926   2.77573783E-02   1.51070663E-04
     93.800606   2.77674384E-02   1.51070551E-04
     93.960557   2.77775154E-02   1.51070439E-04
     94.120782   2.77876090E-02   1.51069196E-04
     94.281280   2.77977213E-02   1.51067570E-04
     94.442051   2.78078504E-02   1.51065959E-04
     94.603097   2.78179962E-02   1.51064333E-04
     94.764417   2.78281588E-02   1.51062708E-04
     94.926012   2.78383382E-02   1.51061082E-04
     95.087883   2.78484486E-02   1.51060304E-04
     95.250030   2.78585032E-02   1.51060247E-04
     95.412453   2.78685726E-02   1.51060190E-04
     95.575154   2.78786607E-02   1.51060133E-04
     95.738131   2.78887637E-02   1.51060075E-04
     95.901387   2.78988872E-02   1.51060018E-04
     96.064921   2.79089604E-02   1.51059324E-04
     96.228734   2.79189534E-02   1.51057683E-04
     96.392826   2.79289633E-02   1.51056029E-04
     96.557198   2.79389899E-02   1.51054374E-04
     96.721851   2.79490333E-02   1.51052719E-04
     96.886784   2.79590935E-02   1.51051063E-04
     97.051998   2.79691722E-02   1.51049903E-04
     97.217495   2.79792678E-02   1.51049844E-04
     97.383273   2.79893801E-02   1.51049787E-04
     97.549334   2.79995091E-02   1.51049728E-04
     97.715678   2.80096568E-02   1.51049669E-04
     97.882306   2.80198213E-02   1.51049610E-04
     98.049218   2.80299522E-02   1.51049088E-04
     98.216415   2.80399844E-02   1.51047463E-04
     98.383896   2.80500334E-02   1.51045837E-04
     98.551664   2.80600991E-02   1.51044212E-04
     98.719717   2.80701835E-02   1.51042586E-04
     98.888057   2.80802827E-02   1.51040947E-04
     99.056684   2.80903447E-02   1.51039819E-04
     99.225599   2.81003099E-02   1.51039700E-04
     99.394801   2.81102937E-02   1.51039581E-04
     99.564293   2.81202942E-02   1.51039462E-04
     99.734073   2.81303097E-02   1.51039343E-04
     99.904142   2.81403456E-02   1.51039224E-04
    100.074502   2.81502139E-02   1.51038895E-04
    100.245152   2.81598661E-02   1.51038297E-04
    100.416094   2.81695332E-02   1.51037700E-04
    100.587326   2.81792171E-02   1.51037088E-04
    100.758851   2.81889178E-02   1.51036489E-04
    100.930668   2.81986352E-02   1.51035891E-04
    101.102778   2.82083694E-02   1.51035279E-04
    101.275182   2.82181185E-02   1.51034681E-04
    101.447880   2.82278862E-02   1.51034068E-04
    101.620872   2.82376707E-02   1.51033469E-04
    101.794159   2.82474700E-02   1.51032856E-04
    101.967741   2.82572880E-02   1.51032244E-04
    102.141620   2.82671209E-02   1.51031631E-04
    102.315795   2.82769725E-02   1.51031018E-04
    102.490267   2.82868389E-02   1.51030404E-04
    102.665037   2.82967240E-02   1.51029791E-04
    102.840105   2.83066239E-02   1.51029179E-04
    103.015471   2.83165425E-02   1.51028565E-04
    103.191136   2.83264779E-02   1.51027951E-04
    103.367101   2.83364281E-02   1.51027338E-04
    103.543366   2.83463970E-02   1.51026710E-04
    103.719931   2.83563826E-02   1.51026097E-04
    103.896798   2.83663850E-02   1.51025469E-04
    104.073966   2.83764061E-02   1.51024855E-04
    104.251436   2.83864420E-02   1.51024226E-04
    104.429209   2.83964965E-02   1.51023598E-04
    104.607285   2.84065679E-02   1.51022971E-04
    104.785665   2.84166560E-02   1.51022356E-04
    104.964348   2.84267627E-02   1.51021728E-04
    105.143337   2.84368843E-02   1.51021099E-04
    105.322631   2.84470245E-02   1.51020470E-04
    105.502230   2.84571815E-02   1.51019828E-04
    105.682136   2.84673572E-02   1.51019199E-04
    105.862348   2.84775496E-02   1.51018570E-04
    106.042868   2.84877587E-02   1.51017941E-04
    106.223696   2.84979846E-02   1.51017298E-04
    106.404832   2.85082292E-02   1.51016670E-04
    106.586277   2.85184905E-02   1.51016026E-04
    106.768031   2.85287704E-02   1.51015383E-04
    106.950095   2.85390671E-02   1.51014753E-04
    107.132470   2.85493806E-02   1.51014109E-04
    107.315156   2.85597127E-02   1.51013467E-04
    107.498153   2.85700615E-02   1.51012823E-04
    107.681462   2.85804290E-02   1.51012179E-04
    107.865084   2.85908133E-02   1.51011535E-04
    108.049019   2.86012162E-02   1.51010890E-04
    108.233267   2.86116377E-02   1.51010247E-04
    108.417830   2.86220759E-02   1.51009589E-04
    108.602708   2.86325309E-02   1.51008944E-04
    108.787901   2.86430046E-02   1.51008300E-04
    108.973409   2.86534969E-02   1.51007642E-04
    109.159234   2.86633149E-02   1.51007003E-04
    109.345376   2.86730360E-02   1.51006352E-04
    109.531835   2.86827739E-02   1.51005701E-04
    109.718612   2.86925267E-02   1.51005049E-04
    109.905708   2.87022982E-02   1.51004411E-04
    110.093123   2.87120845E-02   1.51003760E-04
    110.280857   2.87218895E-02   1.51003108E-04
    110.468911   2.87317093E-02   1.51002456E-04
    110.657286   2.87415478E-02   1.51001790E-04
    110.845983   2.87514012E-02   1.51001139E-04
    111.035001   2.87612714E-02   1.51000486E-04
    111.224341   2.87711602E-02   1.50999834E-04
    111.414004   2.87810639E-02   1.50999167E-04
    111.603991   2.87909862E-02   1.50998515E-04
    111.794302   2.88009252E-02   1.50997849E-04
    111.984937   2.88108792E-02   1.50997181E-04
    112.175897   2.88208518E-02   1.50996529E-04
    112.367183   2.88308412E-02   1.50995862E-04
    112.558795   2.88408473E-02   1.50995196E-04
    112.750734   2.88508721E-02   1.50994529E-04
    112.943000   2.88609117E-02   1.50993862E-04
    113.135594   2.88709700E-02   1.50993194E-04
    113.328516   2.88810451E-02   1.50992527E-04
    113.521768   2.88911369E-02   1.50991860E-04
    113.715349   2.89012454E-02   1.50991179E-04
    113.909260   2.89113726E-02   1.50990512E-04
    114.103501   2.89215166E-02   1.50989830E-04
    114.298074   2.89316773E-02   1.50989163E-04
    114.492979   2.89418548E-02   1.50988481E-04
    114.688216   2.89520510E-02   1.50987799E-04
    114.883786   2.89622638E-02   1.50987131E-04
    115.079689   2.89724953E-02   1.50986449E-04
    115.275927   2.89827418E-02   1.50985767E-04
    115.472499   2.89930068E-02   1.50985085E-04
    115.669406   2.90032905E-02   1.50984403E-04
    115.866650   2.90135909E-02   1.50983720E-04
    116.064229   2.90239099E-02   1.50983024E-04
    116.262146   2.90342458E-02   1.50982342E-04
    116.460399   2.90445983E-02   1.50981658E-04
    116.658991   2.90549695E-02   1.50980963E-04
    116.857922   2.90653575E-02   1.50980279E-04
    117.057192   2.90757641E-02   1.50979582E-04
    117.256801   2.90861875E-02   1.50978885E-04
    117.456751   2.90966295E-02   1.50978188E-04
    117.657042   2.91070901E-02   1.50977505E-04
    117.857675   2.91175675E-02   1.50976808E-04
    118.058650   2.91278269E-02   1.50976172E-04
    118.259967   2.91375350E-02   1.50975702E-04
    118.461628   2.91472599E-02   1.50975233E-04
    118.663632   2.91570015E-02   1.50974776E-04
    118.865981   2.91667599E-02   1.50974307E-04
    119.068675   2.91765332E-02   1.50973837E-04
    119.271715   2.91863251E-02   1.50973368E-04
    119.475101   2.91961320E-02   1.50972898E-04
    119.678833   2.92059556E-02   1.50972427E-04
    119.882913   2.92157978E-02   1.50971944E-04
    120.087342   2.92256549E-02   1.50971474E-04
    120.292118   2.92355306E-02   1.50971003E-04
    120.497244   2.92454213E-02   1.50970519E-04
    120.702720   2.92553306E-02   1.50970049E-04
    120.908546   2.92652566E-02   1.50969578E-04
    121.114723   2.92751975E-02   1.50969094E-04
    121.321252   2.92851571E-02   1.50968623E-04
    121.528133   2.92951334E-02   1.50968139E-04
    121.735366   2.93051265E-02   1.50967655E-04
    121.942953   2.93151382E-02   1.50967184E-04
    122.150894   2.93251649E-02   1.50966698E-04
    122.359190   2.93352101E-02   1.50966214E-04
    122.567841   2.93452702E-02   1.50965729E-04
    122.776847   2.93553490E-02   1.50965245E-04
    122.986210   2.93654464E-02   1.50964759E-04
    123.195930   2.93755587E-02   1.50964274E-04
    123.406008   2.93856896E-02   1.50963788E-04
    123.616444   2.93958373E-02   1.50963304E-04
    123.827238   2.94060018E-02   1.50962818E-04
    124.038392   2.94161849E-02   1.50962320E-04
    124.249907   2.94263847E-02   1.50961834E-04
    124.461781   2.94366013E-02   1.50961348E-04
    124.674018   2.94468347E-02   1.50960849E-04
    124.886616   2.94570867E-02   1.50960363E-04
    125.099576   2.94673573E-02   1.50959864E-04
    125.312900   2.94776428E-02   1.50959378E-04
    125.526588   2.94879489E-02   1.50958878E-04
    125.740639   2.94982698E-02   1.50958379E-04
    125.955056   2.95086093E-02   1.50957892E-04
    126.169839   2.95189675E-02   1.50957392E-04
    126.384988   2.95293424E-02   1.50956893E-04
    126.600503   2.95397341E-02   1.50956392E-04
    126.816387   2.95501444E-02   1.50955893E-04
    127.032638   2.95604691E-02   1.50955433E-04
    127.249258   2.95702163E-02   1.50955150E-04
    127.466247   2.95799803E-02   1.50954869E-04
    127.683607   2.95897610E-02   1.50954600E-04
    127.901337   2.95995604E-02   1.50954317E-04
    128.119438   2.96093747E-02   1.50954048E-04
    128.337912   2.96192057E-02   1.50953765E-04
    128.556758   2.96290535E-02   1.50953482E-04
    128.775977   2.96389181E-02   1.50953198E-04
    128.995570   2.96488013E-02   1.50952929E-04
    129.215537   2.96586975E-02   1.50952646E-04
    129.435879   2.96686143E-02   1.50952362E-04
    129.656597   2.96785459E-02   1.50952079E-04
    129.877692   2.96884961E-02   1.50951795E-04
    130.099164   2.96984613E-02   1.50951513E-04
    130.321013   2.97084451E-02   1.50951229E-04
    130.543240   2.97184456E-02   1.50950958E-04
    130.765847   2.97284629E-02   1.50950676E-04
    130.988833   2.97384970E-02   1.50950391E-04
    131.212199   2.97485497E-02   1.50950094E-04
    131.435946   2.97586173E-02   1.50949810E-04
    131.660075   2.97687035E-02   1.50949526E-04
    131.884586   2.97788065E-02   1.50949240E-04
    132.109480   2.97889262E-02   1.50948956E-04
    132.334757   2.97990646E-02   1.50948672E-04
    132.560418   2.98092198E-02   1.50948388E-04
    132.786465   2.98193917E-02   1.50948089E-04
    133.012896   2.98295803E-02   1.50947805E-04
    133.239714   2.98397876E-02   1.50947520E-04
    133.466919   2.98500117E-02   1.50947221E-04
    133.694511   2.98602525E-02   1.50946937E-04
    133.922491   2.98705120E-02   1.50946652E-04
    134.150860   2.98807882E-02   1.50946353E-04
    134.379618   2.98910830E-02   1.50946068E-04
    134.608766   2.99013946E-02   1.50945769E-04
    134.838306   2.99117230E-02   1.50945483E-04
    135.068236   2.99220700E-02   1.50945184E-04
    135.298559   2.99324356E-02   1.50944899E-04
    135.529274   2.99428180E-02   1.50944599E-04
    135.760383   2.99532171E-02   1.50944300E-04
    135.991886   2.99636349E-02   1.50944013E-04
    136.223783   2.99734492E-02   1.50943501E-04
    136.456077   2.99832560E-02   1.50942973E-04
    136.688766   2.99930815E-02   1.50942461E-04
    136.921852   3.00029218E-02   1.50941933E-04
    137.155335   3.00127808E-02   1.50941421E-04
    137.389217   3.00226565E-02   1.50940893E-04
    137.623497   3.00325472E-02   1.50940367E-04
    137.858177   3.00424565E-02   1.50939839E-04
    138.093257   3.00523825E-02   1.50939312E-04
    138.328738   3.00623253E-02   1.50938785E-04
    138.564621   3.00722849E-02   1.50938258E-04
    138.800906   3.00822612E-02   1.50937730E-04
    139.037593   3.00922543E-02   1.50937203E-04
    139.274685   3.01022641E-02   1.50936675E-04
    139.512180   3.01122926E-02   1.50936148E-04
    139.750081   3.01223360E-02   1.50935607E-04
    139.988387   3.01323980E-02   1.50935079E-04
    140.227100   3.01424768E-02   1.50934552E-04
    140.466219   3.01525742E-02   1.50934011E-04
    140.705747   3.01626865E-02   1.50933482E-04
    140.945683   3.01728174E-02   1.50932941E-04
    141.186028   3.01829651E-02   1.50932399E-04
    141.426783   3.01931314E-02   1.50931871E-04
    141.667948   3.02033145E-02   1.50931330E-04
    141.909525   3.02135143E-02   1.50930787E-04
    142.151513   3.02237310E-02   1.50930246E-04
    142.393915   3.02339662E-02   1.50929704E-04
    142.636729   3.02442182E-02   1.50929162E-04
    142.879958   3.02544869E-02   1.50928620E-04
    143.123601   3.02647743E-02   1.50928064E-04
    143.367660   3.02750785E-02   1.50927522E-04
    143.612135   3.02854013E-02   1.50926979E-04
    143.857027   3.02957408E-02   1.50926424E-04
    144.102337   3.03060990E-02   1.50925882E-04
    144.348065   3.03164739E-02   1.50925340E-04
    144.594212   3.03268675E-02   1.50924783E-04
    144.840778   3.03372778E-02   1.50924226E-04
    145.087765   3.03474721E-02   1.50923765E-04
    145.335174   3.03572584E-02   1.50923468E-04
    145.583004   3.03670615E-02   1.50923171E-04
    145.831256   3.03768814E-02   1.50922886E-04
    146.079933   3.03867180E-02   1.50922589E-04
    146.329033   3.03965695E-02   1.50922292E-04
    146.578558   3.04064397E-02   1.50921993E-04
    146.828508   3.04163285E-02   1.50921682E-04
    147.078885   3.04262321E-02   1.50921384E-04
    147.329688   3.04361526E-02   1.50921085E-04
    147.580919   3.04460898E-02   1.50920788E-04
    147.832579   3.04560438E-02   1.50920490E-04
    148.084668   3.04660164E-02   1.50920191E-04
    148.337187   3.04760039E-02   1.50919879E-04
    148.590136   3.04860100E-02   1.50919581E-04
    148.843516   3.04960329E-02   1.50919282E-04
    149.097329   3.05060726E-02   1.50918970E-04
    149.351575   3.05161290E-02   1.50918672E-04
    149.606254   3.05262022E-02   1.50918360E-04
    149.861367   3.05362940E-02   1.50918061E-04
    150.116915   3.05464026E-02   1.50917749E-04
    150.372899   3.05565279E-02   1.50917449E-04
    150.629320   3.05666700E-02   1.50917137E-04
    150.886178   3.05768307E-02   1.50916839E-04
    151.143474   3.05870082E-02   1.50916525E-04
    151.401208   3.05972043E-02   1.50916213E-04
    151.659383   3.06074154E-02   1.50915913E-04
    151.917997   3.06176450E-02   1.50915600E-04
    152.177052   3.06278914E-02   1.50915288E-04
    152.436549   3.06381565E-02   1.50914974E-04
    152.696489   3.06484383E-02   1.50914675E-04
    152.956872   3.06587387E-02   1.50914361E-04
    153.217699   3.06690559E-02   1.50914049E-04
    153.478971   3.06793898E-02   1.50913736E-04
    153.740688   3.06897424E-02   1.50913422E-04
    154.002851   3.07001062E-02   1.50913109E-04
    154.265462   3.07099391E-02   1.50913078E-04
    154.528520   3.07197906E-02   1.50913048E-04
    154.792027   3.07296570E-02   1.50913016E-04
    155.055983   3.07395402E-02   1.50912985E-04
    155.320390   3.07494402E-02   1.50912954E-04
    155.585247   3.07593588E-02   1.50912924E-04
    155.850556   3.07692923E-02   1.50912893E-04
    156.116317   3.07792444E-02   1.50912861E-04
    156.382532   3.07892133E-02   1.50912830E-04
    156.649200   3.07991970E-02   1.50912798E-04
    156.916323   3.08091994E-02   1.50912768E-04
    157.183902   3.08192186E-02   1.50912736E-04
    157.451937   3.08292545E-02   1.50912705E-04
    157.720429   3.08393091E-02   1.50912673E-04
    157.989379   3.08493804E-02   1.50912642E-04
    158.258787   3.08594666E-02   1.50912610E-04
    158.528655   3.08695734E-02   1.50912578E-04
    158.798983   3.08796950E-02   1.50912548E-04
    159.069772   3.08898352E-02   1.50912516E-04
    159.341023   3.08999904E-02   1.50912484E-04
    159.612736   3.09101641E-02   1.50912452E-04
    159.884913   3.09203565E-02   1.50912420E-04
    160.157554   3.09305657E-02   1.50912388E-04
    160.430660   3.09407916E-02   1.50912356E-04
    160.704231   3.09510361E-02   1.50912324E-04
    160.978269   3.09612975E-02   1.50912292E-04
    161.252774   3.09715755E-02   1.50912260E-04
    161.527748   3.09818704E-02   1.50912228E-04
    161.803190   3.09921857E-02   1.50912196E-04
    162.079102   3.10025159E-02   1.50912163E-04
    162.355484   3.10128648E-02   1.50912131E-04
    162.632338   3.10232323E-02   1.50912099E-04
    162.909664   3.10336165E-02   1.50912065E-04
    163.187462   3.10436431E-02   1.50911850E-04
    163.465735   3.10535058E-02   1.50911529E-04
    163.744482   3.10633872E-02   1.50911221E-04
    164.023704   3.10732834E-02   1.50910912E-04
    164.303402   3.10831983E-02   1.50910591E-04
    164.583578   3.10931280E-02   1.50910283E-04
    164.864231   3.11030764E-02   1.50909961E-04
    165.145363   3.11130397E-02   1.50909653E-04
    165.426974   3.11230216E-02   1.50909332E-04
    165.709065   3.11330203E-02   1.50909023E-04
    165.991637   3.11430357E-02   1.50908701E-04
    166.274692   3.11530679E-02   1.50908394E-04
    166.558228   3.11631188E-02   1.50908072E-04
    166.842249   3.11731864E-02   1.50907749E-04
    167.126753   3.11832689E-02   1.50907442E-04
    167.411743   3.11933719E-02   1.50907119E-04
    167.697219   3.12034898E-02   1.50906797E-04
    167.983182   3.12136263E-02   1.50906475E-04
    168.269632   3.12237795E-02   1.50906153E-04
    168.556571   3.12339477E-02   1.50905831E-04
    168.843999   3.12441364E-02   1.50905509E-04
    169.131917   3.12543400E-02   1.50905186E-04
    169.420326   3.12645622E-02   1.50904865E-04
    169.709227   3.12748030E-02   1.50904542E-04
    169.998620   3.12850624E-02   1.50904219E-04
    170.288507   3.12953368E-02   1.50903898E-04
    170.578889   3.13056298E-02   1.50903575E-04
    170.869765   3.13159376E-02   1.50903239E-04
    171.161138   3.13262679E-02   1.50902916E-04
    171.453007   3.13366130E-02   1.50902593E-04
    171.745374   3.13469730E-02   1.50902258E-04
    172.038240   3.13572809E-02   1.50901936E-04
    172.331605   3.13671269E-02   1.50901613E-04
    172.625470   3.13769877E-02   1.50901277E-04
    172.919837   3.13868634E-02   1.50900954E-04
    173.214705   3.13967615E-02   1.50900618E-04
    173.510076   3.14066708E-02   1.50900295E-04
    173.805951   3.14165987E-02   1.50899958E-04
    174.102331   3.14265452E-02   1.50899636E-04
    174.399215   3.14365067E-02   1.50899298E-04
    174.696606   3.14464867E-02   1.50898962E-04
    174.994505   3.14564817E-02   1.50898625E-04
    175.292911   3.14664952E-02   1.50898303E-04
    175.591826   3.14765275E-02   1.50897965E-04
    175.891251   3.14865746E-02   1.50897629E-04
    176.191186   3.14966366E-02   1.50897292E-04
    176.491633   3.15067209E-02   1.50896956E-04
    176.792592   3.15168165E-02   1.50896618E-04
    177.094064   3.15269344E-02   1.50896282E-04
    177.396050   3.15370671E-02   1.50895944E-04
    177.698552   3.15472186E-02   1.50895608E-04
    178.001569   3.15573849E-02   1.50895270E-04
    178.305103   3.15675735E-02   1.50894934E-04
    178.609154   3.15777734E-02   1.50894596E-04
    178.913724   3.15879956E-02   1.50894245E-04
    179.218814   3.15982327E-02   1.50893909E-04
    179.524423   3.16084884E-02   1.50893571E-04
    179.830554   3.16187590E-02   1.50893220E-04
    180.137207   3.16290483E-02   1.50892884E-04
    180.444383   3.16393562E-02   1.50892532E-04
    180.752082   3.16496827E-02   1.50892195E-04
    181.060306   3.16599309E-02   1.50891912E-04
    181.369056   3.16698104E-02   1.50891887E-04
    181.678332   3.16797085E-02   1.50891864E-04
    181.988136   3.16896215E-02   1.50891840E-04
    182.298468   3.16995531E-02   1.50891816E-04
    182.609329   3.17094997E-02   1.50891791E-04
    182.920720   3.17194648E-02   1.50891767E-04
    183.232642   3.17294449E-02   1.50891743E-04
    183.545096   3.17394435E-02   1.50891718E-04
    183.858083   3.17494608E-02   1.50891694E-04
    184.171604   3.17594931E-02   1.50891670E-04
    184.485659   3.17695402E-02   1.50891644E-04
    184.800250   3.17796096E-02   1.50891620E-04
    185.115377   3.17896940E-02   1.50891596E-04
    185.431042   3.17997932E-02   1.50891571E-04
    185.747245   3.18099111E-02   1.50891546E-04
    186.063987   3.18200476E-02   1.50891521E-04
    186.381269   3.18302028E-02   1.50891497E-04
    186.699092   3.18403728E-02   1.50891472E-04
    187.017457   3.18505578E-02   1.50891447E-04
    187.336365   3.18607651E-02   1.50891422E-04
    187.655817   3.18709873E-02   1.50891397E-04
    187.975814   3.18812244E-02   1.50891372E-04
    188.296356   3.18914838E-02   1.50891348E-04
    188.617445   3.19017582E-02   1.50891322E-04
    188.939082   3.19120511E-02   1.50891298E-04
    189.261267   3.19223590E-02   1.50891272E-04
    189.584001   3.19326892E-02   1.50891247E-04
    189.907285   3.19430344E-02   1.50891222E-04
    190.231121   3.19530629E-02   1.50890951E-04
    190.555510   3.19629721E-02   1.50890599E-04
    190.880451   3.19729038E-02   1.50890233E-04
    191.205946   3.19828466E-02   1.50889867E-04
    191.531997   3.19928117E-02   1.50889500E-04
    191.858603   3.20027918E-02   1.50889134E-04
    192.185766   3.20127867E-02   1.50888768E-04
    192.513488   3.20228003E-02   1.50888402E-04
    192.841768   3.20328325E-02   1.50888036E-04
    193.170608   3.20428796E-02   1.50887670E-04
    193.500008   3.20529453E-02   1.50887303E-04
    193.829971   3.20630260E-02   1.50886937E-04
    194.160496   3.20731252E-02   1.50886558E-04
    194.491584   3.20832431E-02   1.50886191E-04
    194.823237   3.20933759E-02   1.50885824E-04
    195.155456   3.21035273E-02   1.50885444E-04
    195.488241   3.21136974E-02   1.50885078E-04
    195.821594   3.21238823E-02   1.50884711E-04
    196.155515   3.21340859E-02   1.50884331E-04
    196.490006   3.21443044E-02   1.50883963E-04
    196.825067   3.21545452E-02   1.50883584E-04
    197.160699   3.21648009E-02   1.50883203E-04
    197.496904   3.21750715E-02   1.50882836E-04
    197.833682   3.21853645E-02   1.50882455E-04
    198.171034   3.21956724E-02   1.50882076E-04
    198.508962   3.22059952E-02   1.50881695E-04
    198.847465   3.22163403E-02   1.50881327E-04
    199.186546   3.22264731E-02   1.50881144E-04
    199.526206   3.22364345E-02   1.50881132E-04
    199.866444   3.22464146E-02   1.50881119E-04
    200.207263   3.22564133E-02   1.50881105E-04
    200.548662   3.22664268E-02   1.50881092E-04
    200.890644   3.22764590E-02   1.50881078E-04
    201.233209   3.22865099E-02   1.50881065E-04
    201.576359   3.22965756E-02   1.50881051E-04
    201.920093   3.23066562E-02   1.50881038E-04
    202.264414   3.23167555E-02   1.50881024E-04
    202.609321   3.23268734E-02   1.50881011E-04
    202.954817   3.23370099E-02   1.50880997E-04
    203.300902   3.23471613E-02   1.50880985E-04
    203.647577   3.23573314E-02   1.50880970E-04
    203.994843   3.23675163E-02   1.50880956E-04
    204.342702   3.23777199E-02   1.50880944E-04
    204.691154   3.23879421E-02   1.50880930E-04
    205.040199   3.23981792E-02   1.50880915E-04
    205.389840   3.24084349E-02   1.50880903E-04
    205.740078   3.24187092E-02   1.50880889E-04
    206.090912   3.24290022E-02   1.50880875E-04
    206.442345   3.24393101E-02   1.50880862E-04
    206.794377   3.24496366E-02   1.50880848E-04
    207.147009   3.24599780E-02   1.50880834E-04
    207.500243   3.24703418E-02   1.50880820E-04
    207.854079   3.24807204E-02   1.50880805E-04
    208.208518   3.24908383E-02   1.50880784E-04
    208.563562   3.25007811E-02   1.50880757E-04
    208.919211   3.25107388E-02   1.50880729E-04
    209.275467   3.25207151E-02   1.50880701E-04
    209.632330   3.25307064E-02   1.50880672E-04
    209.989802   3.25407162E-02   1.50880644E-04
    210.347883   3.25507410E-02   1.50880617E-04
    210.706575   3.25607844E-02   1.50880589E-04
    211.065878   3.25708464E-02   1.50880561E-04
    211.425795   3.25809233E-02   1.50880533E-04
    211.786325   3.25910188E-02   1.50880505E-04
    212.147469   3.26011293E-02   1.50880477E-04
    212.509230   3.26112583E-02   1.50880447E-04
    212.871607   3.26214060E-02   1.50880419E-04
    213.234603   3.26315686E-02   1.50880391E-04
    213.598217   3.26417498E-02   1.50880363E-04
    213.962452   3.26519497E-02   1.50880335E-04
    214.327307   3.26621644E-02   1.50880305E-04
    214.692785   3.26723978E-02   1.50880277E-04
    215.058886   3.26826498E-02   1.50880249E-04
    215.425611   3.26929204E-02   1.50880220E-04
    215.792962   3.27032059E-02   1.50880192E-04
    216.160939   3.27135064E-02   1.50880162E-04
    216.529543   3.27238292E-02   1.50880134E-04
    216.898776   3.27341668E-02   1.50880105E-04
    217.268639   3.27442251E-02   1.50880087E-04
    217.639132   3.27541865E-02   1.50880071E-04
    218.010257   3.27641666E-02   1.50880057E-04
    218.382015   3.27741615E-02   1.50880043E-04
    218.754407   3.27841751E-02   1.50880028E-04
    219.127434   3.27942073E-02   1.50880014E-04
    219.501097   3.28042544E-02   1.50880000E-04
    219.875397   3.28143165E-02   1.50879984E-04
    220.250336   3.28244008E-02   1.50879970E-04
    220.625914   3.28344963E-02   1.50879955E-04
    221.002132   3.28446142E-02   1.50879941E-04
    221.378992   3.28547470E-02   1.50879926E-04
    221.756494   3.28648984E-02   1.50879912E-04
    222.134640   3.28750648E-02   1.50879896E-04
    222.513431   3.28852497E-02   1.50879882E-04
    222.892868   3.28954533E-02   1.50879867E-04
    223.272952   3.29056717E-02   1.50879851E-04
    223.653684   3.29159126E-02   1.50879837E-04
    224.035066   3.29261646E-02   1.50879822E-04
    224.417097   3.29364389E-02   1.50879807E-04
    224.799781   3.29467282E-02   1.50879793E-04
    225.183116   3.29570360E-02   1.50879777E-04
    225.567106   3.29673588E-02   1.50879762E-04
    225.951750   3.29777040E-02   1.50879747E-04
    226.337050   3.29877250E-02   1.50879378E-04
    226.723007   3.29977162E-02   1.50878968E-04
    227.109622   3.30077261E-02   1.50878544E-04
    227.496897   3.30177546E-02   1.50878133E-04
    227.884832   3.30277942E-02   1.50877709E-04
    228.273428   3.30378562E-02   1.50877287E-04
    228.662687   3.30479331E-02   1.50876876E-04
    229.052610   3.30580287E-02   1.50876452E-04
    229.443198   3.30681391E-02   1.50876028E-04
    229.834452   3.30782682E-02   1.50875604E-04
    230.226373   3.30884159E-02   1.50875180E-04
    230.618962   3.30985785E-02   1.50874756E-04
    231.012221   3.31087597E-02   1.50874332E-04
    231.406150   3.31189595E-02   1.50873908E-04
    231.800751   3.31291743E-02   1.50873484E-04
    232.196025   3.31394076E-02   1.50873060E-04
    232.591973   3.31496596E-02   1.50872636E-04
    232.988596   3.31599265E-02   1.50872210E-04
    233.385896   3.31702121E-02   1.50871773E-04
    233.783873   3.31805162E-02   1.50871349E-04
    234.182528   3.31908353E-02   1.50870911E-04
    234.581864   3.32011729E-02   1.50870487E-04
    234.981880   3.32115293E-02   1.50870049E-04
    235.382579   3.32215615E-02   1.50870019E-04
    235.783961   3.32315974E-02   1.50870004E-04
    236.186027   3.32416482E-02   1.50869988E-04
    236.588779   3.32517177E-02   1.50869973E-04
    236.992218   3.32618058E-02   1.50869956E-04
    237.396344   3.32719088E-02   1.50869941E-04
    237.801160   3.32820266E-02   1.50869926E-04
    238.206666   3.32921669E-02   1.50869909E-04
    238.612864   3.33023220E-02   1.50869894E-04
    239.019754   3.33124921E-02   1.50869878E-04
    239.427338   3.33226807E-02   1.50869862E-04
    239.835617   3.33328880E-02   1.50869847E-04
    240.244592   3.33431140E-02   1.50869830E-04
    240.654265   3.33533548E-02   1.50869815E-04
    241.064636   3.33636142E-02   1.50869798E-04
    241.475707   3.33738923E-02   1.50869783E-04
    241.887479   3.33841853E-02   1.50869766E-04
    242.299953   3.33944969E-02   1.50869751E-04
    242.713131   3.34048271E-02   1.50869734E-04
    243.127013   3.34151722E-02   1.50869719E-04
    243.541601   3.34255397E-02   1.50869702E-04
    243.956896   3.34359221E-02   1.50869685E-04
    244.372899   3.34459879E-02   1.50869684E-04
    244.789611   3.34560387E-02   1.50869684E-04
    245.207034   3.34661007E-02   1.50869684E-04
    245.625169   3.34761851E-02   1.50869684E-04
    246.044017   3.34862843E-02   1.50869684E-04
    246.463579   3.34963985E-02   1.50869684E-04
    246.883856   3.35065313E-02   1.50869684E-04
    247.304850   3.35166827E-02   1.50869684E-04
    247.726563   3.35268527E-02   1.50869684E-04
    248.148994   3.35370377E-02   1.50869684E-04
    248.572145   3.35472375E-02   1.50869684E-04
    248.996018   3.35574597E-02   1.50869684E-04
    249.420614   3.35676968E-02   1.50869684E-04
    249.845934   3.35779525E-02   1.50869684E-04
    250.271979   3.35882232E-02   1.50869684E-04
    250.698751   3.35985161E-02   1.50869684E-04
    251.126250   3.36088203E-02   1.50869684E-04
    251.554479   3.36191468E-02   1.50869684E-04
    251.983438   3.36294919E-02   1.50869684E-04
    252.413128   3.36398520E-02   1.50869684E-04
    252.843551   3.36502269E-02   1.50869684E-04
    253.274707   3.36603783E-02   1.50869674E-04
    253.706599   3.36704105E-02   1.50869656E-04
    254.139228   3.36804576E-02   1.50869639E-04
    254.572594   3.36905196E-02   1.50869623E-04
    255.006699   3.37006003E-02   1.50869606E-04
    255.441545   3.37106995E-02   1.50869588E-04
    255.877132   3.37208137E-02   1.50869572E-04
    256.313462   3.37309465E-02   1.50869555E-04
    256.750536   3.37410979E-02   1.50869537E-04
    257.188355   3.37512642E-02   1.50869520E-04
    257.626920   3.37614492E-02   1.50869504E-04
    258.066234   3.37716490E-02   1.50869486E-04
    258.506297   3.37818675E-02   1.50869469E-04
    258.947110   3.37921046E-02   1.50869451E-04
    259.388675   3.38023603E-02   1.50869435E-04
    259.830992   3.38126309E-02   1.50869417E-04
    260.274064   3.38229202E-02   1.50869400E-04
    260.717892   3.38332281E-02   1.50869382E-04
    261.162476   3.38435508E-02   1.50869366E-04
    261.607819   3.38538922E-02   1.50869348E-04
    262.053921   3.38642150E-02   1.50869330E-04
    262.500784   3.38742957E-02   1.50869313E-04
    262.948408   3.38843912E-02   1.50869295E-04
    263.396796   3.38945054E-02   1.50869277E-04
    263.845949   3.39046381E-02   1.50869261E-04
    264.295867   3.39147858E-02   1.50869243E-04
    264.746553   3.39249484E-02   1.50869225E-04
    265.198007   3.39351334E-02   1.50869207E-04
    265.650231   3.39453332E-02   1.50869189E-04
    266.103226   3.39555517E-02   1.50869173E-04
    266.556994   3.39657851E-02   1.50869155E-04
    267.011535   3.39760371E-02   1.50869137E-04
    267.466852   3.39863077E-02   1.50869119E-04
    267.922945   3.39965932E-02   1.50869101E-04
    268.379815   3.40069011E-02   1.50869083E-04
    268.837465   3.40172239E-02   1.50869065E-04
    269.295895   3.40275615E-02   1.50869047E-04
    269.755107   3.40379216E-02   1.50869029E-04
    270.215102   3.40482965E-02   1.50869011E-04
    270.675882   3.40586901E-02   1.50868993E-04
    271.137447   3.40690091E-02   1.50868981E-04
    271.599799   3.40791270E-02   1.50868981E-04
    272.062939   3.40892673E-02   1.50868981E-04
    272.526870   3.40994187E-02   1.50868981E-04
    272.991591   3.41095924E-02   1.50868981E-04
    273.457105   3.41197811E-02   1.50868981E-04
    273.923413   3.41299884E-02   1.50868981E-04
    274.390516   3.41402143E-02   1.50868981E-04
    274.858415   3.41504551E-02   1.50868981E-04
    275.327112   3.41607146E-02   1.50868981E-04
    275.796609   3.41709927E-02   1.50868981E-04
    276.266906   3.41812856E-02   1.50868981E-04
    276.738005   3.41915973E-02   1.50868981E-04
    277.209907   3.42019275E-02   1.50868981E-04
    277.682614   3.42122763E-02   1.50868981E-04
    278.156128   3.42226401E-02   1.50868981E-04
    278.630448   3.42330225E-02   1.50868981E-04
    279.105578   3.42434235E-02   1.50868981E-04
    279.581517   3.42538394E-02   1.50868981E-04
    280.058269   3.42642292E-02   1.50868978E-04
    280.535833   3.42743136E-02   1.50868960E-04
    281.014211   3.42844129E-02   1.50868941E-04
    281.493406   3.42945270E-02   1.50868922E-04
    281.973417   3.43046598E-02   1.50868904E-04
    282.454247   3.43148112E-02   1.50868885E-04
    282.935897   3.43249813E-02   1.50868866E-04
    283.418368   3.43351662E-02   1.50868848E-04
    283.901662   3.43453698E-02   1.50868829E-04
    284.385780   3.43555883E-02   1.50868809E-04
    284.870724   3.43658254E-02   1.50868790E-04
    285.356495   3.43760811E-02   1.50868771E-04
    285.843094   3.43863554E-02   1.50868752E-04
    286.330522   3.43966447E-02   1.50868734E-04
    286.818782   3.44069526E-02   1.50868715E-04
    287.307875   3.44172791E-02   1.50868696E-04
    287.797801   3.44276205E-02   1.50868676E-04
    288.288563   3.44379805E-02   1.50868657E-04
    288.780162   3.44483592E-02   1.50868638E-04
    289.272599   3.44586037E-02   1.50868629E-04
    289.765876   3.44687440E-02   1.50868629E-04
    290.259994   3.44788991E-02   1.50868629E-04
    290.754954   3.44890729E-02   1.50868629E-04
    291.250759   3.44992653E-02   1.50868629E-04
    291.747409   3.45094763E-02   1.50868629E-04
    292.244906   3.45197022E-02   1.50868629E-04
    292.743251   3.45299430E-02   1.50868629E-04
    293.242446   3.45402062E-02   1.50868629E-04
    293.742492   3.45504843E-02   1.50868629E-04
    294.243391   3.45607810E-02   1.50868629E-04
    294.745144   3.45710926E-02   1.50868629E-04
    295.247753   3.45814265E-02   1.50868629E-04
    295.751219   3.45917754E-02   1.50868629E-04
    296.255543   3.46021429E-02   1.50868629E-04
    296.760728   3.46125253E-02   1.50868629E-04
    297.266773   3.46229263E-02   1.50868629E-04
    297.773682   3.46333459E-02   1.50868629E-04
    298.281455   3.46436277E-02   1.50868618E-04
    298.790094   3.46538015E-02   1.50868598E-04
    299.299601   3.46639901E-02   1.50868578E-04
    299.809976   3.46741974E-02   1.50868559E-04
    300.321221   3.46844234E-02   1.50868538E-04
    300.833338   3.46946679E-02   1.50868518E-04
    301.346329   3.47049274E-02   1.50868499E-04
    301.860194   3.47152054E-02   1.50868478E-04
    302.374936   3.47254984E-02   1.50868458E-04
    302.890555   3.47358100E-02   1.50868438E-04
    303.407054   3.47461402E-02   1.50868418E-04
    303.924433   3.47564891E-02   1.50868398E-04
    304.442695   3.47668529E-02   1.50868377E-04
    304.961840   3.47772390E-02   1.50868357E-04
    305.481870   3.47876400E-02   1.50868336E-04
    306.002788   3.47980559E-02   1.50868316E-04
    306.524593   3.48084942E-02   1.50868297E-04
    307.047289   3.48189212E-02   1.50868277E-04
    307.570876   3.48291025E-02   1.50868277E-04
    308.095355   3.48392986E-02   1.50868277E-04
    308.620729   3.48495133E-02   1.50868277E-04
    309.146999   3.48597467E-02   1.50868277E-04
    309.674166   3.48699987E-02   1.50868277E-04
    310.202232   3.48802656E-02   1.50868277E-04
    310.731199   3.48905511E-02   1.50868277E-04
    311.261068   3.49008553E-02   1.50868277E-04
    311.791840   3.49111743E-02   1.50868277E-04
    312.323517   3.49215120E-02   1.50868277E-04
    312.856101   3.49318683E-02   1.50868277E-04
    313.389593   3.49422432E-02   1.50868277E-04
    313.923995   3.49526331E-02   1.50868277E-04
    314.459308   3.49630415E-02   1.50868277E-04
    314.995534   3.49734686E-02   1.50868277E-04
    315.532675   3.49839143E-02   1.50868277E-04
    316.070731   3.49943377E-02   1.50868275E-04
    316.609705   3.50045189E-02   1.50868253E-04
    317.149598   3.50147150E-02   1.50868233E-04
    317.690411   3.50249298E-02   1.50868211E-04
    318.232147   3.50351632E-02   1.50868190E-04
    318.774807   3.50454152E-02   1.50868169E-04
    319.318391   3.50556821E-02   1.50868148E-04
    319.862903   3.50659676E-02   1.50868126E-04
    320.408344   3.50762680E-02   1.50868105E-04
    320.954714   3.50865908E-02   1.50868084E-04
    321.502016   3.50969285E-02   1.50868063E-04
    322.050252   3.51072848E-02   1.50868041E-04
    322.599422   3.51176560E-02   1.50868019E-04
    323.149529   3.51280458E-02   1.50867999E-04
    323.700573   3.51384543E-02   1.50867977E-04
    324.252558   3.51488814E-02   1.50867955E-04
    324.805484   3.51593271E-02   1.50867933E-04
    325.359352   3.51696275E-02   1.50867926E-04
    325.914165   3.51798609E-02   1.50867926E-04
    326.469924   3.51901129E-02   1.50867926E-04
    327.026631   3.52003798E-02   1.50867926E-04
    327.584287   3.52106653E-02   1.50867926E-04
    328.142895   3.52209695E-02   1.50867926E-04
    328.702454   3.52312885E-02   1.50867926E-04
    329.262968   3.52416262E-02   1.50867926E-04
    329.824438   3.52519825E-02   1.50867926E-04
    330.386865   3.52623574E-02   1.50867926E-04
    330.950251   3.52727473E-02   1.50867926E-04
    331.514598   3.52831557E-02   1.50867926E-04
    332.079907   3.52935828E-02   1.50867926E-04
    332.646180   3.53040285E-02   1.50867926E-04
    333.213419   3.53144929E-02   1.50867926E-04
    333.781625   3.53249721E-02   1.50867926E-04
    334.350800   3.53352763E-02   1.50867926E-04
    334.920945   3.53454724E-02   1.50867926E-04
    335.492063   3.53556909E-02   1.50867926E-04
    336.064155   3.53659242E-02   1.50867926E-04
    336.637222   3.53761762E-02   1.50867926E-04
    337.211267   3.53864469E-02   1.50867926E-04
    337.786290   3.53967324E-02   1.50867926E-04
    338.362294   3.54070365E-02   1.50867926E-04
    338.939280   3.54173556E-02   1.50867926E-04
    339.517250   3.54276970E-02   1.50867926E-04
    340.096205   3.54380533E-02   1.50867926E-04
    340.676148   3.54484282E-02   1.50867926E-04
    341.257080   3.54588181E-02   1.50867926E-04
    341.839002   3.54692303E-02   1.50867926E-04
    342.421917   3.54796574E-02   1.50867926E-04
    343.005826   3.54900993E-02   1.50867926E-04
    343.590730   3.55003700E-02   1.50867926E-04
    344.176632   3.55106555E-02   1.50867926E-04
    344.763533   3.55209596E-02   1.50867926E-04
    345.351435   3.55312787E-02   1.50867926E-04
    345.940339   3.55416201E-02   1.50867926E-04
    346.530247   3.55519727E-02   1.50867926E-04
    347.121161   3.55623476E-02   1.50867926E-04
    347.713083   3.55727412E-02   1.50867926E-04
    348.306015   3.55831496E-02   1.50867926E-04
    348.899957   3.55935767E-02   1.50867926E-04
    349.494913   3.56040224E-02   1.50867926E-04
    350.090882   3.56144831E-02   1.50867926E-04
    350.687868   3.56249623E-02   1.50867926E-04
    351.285872   3.56354639E-02   1.50867926E-04
    351.884896   3.56459804E-02   1.50867926E-04
    352.484941   3.56564038E-02   1.50867906E-04
    353.086010   3.56668234E-02   1.50867883E-04
    353.688103   3.56772617E-02   1.50867859E-04
    354.291224   3.56877148E-02   1.50867836E-04
    354.895372   3.56981866E-02   1.50867813E-04
    355.500551   3.57086770E-02   1.50867789E-04
    356.106762   3.57191823E-02   1.50867766E-04
    356.714006   3.57297100E-02   1.50867742E-04
    357.322286   3.57402526E-02   1.50867717E-04
    357.931604   3.57508138E-02   1.50867694E-04
    358.541960   3.57613936E-02   1.50867670E-04
    359.153357   3.57719921E-02   1.50867646E-04
    359.765797   3.57826054E-02   1.50867623E-04
    360.379281   3.57932411E-02   1.50867598E-04
    360.993811   3.58038917E-02   1.50867574E-04
    361.609389   3.58142927E-02   1.50867574E-04
    362.226017   3.58247049E-02   1.50867574E-04
    362.843696   3.58351357E-02   1.50867574E-04
    363.462428   3.58455889E-02   1.50867574E-04
    364.082216   3.58560532E-02   1.50867574E-04
    364.703061   3.58665399E-02   1.50867574E-04
    365.324964   3.58770415E-02   1.50867574E-04
    365.947928   3.58875655E-02   1.50867574E-04
    366.571954   3.58981043E-02   1.50867574E-04
    367.197044   3.59086618E-02   1.50867574E-04
    367.823200   3.59192342E-02   1.50867574E-04
    368.450423   3.59298289E-02   1.50867574E-04
    369.078717   3.59404385E-02   1.50867574E-04
    369.708081   3.59510705E-02   1.50867574E-04
    370.338519   3.59616019E-02   1.50867574E-04
    370.970032   3.59720588E-02   1.50867574E-04
    371.602622   3.59825306E-02   1.50867574E-04
    372.236291   3.59930210E-02   1.50867574E-04
    372.871040   3.60035300E-02   1.50867574E-04
    373.506871   3.60140577E-02   1.50867574E-04
    374.143787   3.60246040E-02   1.50867574E-04
    374.781789   3.60351652E-02   1.50867574E-04
    375.420879   3.60457450E-02   1.50867574E-04
    376.061058   3.60563435E-02   1.50867574E-04
    376.702329   3.60669605E-02   1.50867574E-04
    377.344694   3.60775962E-02   1.50867574E-04
    377.988154   3.60882469E-02   1.50867574E-04
    378.632712   3.60989198E-02   1.50867574E-04
    379.278368   3.61094847E-02   1.50867574E-04
    379.925126   3.61199044E-02   1.50867574E-04
    380.572986   3.61303426E-02   1.50867574E-04
    381.221951   3.61407958E-02   1.50867574E-04
    381.872023   3.61512713E-02   1.50867574E-04
    382.523203   3.61617617E-02   1.50867574E-04
    383.175494   3.61722708E-02   1.50867574E-04
    383.828897   3.61827984E-02   1.50867574E-04
    384.483414   3.61933447E-02   1.50867574E-04
    385.139047   3.62039059E-02   1.50867574E-04
    385.795798   3.62144858E-02   1.50867574E-04
    386.453670   3.62250842E-02   1.50867574E-04
    387.112663   3.62357050E-02   1.50867574E-04
    387.772779   3.62463370E-02   1.50867574E-04
    388.434022   3.62568460E-02   1.50867557E-04
    389.096392   3.62672992E-02   1.50867531E-04
    389.759891   3.62777673E-02   1.50867505E-04
    390.424522   3.62882540E-02   1.50867479E-04
    391.090287   3.62987556E-02   1.50867454E-04
    391.757186   3.63092795E-02   1.50867427E-04
    392.425223   3.63198183E-02   1.50867401E-04
    393.094399   3.63303758E-02   1.50867375E-04
    393.764716   3.63409519E-02   1.50867349E-04
    394.436176   3.63515466E-02   1.50867322E-04
    395.108781   3.63621600E-02   1.50867297E-04
    395.782533   3.63727920E-02   1.50867270E-04
    396.457434   3.63834389E-02   1.50867244E-04
    397.133485   3.63940746E-02   1.50867222E-04
    397.810690   3.64046097E-02   1.50867222E-04
    398.489049   3.64151634E-02   1.50867222E-04
    399.168566   3.64257321E-02   1.50867222E-04
    399.849240   3.64363194E-02   1.50867222E-04
    400.531076   3.64469290E-02   1.50867222E-04
    401.214074   3.64575535E-02   1.50867222E-04
    401.898237   3.64681929E-02   1.50867222E-04
    402.583567   3.64788547E-02   1.50867222E-04
    403.270065   3.64895351E-02   1.50867222E-04
    403.957734   3.65002304E-02   1.50867222E-04
    404.646575   3.65109481E-02   1.50867222E-04
    405.336592   3.65216807E-02   1.50867222E-04
    406.027784   3.65324207E-02   1.50867222E-04
    406.720156   3.65429632E-02   1.50867222E-04
    407.413708   3.65535207E-02   1.50867222E-04
    408.108443   3.65640968E-02   1.50867222E-04
    408.804362   3.65746878E-02   1.50867222E-04
    409.501468   3.65853012E-02   1.50867222E-04
    410.199763   3.65959294E-02   1.50867222E-04
    410.899249   3.66065763E-02   1.50867222E-04
    411.599927   3.66172418E-02   1.50867222E-04
    412.301800   3.66279297E-02   1.50867222E-04
    413.004870   3.66386324E-02   1.50867222E-04
    413.709139   3.66493501E-02   1.50867222E-04
    414.414609   3.66600901E-02   1.50867222E-04
    415.121282   3.66708077E-02   1.50867222E-04
    415.829160   3.66813466E-02   1.50867222E-04
    416.538245   3.66919041E-02   1.50867222E-04
    417.248539   3.67024802E-02   1.50867222E-04
    417.960045   3.67130712E-02   1.50867222E-04
    418.672764   3.67236845E-02   1.50867222E-04
    419.386698   3.67343128E-02   1.50867222E-04
    420.101849   3.67449597E-02   1.50867222E-04
    420.818220   3.67556252E-02   1.50867222E-04
    421.535813   3.67663130E-02   1.50867222E-04
    422.254629   3.67770121E-02   1.50867222E-04
    422.974671   3.67877334E-02   1.50867222E-04
    423.695941   3.67984734E-02   1.50867222E-04
    424.418440   3.68091352E-02   1.50867222E-04
    425.142172   3.68197523E-02   1.50867222E-04
    425.867138   3.68303843E-02   1.50867222E-04
    426.593340   3.68410349E-02   1.50867222E-04
    427.320781   3.68517041E-02   1.50867222E-04
    428.049461   3.68623920E-02   1.50867222E-04
    428.779385   3.68730985E-02   1.50867222E-04
    429.510553   3.68838236E-02   1.50867222E-04
    430.242968   3.68945636E-02   1.50867222E-04
    430.976632   3.69053259E-02   1.50867222E-04
    431.711547   3.69161032E-02   1.50867222E-04
    432.447715   3.69269028E-02   1.50867222E-04
    433.185139   3.69376764E-02   1.50867222E-04
    433.923820   3.69483456E-02   1.50867222E-04
    434.663760   3.69590335E-02   1.50867222E-04
    435.404963   3.69697399E-02   1.50867222E-04
    436.147429   3.69804651E-02   1.50867222E-04
    436.891161   3.69912051E-02   1.50867222E-04
    437.636162   3.70019674E-02   1.50867222E-04
    438.382433   3.70127484E-02   1.50867222E-04
    439.129977   3.70235443E-02   1.50867222E-04
    439.878795   3.70343588E-02   1.50867222E-04
    440.628890   3.70451957E-02   1.50867222E-04
    441.380265   3.70560475E-02   1.50867222E-04
    442.132920   3.70668918E-02   1.50867217E-04
    442.886859   3.70776132E-02   1.50867188E-04
    443.642084   3.70883532E-02   1.50867158E-04
    444.398597   3.70991118E-02   1.50867129E-04
    445.156399   3.71098891E-02   1.50867100E-04
    445.915494   3.71206850E-02   1.50867070E-04
    446.675883   3.71314995E-02   1.50867041E-04
    447.437569   3.71423326E-02   1.50867010E-04
    448.200554   3.71531844E-02   1.50866981E-04
    448.964839   3.71640548E-02   1.50866951E-04
    449.730428   3.71749438E-02   1.50866922E-04
    450.497323   3.71858515E-02   1.50866891E-04
    451.265525   3.71966884E-02   1.50866872E-04
    452.035038   3.72073762E-02   1.50866872E-04
    452.805862   3.72180827E-02   1.50866872E-04
    453.578001   3.72288041E-02   1.50866872E-04
    454.351456   3.72395478E-02   1.50866872E-04
    455.126231   3.72503065E-02   1.50866872E-04
    455.902327   3.72610874E-02   1.50866872E-04
    456.679746   3.72718833E-02   1.50866872E-04
    457.458490   3.72827016E-02   1.50866872E-04
    458.238563   3.72935347E-02   1.50866872E-04
    459.019966   3.73043865E-02   1.50866872E-04
    459.802701   3.73152569E-02   1.50866872E-04
    460.586772   3.73260826E-02   1.50866872E-04
    461.372179   3.73369046E-02   1.50866872E-04
    462.158925   3.73477452E-02   1.50866872E-04
    462.947013   3.73586006E-02   1.50866872E-04
    463.736445   3.73694785E-02   1.50866872E-04
    464.527223   3.73803750E-02   1.50866872E-04
    465.319350   3.73912863E-02   1.50866872E-04
    466.112827   3.74022201E-02   1.50866872E-04
    466.907657   3.74131724E-02   1.50866872E-04
    467.703843   3.74241397E-02   1.50866872E-04
    468.501386   3.74351293E-02   1.50866872E-04
    469.300290   3.74460705E-02   1.50866872E-04
    470.100555   3.74569185E-02   1.50866872E-04
    470.902186   3.74677852E-02   1.50866872E-04
    471.705183   3.74786705E-02   1.50866872E-04
    472.509550   3.74895707E-02   1.50866872E-04
    473.315288   3.75004932E-02   1.50866872E-04
    474.122400   3.75114344E-02   1.50866872E-04
    474.930889   3.75223942E-02   1.50866872E-04
    475.740756   3.75333726E-02   1.50866872E-04
    476.552004   3.75443697E-02   1.50866872E-04
    477.364636   3.75553854E-02   1.50866872E-04
    478.178653   3.75663787E-02   1.50866872E-04
    478.994058   3.75772528E-02   1.50866872E-04
    479.810854   3.75881419E-02   1.50866872E-04
    480.629043   3.75990532E-02   1.50866872E-04
    481.448627   3.76099795E-02   1.50866872E-04
    482.269608   3.76209281E-02   1.50866872E-04
    483.091990   3.76318917E-02   1.50866872E-04
    483.915773   3.76428775E-02   1.50866872E-04
    484.740962   3.76538783E-02   1.50866872E-04
    485.567557   3.76649015E-02   1.50866872E-04
    486.395563   3.76759432E-02   1.50866872E-04
    487.224980   3.76869515E-02   1.50866872E-04
    488.055811   3.76978442E-02   1.50866872E-04
    488.888059   3.77087556E-02   1.50866872E-04
    489.721727   3.77196856E-02   1.50866872E-04
    490.556816   3.77306342E-02   1.50866872E-04
    491.393329   3.77416015E-02   1.50866872E-04
    492.231268   3.77525873E-02   1.50866872E-04
    493.070637   3.77635919E-02   1.50866872E-04
    493.911436   3.77746150E-02   1.50866872E-04
    494.753670   3.77856605E-02   1.50866872E-04
    495.597339   3.77967209E-02   1.50866872E-04
    496.442447   3.78074571E-02   1.50866872E-04
    497.288997   3.78178954E-02   1.50866872E-04
    498.136990   3.78283560E-02   1.50866872E-04
    498.986429   3.78388315E-02   1.50866872E-04
    499.837316   3.78493257E-02   1.50866872E-04
    500.689655   3.78598385E-02   1.50866872E-04
    501.543446   3.78703699E-02   1.50866872E-04
    502.398694   3.78809161E-02   1.50866872E-04
    503.255400   3.78914811E-02   1.50866872E-04
    504.113567   3.79020646E-02   1.50866872E-04
    504.973198   3.79126668E-02   1.50866872E-04
    505.834294   3.79225463E-02   1.50866872E-04
    506.696859   3.79324183E-02   1.50866872E-04
    507.560894   3.79423052E-02   1.50866872E-04
    508.426403   3.79522108E-02   1.50866872E-04
    509.293388   3.79621349E-02   1.50866872E-04
    510.161851   3.79720740E-02   1.50866872E-04
    511.031795   3.79820280E-02   1.50866872E-04
    511.903223   3.79920006E-02   1.50866872E-04
    512.776136   3.80019918E-02   1.50866872E-04
    513.650539   3.80119979E-02   1.50866872E-04
    514.526432   3.80219668E-02   1.50866872E-04
    515.403818   3.80319096E-02   1.50866872E-04
    516.282701   3.80418710E-02   1.50866872E-04
    517.163083   3.80518474E-02   1.50866872E-04
    518.044966   3.80618423E-02   1.50866872E-04
    518.928353   3.80718559E-02   1.50866872E-04
    519.813246   3.80818844E-02   1.50866872E-04
    520.699648   3.80919315E-02   1.50866872E-04
    521.587561   3.81019935E-02   1.50866872E-04
    522.476989   3.81120741E-02   1.50866872E-04
    523.367933   3.81220877E-02   1.50866858E-04
    524.260397   3.81320044E-02   1.50866822E-04
    525.154382   3.81419361E-02   1.50866788E-04
    526.049892   3.81518863E-02   1.50866753E-04
    526.946929   3.81618552E-02   1.50866717E-04
    527.845495   3.81718390E-02   1.50866683E-04
    528.745594   3.81818414E-02   1.50866647E-04
    529.647228   3.81918587E-02   1.50866612E-04
    530.550399   3.82018946E-02   1.50866577E-04
    531.455110   3.82119454E-02   1.50866542E-04
    532.361365   3.82219329E-02   1.50866520E-04
    533.269164   3.82318199E-02   1.50866520E-04
    534.178511   3.82417217E-02   1.50866520E-04
    535.089410   3.82516384E-02   1.50866520E-04
    536.001861   3.82615738E-02   1.50866520E-04
    536.915868   3.82715277E-02   1.50866520E-04
    537.831434   3.82814966E-02   1.50866520E-04
    538.748561   3.82914841E-02   1.50866520E-04
    539.667253   3.83014865E-02   1.50866520E-04
    540.587510   3.83115076E-02   1.50866520E-04
    541.509337   3.83214317E-02   1.50866520E-04
    542.432736   3.83312814E-02   1.50866520E-04
    543.357709   3.83411497E-02   1.50866520E-04
    544.284260   3.83510329E-02   1.50866520E-04
    545.212391   3.83609347E-02   1.50866520E-04
    546.142104   3.83708514E-02   1.50866520E-04
    547.073403   3.83807831E-02   1.50866520E-04
    548.006290   3.83907333E-02   1.50866520E-04
    548.940768   3.84007022E-02   1.50866520E-04
    549.876839   3.84106860E-02   1.50866520E-04
    550.814506   3.84205990E-02   1.50866520E-04
    551.753773   3.84305120E-02   1.50866520E-04
    552.694641   3.84404436E-02   1.50866520E-04
    553.637113   3.84503901E-02   1.50866520E-04
    554.581193   3.84603590E-02   1.50866520E-04
    555.526882   3.84703390E-02   1.50866520E-04
    556.474184   3.84803377E-02   1.50866520E-04
    557.423101   3.84903550E-02   1.50866520E-04
    558.373637   3.85003872E-02   1.50866520E-04
    559.325793   3.85104008E-02   1.50866520E-04
    560.279573   3.85203660E-02   1.50866520E-04
    561.234980   3.85303423E-02   1.50866520E-04
    562.192015   3.85403372E-02   1.50866520E-04
    563.150683   3.85503508E-02   1.50866520E-04
    564.110985   3.85603793E-02   1.50866520E-04
    565.072925   3.85704264E-02   1.50866520E-04
    566.036506   3.85804921E-02   1.50866520E-04
    567.001729   3.85905728E-02   1.50866520E-04
    567.968598   3.86006720E-02   1.50866520E-04
    568.937116   3.86105776E-02   1.50866520E-04
    569.907286   3.86204980E-02   1.50866520E-04
    570.879110   3.86304297E-02   1.50866520E-04
    571.852591   3.86403836E-02   1.50866520E-04
    572.827732   3.86503488E-02   1.50866520E-04
    573.804536   3.86603363E-02   1.50866520E-04
    574.783006   3.86703387E-02   1.50866520E-04
    575.763144   3.86803560E-02   1.50866520E-04
    576.744953   3.86903919E-02   1.50866520E-04
    577.728437   3.87002826E-02   1.50866520E-04
    578.713598   3.87101360E-02   1.50866520E-04
    579.700439   3.87200043E-02   1.50866520E-04
    580.688962   3.87298875E-02   1.50866520E-04
    581.679171   3.87397930E-02   1.50866520E-04
    582.671069   3.87497097E-02   1.50866520E-04
    583.664658   3.87596451E-02   1.50866520E-04
    584.659942   3.87695991E-02   1.50866520E-04
    585.656922   3.87795679E-02   1.50866520E-04
    586.655603   3.87895554E-02   1.50866520E-04
    587.655987   3.87995578E-02   1.50866520E-04
    588.658076   3.88095789E-02   1.50866520E-04
    589.661875   3.88196185E-02   1.50866520E-04
    590.667385   3.88296731E-02   1.50866520E-04
    591.674610   3.88397463E-02   1.50866520E-04
    592.683552   3.88498344E-02   1.50866520E-04
    593.694215   3.88599411E-02   1.50866520E-04
    594.706601   3.88700627E-02   1.50866520E-04
    595.720713   3.88800465E-02   1.50866520E-04
    596.736555   3.88899781E-02   1.50866520E-04
    597.754129   3.88999283E-02   1.50866520E-04
    598.773438   3.89098935E-02   1.50866520E-04
    599.794486   3.89198773E-02   1.50866520E-04
    600.817274   3.89298797E-02   1.50866520E-04
    601.841807   3.89398970E-02   1.50866520E-04
    602.868087   3.89499329E-02   1.50866520E-04
    603.896117   3.89599837E-02   1.50866520E-04
    604.925899   3.89698483E-02   1.50866520E-04
    605.957438   3.89797054E-02   1.50866520E-04
    606.990736   3.89895774E-02   1.50866520E-04
    608.025796   3.89994681E-02   1.50866520E-04
    609.062621   3.90093774E-02   1.50866520E-04
    610.101213   3.90193015E-02   1.50866520E-04
    611.141577   3.90292406E-02   1.50866520E-04
    612.183715   3.90391983E-02   1.50866520E-04
    613.227630   3.90491486E-02   1.50866520E-04
    614.273325   3.90590243E-02   1.50866520E-04
    615.320804   3.90689187E-02   1.50866520E-04
    616.370068   3.90788279E-02   1.50866520E-04
    617.421122   3.90887558E-02   1.50866520E-04
    618.473968   3.90986986E-02   1.50866520E-04
    619.528609   3.91086601E-02   1.50866520E-04
    620.585049   3.91186364E-02   1.50866520E-04
    621.643291   3.91286314E-02   1.50866520E-04
    622.703336   3.91385630E-02   1.50866520E-04
    623.765190   3.91484760E-02   1.50866520E-04
    624.828854   3.91584039E-02   1.50866520E-04
    625.894332   3.91683467E-02   1.50866520E-04
    626.961627   3.91783081E-02   1.50866520E-04
    628.030741   3.91882882E-02   1.50866520E-04
    629.101679   3.91982831E-02   1.50866520E-04
    630.174443   3.92082967E-02   1.50866520E-04
    631.249037   3.92182954E-02   1.50866520E-04
    632.325463   3.92282233E-02   1.50866520E-04
    633.403724   3.92381698E-02   1.50866520E-04
    634.483824   3.92481275E-02   1.50866520E-04
    635.565766   3.92581075E-02   1.50866520E-04
    636.649553   3.92681025E-02   1.50866520E-04
    637.735188   3.92781124E-02   1.50866520E-04
    638.822674   3.92881446E-02   1.50866520E-04
    639.912015   3.92981879E-02   1.50866520E-04
    641.003213   3.93081419E-02   1.50866520E-04
    642.096272   3.93180996E-02   1.50866520E-04
    643.191195   3.93280759E-02   1.50866520E-04
    644.287985   3.93380672E-02   1.50866520E-04
    645.386645   3.93480808E-02   1.50866520E-04
    646.487179   3.93581055E-02   1.50866520E-04
    647.589589   3.93681489E-02   1.50866520E-04
    648.693880   3.93782109E-02   1.50866520E-04
    649.800053   3.93882021E-02   1.50866520E-04
    650.908112   3.93981747E-02   1.50866520E-04
    652.018062   3.94081622E-02   1.50866520E-04
    653.129903   3.94181684E-02   1.50866520E-04
    654.243641   3.94281931E-02   1.50866520E-04
    655.359278   3.94382328E-02   1.50866520E-04
    656.476818   3.94482911E-02   1.50866520E-04
    657.596263   3.94583680E-02   1.50866520E-04
    658.717617   3.94682996E-02   1.50867270E-04
    659.840883   3.94781604E-02   1.50868441E-04
    660.966064   3.94880362E-02   1.50869599E-04
    662.093164   3.94979268E-02   1.50870771E-04
    663.222187   3.95078398E-02   1.50871956E-04
    664.353134   3.95177640E-02   1.50873128E-04
    665.486010   3.95277105E-02   1.50874299E-04
    666.620818   3.95376682E-02   1.50875485E-04
    667.757561   3.95476483E-02   1.50875880E-04
    668.896242   3.95576432E-02   1.50875880E-04
    670.036865   3.95676568E-02   1.50875880E-04
    671.179433   3.95776853E-02   1.50875880E-04
    672.323950   3.95877324E-02   1.50875880E-04
    673.470418   3.95977944E-02   1.50875880E-04
    674.618841   3.96078788E-02   1.50875880E-04
    675.769222   3.96179743E-02   1.50875880E-04
    676.921565   3.96278836E-02   1.50875880E-04
    678.075873   3.96377593E-02   1.50875880E-04
    679.232150   3.96476537E-02   1.50875880E-04
    680.390398   3.96575630E-02   1.50875880E-04
    681.550621   3.96674871E-02   1.50875880E-04
    682.712823   3.96774299E-02   1.50875880E-04
    683.877006   3.96873914E-02   1.50875880E-04
    685.043175   3.96973640E-02   1.50875880E-04
    686.211333   3.97072285E-02   1.50875880E-04
    687.381482   3.97171080E-02   1.50875880E-04
    688.553626   3.97270061E-02   1.50875880E-04
    689.727770   3.97369228E-02   1.50875880E-04
    690.903916   3.97468545E-02   1.50875880E-04
    692.082067   3.97568047E-02   1.50875880E-04
    693.262227   3.97667699E-02   1.50875880E-04
    694.444400   3.97767499E-02   1.50875862E-04
    695.628588   3.97867523E-02   1.50875816E-04
    696.814796   3.97967696E-02   1.50875770E-04
    698.003027   3.98068018E-02   1.50875724E-04
    699.193284   3.98168527E-02   1.50875676E-04
    700.385570   3.98269221E-02   1.50875630E-04
    701.579890   3.98370065E-02   1.50875583E-04
    702.776246   3.98471095E-02   1.50875537E-04
    703.974642   3.98570113E-02   1.50875528E-04
    705.175082   3.98668833E-02   1.50875528E-04
    706.377569   3.98767702E-02   1.50875528E-04
    707.582106   3.98866758E-02   1.50875528E-04
    708.788698   3.98965962E-02   1.50875528E-04
    709.997347   3.99065353E-02   1.50875528E-04
    711.208057   3.99164893E-02   1.50875528E-04
    712.420831   3.99264134E-02   1.50875528E-04
    713.635674   3.99362668E-02   1.50875528E-04
    714.852588   3.99461389E-02   1.50875528E-04
    716.071577   3.99560258E-02   1.50875528E-04
    717.292645   3.99659276E-02   1.50875528E-04
    718.515795   3.99758480E-02   1.50875528E-04
    719.741031   3.99857871E-02   1.50875528E-04
    720.968356   3.99957411E-02   1.50875528E-04
    722.197774   4.00057137E-02   1.50875528E-04
    723.429289   4.00157012E-02   1.50875528E-04
    724.662903   4.00257073E-02   1.50875528E-04
    725.898621   4.00357321E-02   1.50875528E-04
    727.136447   4.00457717E-02   1.50875528E-04
    728.376383   4.00558300E-02   1.50875528E-04
    729.618433   4.00659032E-02   1.50875528E-04
    730.862602   4.00759019E-02   1.50875528E-04
    732.108892   4.00858708E-02   1.50875528E-04
    733.357307   4.00958583E-02   1.50875528E-04
    734.607851   4.01058644E-02   1.50875528E-04
    735.860528   4.01158854E-02   1.50875528E-04
    737.115340   4.01259251E-02   1.50875528E-04
    738.372293   4.01359797E-02   1.50875528E-04
    739.631389   4.01459113E-02   1.50875528E-04
    740.892631   4.01557200E-02   1.50875528E-04
    742.156025   4.01655473E-02   1.50875528E-04
    743.421573   4.01753895E-02   1.50875528E-04
    744.689279   4.01852503E-02   1.50875528E-04
    745.959147   4.01951261E-02   1.50875528E-04
    747.231180   4.02050205E-02   1.50875528E-04
    748.505382   4.02149297E-02   1.50875528E-04
    749.781757   4.02248576E-02   1.50875528E-04
    751.060309   4.02348042E-02   1.50875528E-04
    752.341041   4.02447656E-02   1.50875528E-04
    753.623956   4.02547419E-02   1.50875528E-04
    754.909060   4.02647369E-02   1.50875528E-04
    756.196355   4.02747504E-02   1.50875528E-04
    757.485844   4.02847789E-02   1.50875528E-04
    758.777533   4.02948260E-02   1.50875528E-04
    760.071425   4.03048880E-02   1.50875528E-04
    761.367523   4.03149687E-02   1.50875528E-04
    762.665831   4.03250679E-02   1.50875528E-04
    763.966353   4.03351821E-02   1.50875528E-04
    765.269092   4.03453149E-02   1.50875528E-04
    766.574053   4.03553359E-02   1.50875528E-04
    767.881240   4.03652154E-02   1.50875528E-04
    769.190655   4.03751060E-02   1.50875528E-04
    770.502303   4.03850190E-02   1.50875528E-04
    771.816188   4.03949432E-02   1.50875528E-04
    773.132313   4.04048897E-02   1.50875528E-04
    774.450683   4.04148512E-02   1.50875528E-04
    775.771301   4.04247418E-02   1.50875528E-04
    777.094171   4.04345915E-02   1.50875528E-04
    778.419296   4.04444560E-02   1.50875528E-04
    779.746682   4.04543355E-02   1.50875528E-04
    781.076330   4.04642373E-02   1.50875528E-04
    782.408246   4.04741503E-02   1.50875528E-04
    783.742434   4.04840820E-02   1.50875528E-04
    785.078896   4.04940322E-02   1.50875528E-04
    786.417637   4.05039974E-02   1.50875528E-04
    787.758662   4.05139811E-02   1.50875528E-04
    789.101973   4.05239798E-02   1.50875528E-04
    790.447574   4.05339971E-02   1.50875528E-04
    791.795471   4.05440331E-02   1.50875528E-04
    793.145665   4.05540690E-02   1.50875528E-04
    794.498162   4.05639857E-02   1.50875528E-04
    795.852966   4.05739211E-02   1.50875528E-04
    797.210079   4.05838750E-02   1.50875528E-04
    798.569507   4.05938439E-02   1.50875528E-04
    799.931253   4.06038314E-02   1.50875528E-04
    801.295321   4.06138338E-02   1.50875528E-04
    802.661716   4.06237803E-02   1.50875528E-04
    804.030440   4.06336635E-02   1.50875528E-04
    805.401498   4.06435654E-02   1.50875528E-04
    806.774894   4.06534858E-02   1.50875528E-04
    808.150632   4.06634212E-02   1.50875528E-04
    809.528716   4.06733751E-02   1.50875528E-04
    810.909150   4.06833440E-02   1.50875528E-04
    812.291938   4.06933315E-02   1.50875528E-04
    813.677084   4.07033339E-02   1.50875528E-04
    815.064592   4.07133549E-02   1.50875528E-04
    816.454466   4.07233909E-02   1.50875528E-04
    817.846710   4.07334454E-02   1.50875528E-04
    819.241328   4.07435186E-02   1.50875528E-04
    820.638324   4.07535359E-02   1.50875528E-04
    822.037703   4.07634899E-02   1.50875528E-04
    823.439467   4.07734588E-02   1.50875528E-04
    824.843622   4.07834426E-02   1.50875528E-04
    826.250172   4.07934450E-02   1.50875528E-04
    827.659120   4.08034623E-02   1.50875528E-04
    829.070470   4.08134907E-02   1.50875528E-04
    830.484228   4.08233888E-02   1.50875528E-04
    831.900396   4.08333018E-02   1.50875528E-04
    833.318978   4.08432335E-02   1.50875528E-04
    834.739980   4.08531800E-02   1.50875528E-04
    836.163405   4.08631451E-02   1.50875528E-04
    837.589258   4.08731252E-02   1.50875528E-04
    839.017541   4.08830121E-02   1.50875528E-04
    840.448261   4.08928655E-02   1.50875528E-04
    841.881420   4.09027413E-02   1.50875528E-04
    843.317022   4.09126282E-02   1.50875528E-04
    844.755073   4.09225374E-02   1.50875528E-04
    846.195576   4.09324579E-02   1.50875528E-04
    847.638536   4.09424007E-02   1.50875528E-04
    849.083956   4.09523584E-02   1.50875528E-04
    850.531841   4.09623310E-02   1.50875528E-04
    851.982195   4.09723222E-02   1.50875528E-04
    853.435022   4.09823321E-02   1.50875528E-04
    854.890326   4.09923568E-02   1.50875528E-04
    856.348112   4.10023592E-02   1.50875528E-04
    857.808384   4.10122573E-02   1.50875528E-04
    859.271146   4.10221703E-02   1.50875528E-04
    860.736402   4.10321020E-02   1.50875528E-04
    862.204157   4.10420485E-02   1.50875528E-04
    863.674415   4.10520136E-02   1.50875528E-04
    865.147180   4.10619974E-02   1.50875528E-04
    866.622456   4.10719961E-02   1.50875528E-04
    868.100248   4.10820134E-02   1.50875528E-04
    869.580560   4.10920456E-02   1.50875528E-04
    871.063397   4.11020964E-02   1.50875528E-04
    872.548762   4.11121659E-02   1.50875528E-04
    874.036659   4.11222465E-02   1.50875528E-04
    875.527094   4.11321819E-02   1.50875528E-04
    877.020071   4.11421359E-02   1.50875528E-04
    878.515593   4.11521047E-02   1.50875528E-04
    880.013666   4.11620922E-02   1.50875528E-04
    881.514293   4.11720946E-02   1.50875528E-04
    883.017479   4.11821157E-02   1.50875528E-04
    884.523228   4.11919877E-02   1.50875528E-04
    886.031545   4.12018746E-02   1.50875528E-04
    887.542434   4.12117802E-02   1.50875528E-04
    889.055900   4.12217006E-02   1.50875528E-04
    890.571946   4.12316397E-02   1.50875528E-04
    892.090578   4.12415937E-02   1.50875528E-04
    893.611799   4.12515663E-02   1.50875528E-04
    895.135614   4.12615575E-02   1.50875528E-04
    896.662027   4.12715636E-02   1.50875528E-04
    898.191044   4.12815847E-02   1.50875528E-04
    899.722668   4.12916243E-02   1.50875528E-04
    901.256903   4.13016528E-02   1.50875528E-04
    902.793755   4.13115583E-02   1.50875528E-04
    904.333228   4.13214825E-02   1.50875528E-04
    905.875325   4.13314179E-02   1.50875528E-04
    907.420052   4.13413756E-02   1.50875528E-04
    908.967414   4.13513482E-02   1.50875528E-04
    910.517414   4.13612798E-02   1.50875528E-04
    912.070057   4.13711108E-02   1.50875528E-04
    913.625348   4.13809605E-02   1.50875528E-04
    915.183291   4.13908288E-02   1.50875528E-04
    916.743890   4.14007120E-02   1.50875528E-04
    918.307151   4.14106101E-02   1.50875528E-04
    919.873077   4.14205268E-02   1.50875528E-04
    921.441674   4.14304622E-02   1.50875528E-04
    923.012945   4.14404124E-02   1.50875528E-04
    924.586896   4.14503813E-02   1.50875528E-04
    926.163531   4.14603688E-02   1.50875528E-04
    927.742854   4.14703712E-02   1.50875528E-04
    929.324871   4.14803885E-02   1.50875528E-04
    930.909585   4.14904281E-02   1.50875528E-04
    932.497002   4.15004790E-02   1.50875528E-04
    934.087125   4.15105522E-02   1.50875528E-04
    935.679960   4.15206403E-02   1.50875528E-04
    937.275511   4.15306836E-02   1.50875528E-04
    938.873783   4.15404513E-02   1.50875528E-04
    940.474780   4.15502340E-02   1.50875528E-04
    942.078508   4.15600352E-02   1.50875528E-04
    943.684970   4.15698513E-02   1.50875528E-04
    945.294171   4.15796861E-02   1.50875528E-04
    946.906117   4.15896364E-02   1.50875528E-04
    948.520811   4.15996835E-02   1.50875528E-04
    950.138259   4.16097492E-02   1.50875528E-04
    951.758465   4.16198298E-02   1.50875528E-04
    953.381433   4.16299291E-02   1.50875528E-04
    955.007169   4.16400433E-02   1.50875528E-04
    956.635678   4.16499935E-02   1.50875528E-04
    958.266963   4.16599624E-02   1.50875528E-04
    959.901030   4.16699499E-02   1.50875528E-04
    961.537884   4.16799523E-02   1.50875528E-04
    963.177529   4.16899733E-02   1.50875528E-04
    964.819970   4.16999198E-02   1.50875528E-04
    966.465211   4.17097919E-02   1.50875528E-04
    968.113258   4.17196788E-02   1.50875528E-04
    969.764116   4.17295843E-02   1.50875528E-04
    971.417788   4.17395085E-02   1.50875528E-04
    973.074280   4.17494476E-02   1.50875528E-04
    974.733598   4.17594016E-02   1.50875528E-04
    976.395744   4.17693742E-02   1.50875528E-04
    978.060725   4.17793654E-02   1.50875528E-04
    979.728545   4.17893715E-02   1.50875528E-04
    981.399209   4.17993926E-02   1.50875528E-04
    983.072722   4.18093167E-02   1.50876645E-04
    984.749089   4.18191887E-02   1.50878389E-04
    986.428314   4.18290757E-02   1.50880133E-04
    988.110403   4.18389812E-02   1.50881877E-04
    989.795360   4.18489054E-02   1.50883634E-04
    991.483191   4.18588445E-02   1.50884887E-04
    993.173899   4.18688022E-02   1.50884887E-04
    994.867491   4.18787748E-02   1.50884887E-04
    996.563970   4.18887660E-02   1.50884887E-04
    998.263343   4.18987758E-02   1.50884887E-04
    999.965613   4.19088006E-02   1.50884887E-04
   1001.670786   4.19157632E-02   1.50884915E-04
   1003.378867   4.19226773E-02   1.50884954E-04
   1005.089860   4.19295989E-02   1.50884982E-04
   1006.803771   4.19365354E-02   1.50885007E-04
   1008.520605   4.19434831E-02   1.50885048E-04
   1010.240366   4.19504456E-02   1.50885074E-04
   1011.963060   4.19574156E-02   1.50885102E-04
   1013.688691   4.19644006E-02   1.50885141E-04
   1015.417265   4.19713967E-02   1.50885168E-04
   1017.148787   4.19784039E-02   1.50885208E-04
   1018.883261   4.19854224E-02   1.50885235E-04
   1020.620693   4.19924520E-02   1.50885261E-04
   1022.361088   4.19994965E-02   1.50885302E-04
   1024.104450   4.20065522E-02   1.50885328E-04
   1025.850786   4.20136191E-02   1.50885369E-04
   1027.600099   4.20207009E-02   1.50885395E-04
   1029.352395   4.20277901E-02   1.50885422E-04
   1031.107680   4.20348942E-02   1.50885462E-04
   1032.865957   4.20420095E-02   1.50885489E-04
   1034.627233   4.20491397E-02   1.50885529E-04
   1036.391512   4.20562774E-02   1.50885556E-04
   1038.158799   4.20634300E-02   1.50885583E-04
   1039.929101   4.20705937E-02   1.50885623E-04
   1041.702421   4.20777723E-02   1.50885650E-04
   1043.478765   4.20849621E-02   1.50885689E-04
   1045.258138   4.20921631E-02   1.50885717E-04
   1047.040545   4.20993753E-02   1.50885756E-04
   1048.825992   4.21066023E-02   1.50885784E-04
   1050.614483   4.21138369E-02   1.50885823E-04
   1052.406024   4.21210900E-02   1.50885850E-04
   1054.200620   4.21283506E-02   1.50885890E-04
   1055.998276   4.21356261E-02   1.50885917E-04
   1057.798998   4.21429127E-02   1.50885943E-04
   1059.602790   4.21502143E-02   1.50885984E-04
   1061.409658   4.21575271E-02   1.50886010E-04
   1063.219608   4.21648510E-02   1.50886051E-04
   1065.032644   4.21721898E-02   1.50886077E-04
   1066.848771   4.21795398E-02   1.50886118E-04
   1068.667995   4.21869010E-02   1.50886144E-04
   1070.490322   4.21942770E-02   1.50886185E-04
   1072.315756   4.22016643E-02   1.50886211E-04
   1074.144302   4.22090627E-02   1.50886251E-04
   1075.975967   4.22164761E-02   1.50886277E-04
   1077.810756   4.22239006E-02   1.50886318E-04
   1079.648673   4.22313400E-02   1.50886358E-04
   1081.489724   4.22387905E-02   1.50886385E-04
   1083.333914   4.22462523E-02   1.50886425E-04
   1085.181249   4.22537290E-02   1.50886452E-04
   1087.031735   4.22612205E-02   1.50886492E-04
   1088.885376   4.22687195E-02   1.50886519E-04
   1090.742178   4.22762372E-02   1.50886558E-04
   1092.602146   4.22837622E-02   1.50886586E-04
   1094.465285   4.22913022E-02   1.50886625E-04
   1096.331602   4.22988571E-02   1.50886652E-04
   1098.201102   4.23064232E-02   1.50886692E-04
   1100.073789   4.23140004E-02   1.50886732E-04
   1101.949670   4.23215926E-02   1.50886759E-04
   1103.828749   4.23291959E-02   1.50886799E-04
   1105.711033   4.23368141E-02   1.50886826E-04
   1107.596526   4.23444435E-02   1.50886865E-04
   1109.485235   4.23520878E-02   1.50886906E-04
   1111.377164   4.23597470E-02   1.50886932E-04
   1113.272320   4.23674136E-02   1.50886973E-04
   1115.170707   4.23750989E-02   1.50886999E-04
   1117.072331   4.23827954E-02   1.50887040E-04
   1118.977198   4.23905030E-02   1.50887080E-04
   1120.885314   4.23982255E-02   1.50887107E-04
   1122.796683   4.24059592E-02   1.50887146E-04
   1124.711311   4.24137078E-02   1.50887174E-04
   1126.629205   4.24214713E-02   1.50887213E-04
   1128.550368   4.24292460E-02   1.50887254E-04
   1130.474808   4.24370319E-02   1.50887280E-04
   1132.402530   4.24448363E-02   1.50887321E-04
   1134.333538   4.24526483E-02   1.50887360E-04
   1136.267840   4.24604788E-02   1.50887388E-04
   1138.205440   4.24683206E-02   1.50887427E-04
   1140.146343   4.24761735E-02   1.50887467E-04
   1142.090557   4.24840413E-02   1.50887494E-04
   1144.038086   4.24919240E-02   1.50887534E-04
   1145.988936   4.24998179E-02   1.50887575E-04
   1147.943113   4.25077267E-02   1.50887601E-04
   1149.900622   4.25156504E-02   1.50887641E-04
   1151.861469   4.25235853E-02   1.50887681E-04
   1153.825659   4.25315350E-02   1.50887722E-04
   1155.793199   4.25394960E-02   1.50887748E-04
   1157.764094   4.25474718E-02   1.50887789E-04
   1159.738350   4.25554626E-02   1.50887828E-04
   1161.715973   4.25634645E-02   1.50887856E-04
   1163.696968   4.25714850E-02   1.50887895E-04
   1165.681341   4.25795130E-02   1.50887935E-04
   1167.669097   4.25875597E-02   1.50887976E-04
   1169.660244   4.25956175E-02   1.50888002E-04
   1171.654785   4.26036902E-02   1.50888043E-04
   1173.652728   4.26117741E-02   1.50888082E-04
   1175.654078   4.26198728E-02   1.50888123E-04
   1177.658840   4.26279865E-02   1.50888149E-04
   1179.667022   4.26361151E-02   1.50888190E-04
   1181.678627   4.26442549E-02   1.50888229E-04
   1183.693663   4.26524095E-02   1.50888269E-04
   1185.712135   4.26605791E-02   1.50888296E-04
   1187.734049   4.26687598E-02   1.50888336E-04
   1189.759410   4.26769592E-02   1.50888377E-04
   1191.788226   4.26851697E-02   1.50888416E-04
   1193.820501   4.26933952E-02   1.50888457E-04
   1195.856241   4.27016318E-02   1.50888483E-04
   1197.895453   4.27098833E-02   1.50888524E-04
   1199.938142   4.27181497E-02   1.50888564E-04
   1201.984315   4.27264310E-02   1.50888603E-04
   1204.033977   4.27347273E-02   1.50888644E-04
   1206.087133   4.27430347E-02   1.50888670E-04
   1208.143791   4.27513607E-02   1.50888711E-04
   1210.203956   4.27596979E-02   1.50888751E-04
   1212.267635   4.27680500E-02   1.50888791E-04
   1214.334832   4.27764133E-02   1.50888831E-04
   1216.405554   4.27847952E-02   1.50888871E-04
   1218.479807   4.27931882E-02   1.50888898E-04
   1220.557597   4.28015999E-02   1.50888937E-04
   1222.638931   4.28100228E-02   1.50888978E-04
   1224.723813   4.28184569E-02   1.50889018E-04
   1226.812251   4.28269096E-02   1.50889059E-04
   1228.904250   4.28353772E-02   1.50889098E-04
   1230.999817   4.28438559E-02   1.50889138E-04
   1233.098957   4.28523533E-02   1.50889179E-04
   1235.201676   4.28608619E-02   1.50889205E-04
   1237.307981   4.28693853E-02   1.50889246E-04
   1239.417878   4.28779274E-02   1.50889285E-04
   1241.531372   4.28864807E-02   1.50889326E-04
   1243.648471   4.28950451E-02   1.50889366E-04
   1245.769180   4.29036282E-02   1.50889405E-04
   1247.893505   4.29122262E-02   1.50889446E-04
   1250.021452   4.29208390E-02   1.50889486E-04
   1252.153028   4.29294668E-02   1.50889527E-04
   1254.288239   4.29381058E-02   1.50889566E-04
   1256.427091   4.29467633E-02   1.50889606E-04
   1258.569591   4.29554321E-02   1.50889647E-04
   1260.715743   4.29641195E-02   1.50889673E-04
   1262.865556   4.29728180E-02   1.50889714E-04
   1265.019034   4.29815352E-02   1.50889753E-04
   1267.176184   4.29902636E-02   1.50889794E-04
   1269.337013   4.29990068E-02   1.50889834E-04
   1271.501527   4.30077687E-02   1.50889873E-04
   1273.669732   4.30165417E-02   1.50889914E-04
   1275.841634   4.30253334E-02   1.50889954E-04
   1278.017239   4.30341363E-02   1.50889995E-04
   1280.196555   4.30429578E-02   1.50890034E-04
   1282.379586   4.30517904E-02   1.50890074E-04
   1284.566341   4.30606417E-02   1.50890115E-04
   1286.756824   4.30695079E-02   1.50890154E-04
   1288.951042   4.30783853E-02   1.50890195E-04
   1291.149002   4.30872813E-02   1.50890235E-04
   1293.350710   4.30961922E-02   1.50890274E-04
   1295.556173   4.31051180E-02   1.50890315E-04
   1297.765396   4.31140587E-02   1.50890355E-04
   1299.978387   4.31230143E-02   1.50890396E-04
   1302.195151   4.31319848E-02   1.50890449E-04
   1304.415696   4.31409702E-02   1.50890488E-04
   1306.640027   4.31499742E-02   1.50890529E-04
   1308.868151   4.31589894E-02   1.50890569E-04
   1311.100074   4.31680232E-02   1.50890608E-04
   1313.335803   4.31770720E-02   1.50890649E-04
   1315.575345   4.31861356E-02   1.50890689E-04
   1317.818706   4.31952141E-02   1.50890730E-04
   1320.065892   4.32043076E-02   1.50890769E-04
   1322.316910   4.32134196E-02   1.50890809E-04
   1324.571767   4.32225429E-02   1.50890850E-04
   1326.830469   4.32316847E-02   1.50890889E-04
   1329.093022   4.32408415E-02   1.50890943E-04
   1331.359433   4.32500131E-02   1.50890983E-04
   1333.629710   4.32591997E-02   1.50891023E-04
   1335.903857   4.32684049E-02   1.50891064E-04
   1338.181883   4.32776250E-02   1.50891104E-04
   1340.463793   4.32868600E-02   1.50891143E-04
   1342.749594   4.32961099E-02   1.50891184E-04
   1345.039293   4.33053747E-02   1.50891224E-04
   1347.332897   4.33146581E-02   1.50891277E-04
   1349.630411   4.33239564E-02   1.50891318E-04
   1351.931844   4.33332697E-02   1.50891357E-04
   1354.237201   4.33425978E-02   1.50891398E-04
   1356.546489   4.33519445E-02   1.50891438E-04
   1358.859715   4.33613062E-02   1.50891477E-04
   1361.176886   4.33706827E-02   1.50891532E-04
   1363.498008   4.33800779E-02   1.50891571E-04
   1365.823088   4.33894880E-02   1.50891611E-04
   1368.152132   4.33989130E-02   1.50891652E-04
   1370.485149   4.34083529E-02   1.50891691E-04
   1372.822143   4.34178114E-02   1.50891745E-04
   1375.163123   4.34272848E-02   1.50891786E-04
   1377.508095   4.34367768E-02   1.50891825E-04
   1379.857065   4.34462838E-02   1.50891866E-04
   1382.210041   4.34558056E-02   1.50891919E-04
   1384.567029   4.34653424E-02   1.50891959E-04
   1386.928037   4.34748977E-02   1.50892000E-04
   1389.293070   4.34844717E-02   1.50892039E-04
   1391.662137   4.34940569E-02   1.50892093E-04
   1394.035243   4.35036607E-02   1.50892133E-04
   1396.412396   4.35132831E-02   1.50892173E-04
   1398.793603   4.35229205E-02   1.50892213E-04
   1401.178870   4.35325727E-02   1.50892267E-04
   1403.568205   4.35422435E-02   1.50892307E-04
   1405.961614   4.35519293E-02   1.50892346E-04
   1408.359104   4.35616300E-02   1.50892387E-04
   1410.760682   4.35713492E-02   1.50892440E-04
   1413.166356   4.35810871E-02   1.50892480E-04
   1415.576132   4.35908362E-02   1.50892521E-04
   1417.990017   4.36006077E-02   1.50892574E-04
   1420.408019   4.36103940E-02   1.50892614E-04
   1422.830143   4.36201952E-02   1.50892654E-04
   1425.256398   4.36300151E-02   1.50892708E-04
   1427.686791   4.36398499E-02   1.50892747E-04
   1430.121327   4.36497033E-02   1.50892788E-04
   1432.560016   4.36595716E-02   1.50892841E-04
   1435.002862   4.36694585E-02   1.50892881E-04
   1437.449875   4.36793603E-02   1.50892922E-04
   1439.901060   4.36892807E-02   1.50892975E-04
   1442.356425   4.36992161E-02   1.50893015E-04
   1444.815976   4.37091701E-02   1.50893069E-04
   1447.279722   4.37191427E-02   1.50893109E-04
   1449.747669   4.37291302E-02   1.50893148E-04
   1452.219825   4.37391363E-02   1.50893203E-04
   1454.696196   4.37491573E-02   1.50893242E-04
   1457.176790   4.37591970E-02   1.50893296E-04
   1459.661614   4.37692516E-02   1.50893337E-04
   1462.150675   4.37793247E-02   1.50893376E-04
   1464.643981   4.37894166E-02   1.50893429E-04
   1467.141538   4.37995233E-02   1.50893470E-04
   1469.643355   4.38096486E-02   1.50893523E-04
   1472.149437   4.38197888E-02   1.50893563E-04
   1474.659793   4.38299477E-02   1.50893616E-04
   1477.174429   4.38401252E-02   1.50893657E-04
   1479.693354   4.38503213E-02   1.50893710E-04
   1482.216574   4.38605323E-02   1.50893750E-04
   1484.744096   4.38707620E-02   1.50893804E-04
   1487.275929   4.38810065E-02   1.50893844E-04
   1489.812079   4.38912697E-02   1.50893884E-04
   1492.352554   4.39015515E-02   1.50893938E-04
   1494.897361   4.39118519E-02   1.50893978E-04
   1497.446507   4.39221673E-02   1.50894031E-04
   1500.000000   4.39325012E-02   1.50894072E-04
